Date,return,daily_variance,daily_downside_variance
1993-02-01,0.007112712297309365,5.059067622429586e-05,0.0
1993-02-02,0.0021184844899335697,4.4879765340890976e-06,0.0
1993-02-03,0.010570657004191908,0.00011173878950027144,0.0
1993-02-04,0.004184174404014307,1.750731544320848e-05,0.0
1993-02-05,-0.0006947012406228747,4.826098137229613e-07,4.826098137229613e-07
1993-02-08,0.0,0.0,0.0
1993-02-09,-0.006948673148817974,4.82840585291039e-05,4.82840585291039e-05
1993-02-10,0.0013987741405863119,1.9565690963729755e-06,0.0
1993-02-11,0.004891707761845998,2.3928804827304382e-05,0.0
1993-02-12,-0.007649019649848876,5.8507501603774224e-05,5.8507501603774224e-05
1993-02-16,-0.02522811529873359,0.0006364578015261958,0.0006364578015261958
1993-02-17,-0.0007189334711502626,5.168653359401655e-07,5.168653359401655e-07
1993-02-18,-0.0007190506579068945,5.170338486363378e-07,5.170338486363378e-07
1993-02-19,0.003599842010492571,1.2958862500507196e-05,0.0
1993-02-22,0.0035867700695935145,1.2864919532131866e-05,0.0
1993-02-23,-0.0007152989958548739,5.116526534709909e-07,5.116526534709909e-07
1993-02-24,0.012876165728626487,0.0001657956438710553,0.0
1993-02-25,0.0021184844899335697,4.4879765340890976e-06,0.0
1993-02-26,0.0014090238344321993,1.985348165998018e-06,0.0
1993-03-01,-0.002815021734866696,7.924347367771904e-06,7.924347367771904e-06
1993-03-02,0.014820034976302798,0.00021963343669883828,0.0
1993-03-03,0.004172459708695175,1.7409420020684627e-05,0.0
1993-03-04,-0.005540522920064794,3.0697394227763316e-05,3.0697394227763316e-05
1993-03-05,-0.0027845339638562505,7.753629395869002e-06,7.753629395869002e-06
1993-03-08,0.022345929634956407,0.000499340571250423,0.0
1993-03-09,-0.0034157286846079327,1.1667202446853439e-05,1.1667202446853439e-05
1993-03-10,0.002056888392232503,4.230789858100812e-06,0.0
1993-03-11,-0.0027359248321272567,7.485284687050558e-06,7.485284687050558e-06
1993-03-12,-0.010288208198666937,0.00010584722793911758,0.00010584722793911758
1993-03-15,0.0048514117857236805,2.353619631465863e-05,0.0
1993-03-16,0.0,0.0,0.0
1993-03-17,-0.00620681207673035,3.8524516155845725e-05,3.8524516155845725e-05
1993-03-18,0.006245577200725938,3.900723457022764e-05,0.0
1993-03-19,-0.0015131232841892883,2.2895420731557777e-06,2.2895420731557777e-06
1993-03-22,-0.005552071118867796,3.0825493708965905e-05,3.0825493708965905e-05
1993-03-23,0.0020928590127227142,4.3800588471346944e-06,0.0
1993-03-24,0.0,0.0,0.0
1993-03-25,0.006267853879216023,3.928599225120335e-05,0.0
1993-03-26,-0.005536092457876451,3.064831970215653e-05,3.064831970215653e-05
1993-03-29,0.004174913942806002,1.742990642983596e-05,0.0
1993-03-30,0.0027719600317974713,7.683762417882638e-06,0.0
1993-03-31,-0.0006906918921308902,4.770552898553493e-07,4.770552898553493e-07
1993-04-01,-0.003457377384243121,1.1953458377075805e-05,1.1953458377075805e-05
1993-04-02,-0.02081907605541633,0.00043343392780120955,0.00043343392780120955
1993-04-05,0.00496054891521891,2.46070455402795e-05,0.0
1993-04-06,-0.0028211428969765473,7.958847245161226e-06,7.958847245161226e-06
1993-04-07,0.0035367184554013775,1.2508377432776706e-05,0.0
1993-04-08,-0.001410122899188293,1.988446590815197e-06,1.988446590815197e-06
1993-04-12,0.014114970323886311,0.00019923238724419123,0.0
1993-04-13,0.0020871873686649778,4.3563511119146335e-06,0.0
1993-04-14,-0.0013884063229293586,1.9276721175502226e-06,1.9276721175502226e-06
1993-04-15,0.0,0.0,0.0
1993-04-16,0.0,0.0,0.0
1993-04-19,-0.00417293442016986,1.741338167503837e-05,1.741338167503837e-05
1993-04-20,-0.004888038366571479,2.389291907307477e-05,2.389291907307477e-05
1993-04-21,-0.0007022094975233095,4.930981784119389e-07,4.930981784119389e-07
1993-04-22,-0.012640335568638639,0.0001597780832877911,0.0001597780832877911
1993-04-23,-0.004267360142868881,1.821036258894592e-05,1.821036258894592e-05
1993-04-26,-0.007856547948203452,6.172534566241987e-05,6.172534566241987e-05
1993-04-27,0.01079880456720228,0.00011661418008062883,0.0
1993-04-28,-0.0021364822617335744,4.564556454702209e-06,4.564556454702209e-06
1993-04-29,0.004282271199711474,1.8337846627878346e-05,0.0
1993-04-30,0.0014217567648897589,2.021392298509793e-06,0.0
1993-05-03,0.006387250888848728,4.0796973917098864e-05,0.0
1993-05-04,0.003526350559712732,1.2435148269986299e-05,0.0
1993-05-05,0.0028098293465446122,7.895140956703322e-06,0.0
1993-05-06,-0.003503415024868284,1.2273916836472838e-05,1.2273916836472838e-05
1993-05-07,-0.0021088943623894796,4.447435431718129e-06,4.447435431718129e-06
1993-05-10,0.002113351196814106,4.466253281075615e-06,0.0
1993-05-11,0.004219501247884505,1.7804190780898896e-05,0.0
1993-05-12,-0.0013999188264122164,1.9597727205433572e-06,1.9597727205433572e-06
1993-05-13,-0.011921502717445298,0.00014212222704205563,0.00014212222704205563
1993-05-14,-0.0007102619217512762,5.04471997489816e-07,5.04471997489816e-07
1993-05-17,0.0035510822035040857,1.2610184816043432e-05,0.0
1993-05-18,-0.0007073899769654002,5.004005795111094e-07,5.004005795111094e-07
1993-05-19,0.020538943946185828,0.0004218482184245635,0.0
1993-05-20,0.0027752674043772796,7.702109165799003e-06,0.0
1993-05-21,-0.008996782218074095,8.094209027945424e-05,8.094209027945424e-05
1993-05-24,0.004190420771241099,1.7559626240048847e-05,0.0
1993-05-25,0.0020865826737663795,4.353827254462054e-06,0.0
1993-05-26,0.01249112300812616,0.0001560281540041387,0.0
1993-05-27,-0.0034274810127477018,1.1747626092746012e-05,1.1747626092746012e-05
1993-05-28,-0.004814458983346093,2.3179015302321892e-05,2.3179015302321892e-05
1993-06-01,0.009675117780600262,9.360790406848734e-05,0.0
1993-06-02,-0.001368222566830557,1.872032992384398e-06,1.872032992384398e-06
1993-06-03,-0.0034274810127477018,1.1747626092746012e-05,1.1747626092746012e-05
1993-06-04,-0.0034381271106699307,1.1820718029123565e-05,1.1820718029123565e-05
1993-06-07,-0.0034507525240865533,1.1907692982489719e-05,1.1907692982489719e-05
1993-06-08,-0.00900331506213825,8.105968210812549e-05,8.105968210812549e-05
1993-06-09,0.00349369636339536,1.2205914279601964e-05,0.0
1993-06-10,0.0006970620027517693,4.858954356803077e-07,0.0
1993-06-11,0.004174913942806002,1.742990642983596e-05,0.0
1993-06-14,-0.0013852129249003475,1.9188148473109758e-06,1.9188148473109758e-06
1993-06-15,-0.0020822379122159562,4.335714723069464e-06,4.335714723069464e-06
1993-06-16,0.0020865826737663795,4.353827254462054e-06,0.0
1993-06-17,0.003469372313617658,1.2036544250496741e-05,0.0
1993-06-18,-0.008235547182694813,6.782423739839248e-05,6.782423739839248e-05
1993-06-21,0.002107166635818114,4.440151231105029e-06,0.0
1993-06-22,0.0007003727773196022,4.905220272103731e-07,0.0
1993-06-23,-0.009103322852925588,8.287048696459728e-05,8.287048696459728e-05
1993-06-24,0.013427858380521185,0.00018030738068733302,0.0
1993-06-25,-0.0006976436170895717,4.867066164658209e-07,4.867066164658209e-07
1993-06-28,0.011165565268774102,0.0001246698477712545,0.0
1993-06-29,-0.004830979803382318,2.333836586068786e-05,2.333836586068786e-05
1993-06-30,0.0,0.0,0.0
1993-07-01,-0.0027741786137779334,7.696066981142857e-06,7.696066981142857e-06
1993-07-02,-0.005562722103210294,3.094387719754435e-05,3.094387719754435e-05
1993-07-06,-0.01048992785378744,0.00011003858637766556,0.00011003858637766556
1993-07-07,0.0028273468186463813,7.993890032909813e-06,0.0
1993-07-08,0.011275178140626618,0.00012712964210286434,0.0
1993-07-09,0.002786868621261096,7.766636712169723e-06,0.0
1993-07-12,-0.0006946090349432277,4.824817114247621e-07,4.824817114247621e-07
1993-07-13,-0.0006953975884883556,4.835778060754204e-07,4.835778060754204e-07
1993-07-14,0.0034797134632571503,1.210840578637307e-05,0.0
1993-07-15,-0.004160963032370235,1.7313613356751702e-05,1.7313613356751702e-05
1993-07-16,-0.0027860762624082325,7.762220939954626e-06,7.762220939954626e-06
1993-07-19,-0.000697851007274819,4.869960283544794e-07,4.869960283544794e-07
1993-07-20,0.0027954271895866967,7.814413172280577e-06,0.0
1993-07-21,-0.0006966980068432438,4.853881127393486e-07,4.853881127393486e-07
1993-07-22,-0.006974136752252003,4.863858343911211e-05,4.863858343911211e-05
1993-07-23,0.004916027479922924,2.4167326183357337e-05,0.0
1993-07-26,0.005590086299165575,3.1249064832118676e-05,0.0
1993-07-27,-0.0006946090349432277,4.824817114247621e-07,4.824817114247621e-07
1993-07-28,-0.0020859634631168467,4.351243569458428e-06,4.351243569458428e-06
1993-07-29,0.005574732963068207,3.1077647609519234e-05,0.0
1993-07-30,-0.005543827604579499,3.073402450929766e-05,3.073402450929766e-05
1993-08-02,0.002786868621261096,7.766636712169723e-06,0.0
1993-08-03,0.0006955256072349592,4.837558703195587e-07,0.0
1993-08-04,0.0,0.0,0.0
1993-08-05,-0.002083600004060493,4.341388976920886e-06,4.341388976920886e-06
1993-08-06,0.0013914570563935413,1.936152739787379e-06,0.0
1993-08-09,0.005559392853348388,3.0906848897861136e-05,0.0
1993-08-10,-0.0006909206974043958,4.773714101017766e-07,4.773714101017766e-07
1993-08-11,0.0,0.0,0.0
1993-08-12,-0.0027658216292467674,7.649769284809243e-06,7.649769284809243e-06
1993-08-13,0.0013869368627403844,1.92359386122814e-06,0.0
1993-08-16,0.005540292081866571,3.069483635239343e-05,0.0
1993-08-17,0.003443234955840646,1.1855866961122937e-05,0.0
1993-08-18,0.005490784608271682,3.0148715614433203e-05,0.0
1993-08-19,0.0,0.0,0.0
1993-08-20,0.0006821311571958422,4.6530291561733874e-07,0.0
1993-08-23,-0.0020458982057678377,4.185699468364057e-06,4.185699468364057e-06
1993-08-24,0.010935930177251585,0.00011959456884172188,0.0
1993-08-25,0.0006762690430117679,4.5733981853605244e-07,0.0
1993-08-26,0.000675960542381393,4.56922654856547e-07,0.0
1993-08-27,-0.0006755039283795616,4.563055572562199e-07,4.563055572562199e-07
1993-08-30,0.004054500748331913,1.643897631822404e-05,0.0
1993-08-31,0.002691740265703624,7.245465658010215e-06,0.0
1993-09-01,-0.0013421833586966248,1.8014561683621524e-06,1.8014561683621524e-06
1993-09-02,-0.0033600788886160027,1.1290130137722952e-05,1.1290130137722952e-05
1993-09-03,0.0006733327473322781,4.5337698863003346e-07,0.0
1993-09-07,-0.006738202997243814,4.540337963206552e-05,4.540337963206552e-05
1993-09-08,-0.003391919911079788,1.1505120683179518e-05,1.1505120683179518e-05
1993-09-09,0.0020425424045089624,4.171979474217254e-06,0.0
1993-09-10,0.008831357539160978,7.799287598449544e-05,0.0
1993-09-13,0.0006734622777857524,4.5355143960037395e-07,0.0
1993-09-14,-0.004038128154706722,1.630647899383511e-05,1.630647899383511e-05
1993-09-15,0.0027023568683999244,7.302732644188246e-06,0.0
1993-09-16,-0.004041499752141742,1.633372024656176e-05,1.633372024656176e-05
1993-09-17,-0.0019405665338798617,3.7657984724145e-06,3.7657984724145e-06
1993-09-20,-0.008184630529641912,6.698817690674644e-05,6.698817690674644e-05
1993-09-21,-0.0034385425225429422,1.182357467933598e-05,1.182357467933598e-05
1993-09-22,0.008280871006299595,6.857282462297327e-05,0.0
1993-09-23,0.005475714418902822,2.9983448397380265e-05,0.0
1993-09-24,-0.0027230586653659294,7.415048495024477e-06,7.415048495024477e-06
1993-09-27,0.010921677598907165,0.00011928304157447057,0.0
1993-09-28,-0.002025764365384264,4.10372126406071e-06,4.10372126406071e-06
1993-09-29,-0.003382117325319678,1.1438717602227531e-05,1.1438717602227531e-05
1993-09-30,-0.002036987462467832,4.149317922251137e-06,4.149317922251137e-06
1993-10-01,0.004761607179148308,2.267290292851671e-05,0.0
1993-10-04,0.0013544133916090217,1.8344356353698533e-06,0.0
1993-10-05,-0.0013525814371971867,1.8294765442504071e-06,1.8294765442504071e-06
1993-10-06,-0.0006773546059706259,4.588092622296219e-07,4.588092622296219e-07
1993-10-07,-0.002709552785030711,7.341676294867683e-06,7.341676294867683e-06
1993-10-08,0.0013584943071540678,1.8455067825700108e-06,0.0
1993-10-11,0.0020353104313419745,4.1424885519294546e-06,0.0
1993-10-12,0.0013544133916090217,1.8344356353698533e-06,0.0
1993-10-13,0.0,0.0,0.0
1993-10-14,0.012845904755785398,0.0001650172689947099,0.0
1993-10-15,0.005340685836463521,2.8522925203802062e-05,0.0
1993-10-18,-0.0026560846860180787,7.054785859299756e-06,7.054785859299756e-06
1993-10-19,-0.007323248869812171,5.3629974009205244e-05,5.3629974009205244e-05
1993-10-20,0.0013415490759927096,1.7997539232968928e-06,0.0
1993-10-21,-0.0013397517332928155,1.7949347068611035e-06,1.7949347068611035e-06
1993-10-22,-0.004694908941404119,2.2042169968076346e-05,2.2042169968076346e-05
1993-10-25,0.002695533655085791,7.2659016857001645e-06,0.0
1993-10-26,-0.0006716864277058754,4.5116265716428016e-07,4.5116265716428016e-07
1993-10-27,0.0006721378936065392,4.517693480218354e-07,0.0
1993-10-28,0.007392588164165659,5.4650359764962186e-05,0.0
1993-10-29,0.0,0.0,0.0
1993-11-01,0.00266863259286354,7.1215999156935814e-06,0.0
1993-11-02,-0.0006660002303819912,4.4355630686886536e-07,4.4355630686886536e-07
1993-11-03,-0.012649710837883243,0.00016001518428206078,0.00016001518428206078
1993-11-04,-0.010789038533069562,0.0001164033524680598,0.0001164033524680598
1993-11-05,0.004771718841107608,2.2769300698581335e-05,0.0
1993-11-08,0.001356577198476261,1.8403016954257006e-06,0.0
1993-11-09,0.0006778137262200001,4.594314474522413e-07,0.0
1993-11-10,0.007447794552187581,5.546964369159501e-05,0.0
1993-11-11,-0.0026882872862311613,7.226888533312102e-06,7.226888533312102e-06
1993-11-12,0.00471705508550202,2.225060867966047e-05,0.0
1993-11-15,-0.0006705547560376113,4.4964368084466036e-07,4.4964368084466036e-07
1993-11-16,0.004697912627754208,2.207038305801245e-05,0.0
1993-11-17,-0.005344615201861025,2.8564911655963963e-05,2.8564911655963963e-05
1993-11-18,-0.002686263326138083,7.216010657354437e-06,7.216010657354437e-06
1993-11-19,-0.0020196459613663897,4.078969809263569e-06,4.078969809263569e-06
1993-11-22,-0.0060725999631472405,3.687647031241587e-05,3.687647031241587e-05
1993-11-23,0.005430359856167355,2.9488808167473935e-05,0.0
1993-11-24,0.004052045018198669,1.641906882950865e-05,0.0
1993-11-26,0.0006721378936065392,4.517693480218354e-07,0.0
1993-11-29,-0.004032174000112132,1.6258427167180272e-05,1.6258427167180272e-05
1993-11-30,0.0006744057490326583,4.548231143283008e-07,0.0
1993-12-01,0.001348418056000611,1.8182312537484667e-06,0.0
1993-12-02,0.0026934987731113136,7.254935640752151e-06,0.0
1993-12-03,0.004029761784680064,1.6238980041267852e-05,0.0
1993-12-06,0.003344534876575933,1.1185913540632792e-05,0.0
1993-12-07,-0.0006662403233490544,4.438761684562525e-07,4.438761684562525e-07
1993-12-08,0.0,0.0,0.0
1993-12-09,-0.00333575430625066,1.1127256791669822e-05,1.1127256791669822e-05
1993-12-10,-0.0020079904332387377,4.032025579978294e-06,4.032025579978294e-06
1993-12-13,0.006035945192826464,3.64326343708049e-05,0.0
1993-12-14,-0.007333595392229775,5.3781621376933786e-05,5.3781621376933786e-05
1993-12-15,-0.0013422513539338432,1.8016386971372351e-06,1.8016386971372351e-06
1993-12-16,0.0033617913334320626,1.1301640969538926e-05,0.0
1993-12-17,0.005496358712685723,3.0209959098516256e-05,0.0
1993-12-20,0.0013419864311634555,1.800927581426828e-06,0.0
1993-12-21,-0.003351015146355607,1.1229302511104691e-05,1.1229302511104691e-05
1993-12-22,0.006724783284733471,4.522271022663069e-05,0.0
1993-12-23,-0.0006685442917296891,4.4695147000435163e-07,4.4695147000435163e-07
1993-12-27,0.005347726211966108,2.8598175638149383e-05,0.0
1993-12-28,0.001995216961450552,3.9808907232599745e-06,0.0
1993-12-29,-0.0013275679884562352,1.7624367639737348e-06,1.7624367639737348e-06
1993-12-30,-0.003986268246968239,1.5890334536787234e-05,1.5890334536787234e-05
1993-12-31,-0.005337164728219546,2.8485327336150816e-05,2.8485327336150816e-05
1994-01-03,-0.0026824648756887948,7.195617809304101e-06,7.195617809304101e-06
1994-01-04,0.004034738645941172,1.6279115941051198e-05,0.0
1994-01-05,0.0020088991485540664,4.035675789061253e-06,0.0
1994-01-06,0.0,0.0,0.0
1994-01-07,0.006016282637722359,3.619565677695951e-05,0.0
1994-01-10,0.011960030198149951,0.00014304232234065877,0.0
1994-01-11,-0.001969613529058112,3.87937745384875e-06,3.87937745384875e-06
1994-01-12,-0.0032888583152929085,1.0816589018071308e-05,1.0816589018071308e-05
1994-01-13,-0.0026408999124784005,6.9743523477284235e-06,6.9743523477284235e-06
1994-01-14,0.0039706544069546545,1.576609641946842e-05,0.0
1994-01-17,0.0,0.0,0.0
1994-01-18,0.0013186029502578744,1.7387137404287705e-06,0.0
1994-01-19,-0.002632661732357322,6.930907797018656e-06,6.930907797018656e-06
1994-01-20,0.0026396109350543817,6.967545888458668e-06,0.0
1994-01-21,-0.001974442733268633,3.898424106957311e-06,3.898424106957311e-06
1994-01-24,-0.003957985866953284,1.566565212300194e-05,1.566565212300194e-05
1994-01-25,0.0,0.0,0.0
1994-01-26,0.002648711431274098,7.01567224616208e-06,0.0
1994-01-27,0.009246716595491922,8.550176779734571e-05,0.0
1994-01-28,0.002618149916932655,6.854708987534468e-06,0.0
1994-01-31,0.0071803851897507265,5.1557931473191576e-05,0.0
1994-02-01,-0.005184479060292735,2.6878823126613838e-05,2.6878823126613838e-05
1994-02-02,0.006514001399542835,4.243221423324601e-05,0.0
1994-02-03,-0.004530838371518686,2.05284963488261e-05,2.05284963488261e-05
1994-02-04,-0.02275596127096957,0.0005178337733658671,0.0005178337733658671
1994-02-07,0.004657011849618531,2.168775936748741e-05,0.0
1994-02-08,0.0006619263933251851,4.3814655018048765e-07,0.0
1994-02-09,0.0039706544069546545,1.576609641946842e-05,0.0
1994-02-10,-0.008569488866501329,7.343613943309023e-05,7.343613943309023e-05
1994-02-11,0.0033244959985296862,1.1052273644239896e-05,0.0
1994-02-14,0.0013255215489096361,1.757007376623801e-06,0.0
1994-02-15,0.0052944930738281215,2.803165690881395e-05,0.0
1994-02-16,-0.000658147577756174,4.3315823410631915e-07,4.3315823410631915e-07
1994-02-17,-0.005929158837306825,3.515492451801362e-05,3.515492451801362e-05
1994-02-18,-0.005964235865620893,3.55721094607586e-05,3.55721094607586e-05
1994-02-22,0.010000807158307978,0.0001000161438176641,0.0
1994-02-23,-0.0026408999124784005,6.9743523477284235e-06,6.9743523477284235e-06
1994-02-24,-0.013236160885097936,0.00017519595497619657,0.00017519595497619657
1994-02-25,0.004694495438878343,2.203828742564957e-05,0.0
1994-02-28,0.0,0.0,0.0
1994-03-01,-0.004004896345904285,1.6039194741437498e-05,1.6039194741437498e-05
1994-03-02,0.0013407696275069547,1.797663194045138e-06,0.0
1994-03-03,-0.0026773678112275157,7.168298396597218e-06,7.168298396597218e-06
1994-03-04,0.002684555353317908,7.206837445027837e-06,0.0
1994-03-07,0.005354154691006974,2.866697245523198e-05,0.0
1994-03-08,-0.003994880358721642,1.5959069080499954e-05,1.5959069080499954e-05
1994-03-09,0.004680112538518744,2.1903453373200358e-05,0.0
1994-03-10,-0.007984583167195414,6.375356835386034e-05,6.375356835386034e-05
1994-03-11,0.005365802902207895,2.8791840785342664e-05,0.0
1994-03-14,0.0013341464336080744,1.779946706309144e-06,0.0
1994-03-15,-0.0006666903737831964,4.444760544951781e-07,4.444760544951781e-07
1994-03-16,0.00799983567529794,6.399737083176963e-05,0.0
1994-03-17,0.0,0.0,0.0
1994-03-18,-0.000216906323160182,4.7048353026869303e-08,4.7048353026869303e-08
1994-03-21,-0.0026622899928224752,7.087788005882695e-06,7.087788005882695e-06
1994-03-22,0.002669396700946347,7.125678747023241e-06,0.0
1994-03-23,-0.0006666490118429902,4.444209049912353e-07,4.444209049912353e-07
1994-03-24,-0.01198348531876725,0.00014360392038511024,0.00014360392038511024
1994-03-25,-0.009434124780168807,8.900271036779513e-05,8.900271036779513e-05
1994-03-28,0.001360735601455998,1.8516013770698165e-06,0.0
1994-03-29,-0.019701509555550167,0.00038814947876743457,0.00038814947876743457
1994-03-30,-0.013859799032876596,0.00019209402923172703,0.00019209402923172703
1994-03-31,0.002811130819726726,7.902456485617454e-06,0.0
1994-04-04,-0.01541693296349711,0.00023768182200096377,0.00023768182200096377
1994-04-05,0.02064070545621499,0.00042603872173022333,0.0
1994-04-06,0.0,0.0,0.0
1994-04-07,0.00488183477554327,2.383231077570361e-05,0.0
1994-04-08,-0.007633982634435599,5.827769086286428e-05,5.827769086286428e-05
1994-04-11,0.004195412586116998,1.7601486767748914e-05,0.0
1994-04-12,-0.0013923527862604868,1.9386462814073407e-06,1.9386462814073407e-06
1994-04-13,-0.005230558751189052,2.7358744849640372e-05,2.7358744849640372e-05
1994-04-14,0.00035078443687619476,1.2304972115454908e-07,0.0
1994-04-15,0.0,0.0,0.0
1994-04-18,-0.006657427064274302,4.4321335116131945e-05,4.4321335116131945e-05
1994-04-19,0.0014107526763893485,1.99022311393971e-06,0.0
1994-04-20,-0.0010564789561747778,1.1161477848401482e-06,1.1161477848401482e-06
1994-04-21,0.01339883132681896,0.00017952868092454516,0.0
1994-04-22,-0.0010435380247706405,1.08897160914221e-06,1.08897160914221e-06
1994-04-25,0.010449587600319665,0.0001091938810167545,0.0
1994-04-26,-0.001033601992511568,1.0683330789238835e-06,1.0683330789238835e-06
1994-04-28,-0.007247538756443905,5.252681802615647e-05,5.252681802615647e-05
1994-04-29,0.0031283246744948645,9.7864152690534e-06,0.0
1994-05-02,0.006236988054145076,3.8900019987548384e-05,0.0
1994-05-03,-0.0010324605508026385,1.0659747889636877e-06,1.0659747889636877e-06
1994-05-04,-0.0017238598308086939,2.971692716275779e-06,2.971692716275779e-06
1994-05-05,-0.0013810372611138266,1.9072639165847798e-06,1.9072639165847798e-06
1994-05-06,-0.009682122071587584,9.374348780912346e-05,9.374348780912346e-05
1994-05-09,-0.00872914864493124,7.61980360653049e-05,7.61980360653049e-05
1994-05-10,0.007749006801116565,6.0047106403750776e-05,0.0
1994-05-11,-0.00908735408950534,8.258000434804941e-05,8.258000434804941e-05
1994-05-12,0.004938052898012746,2.4384366423572076e-05,0.0
1994-05-13,0.0,0.0,0.0
1994-05-16,0.00035142840007917897,1.2350192038221149e-07,0.0
1994-05-17,0.014736791906891034,0.00021717303570700908,0.0
1994-05-18,0.007261237219637007,5.272556595984177e-05,0.0
1994-05-19,0.0048059031447549305,2.3096705036765332e-05,0.0
1994-05-20,-0.0037582009339560685,1.4124074259988265e-05,1.4124074259988265e-05
1994-05-23,-0.0017145492618301228,2.939679171242219e-06,2.939679171242219e-06
1994-05-24,0.004122356124583781,1.6993820017893413e-05,0.0
1994-05-25,0.002736930112519298,7.490786440814897e-06,0.0
1994-05-26,0.0006824569480587961,4.657474859537263e-07,0.0
1994-05-27,0.0010227666156914506,1.0460515501729434e-06,0.0
1994-05-31,-0.0013631037764976206,1.8580519055020751e-06,1.8580519055020751e-06
1994-06-01,0.004434460262216389,1.9664437817176244e-05,0.0
1994-06-02,-0.0010183062916767627,1.03694770366848e-06,1.03694770366848e-06
1994-06-03,0.00577816645325524,3.338720756152424e-05,0.0
1994-06-06,-0.00033792660773590555,1.1419439221589658e-07,1.1419439221589658e-07
1994-06-07,-0.0013523821595828878,1.8289375055580752e-06,1.8289375055580752e-06
1994-06-08,-0.00812506235020427,6.601663819470695e-05,6.601663819470695e-05
1994-06-09,0.005461595252328477,2.9829022700256963e-05,0.0
1994-06-10,0.0016968688624710015,2.8793639364236308e-06,0.0
1994-06-13,0.0013552978482498368,1.8368322574706377e-06,0.0
1994-06-14,0.007783272960786736,6.057933798211392e-05,0.0
1994-06-15,-0.004029103897099318,1.623367821362091e-05,1.623367821362091e-05
1994-06-16,0.0020231380365660634,4.093087515000386e-06,0.0
1994-06-17,-0.0055819943571037145,3.115866100273771e-05,3.115866100273771e-05
1994-06-20,-0.008515799278214442,7.251883734683762e-05,7.251883734683762e-05
1994-06-21,-0.008587542137243886,7.37458799589393e-05,7.37458799589393e-05
1994-06-22,0.003811731971727239,1.4529300624287626e-05,0.0
1994-06-23,-0.005868442315696276,3.443861521265467e-05,3.443861521265467e-05
1994-06-24,-0.0208330666777794,0.0004340166672008024,0.0004340166672008024
1994-06-27,0.017376363646312676,0.00030193801356889673,0.0
1994-06-28,-0.004880350292797098,2.3817818980404716e-05,2.3817818980404716e-05
1994-06-29,0.0031530441367626505,9.941687328373328e-06,0.0
1994-06-30,-0.006285593914429843,3.950869085711748e-05,3.950869085711748e-05
1994-07-01,0.002108450837227993,4.445564933007425e-06,0.0
1994-07-05,0.005259322676970379,2.7660475020494876e-05,0.0
1994-07-06,-0.001395188379211043,1.9465506134855375e-06,1.9465506134855375e-06
1994-07-07,0.004191412948271189,1.7567942502935384e-05,0.0
1994-07-08,-0.0003474538032176566,1.2072414537041406e-07,1.2072414537041406e-07
1994-07-11,-0.003479250521548294,1.2105184191694075e-05,1.2105184191694075e-05
1994-07-12,0.0013965741541364096,1.950419368001828e-06,0.0
1994-07-13,0.001742479755386439,3.0362356979315847e-06,0.0
1994-07-14,0.010790654748281892,0.00011643822989661853,0.0
1994-07-15,0.00034361499356960756,1.1807126380584144e-07,0.0
1994-07-18,0.001721247345478627,2.96269242431722e-06,0.0
1994-07-19,-0.002061196479372862,4.2485309265790815e-06,4.2485309265790815e-06
1994-07-20,-0.004477179381417784,2.004513521339253e-05,2.004513521339253e-05
1994-07-21,0.0020759288990459535,4.309480793894144e-06,0.0
1994-07-22,0.0017262953059120623,2.9800954832140205e-06,0.0
1994-07-25,0.0013779916150697957,1.8988608912026641e-06,0.0
1994-07-26,-0.0010322743370272391,1.0655903068850262e-06,1.0655903068850262e-06
1994-07-27,0.0,0.0,0.0
1994-07-28,0.002066829708691209,4.271785044728588e-06,0.0
1994-07-29,0.009968998876403568,9.938093859773559e-05,0.0
1994-08-01,0.00476434950905591,2.2699026244441286e-05,0.0
1994-08-02,0.0013560326136079492,1.8388244491684058e-06,0.0
1994-08-03,0.00033836781429696927,1.1449277775210828e-07,0.0
1994-08-04,-0.005749509869648839,3.305686374118941e-05,3.305686374118941e-05
1994-08-05,-0.0034020210785490335,1.1573747418891929e-05,1.1573747418891929e-05
1994-08-08,0.0023898878187111894,5.711563786024127e-06,0.0
1994-08-09,0.0017026383341653961,2.898977296969515e-06,0.0
1994-08-10,0.0037384467034045077,1.397598375419603e-05,0.0
1994-08-11,-0.003724522773520089,1.3872069890469778e-05,1.3872069890469778e-05
1994-08-12,0.007817381333146578,6.111145090782856e-05,0.0
1994-08-15,-0.0003371963091859387,1.1370135092861915e-07,1.1370135092861915e-07
1994-08-16,0.007085463303486472,5.020379022505343e-05,0.0
1994-08-17,-0.0006701609233430439,4.4911566317600114e-07,4.4911566317600114e-07
1994-08-18,-0.0033521895492266696,1.1237174773944502e-05,1.1237174773944502e-05
1994-08-19,-0.0006727217390188889,4.52554538148598e-07,4.52554538148598e-07
1994-08-22,-0.001010771803477306,1.021659638704766e-06,1.021659638704766e-06
1994-08-23,0.0057287844847391245,3.281897167258772e-05,0.0
1994-08-24,0.010719702860382485,0.00011491202941489244,0.0
1994-08-25,-0.0026519996516377597,7.033102152286799e-06,7.033102152286799e-06
1994-08-26,0.01429119964581127,0.00020423838731643617,0.0
1994-08-29,-0.0006555193500393797,4.297056182760508e-07,4.297056182760508e-07
1994-08-30,0.002623375743660894,6.882100292428348e-06,0.0
1994-08-31,-0.0026165116504640595,6.8461332170141566e-06,6.8461332170141566e-06
1994-09-01,-0.0032789034747536805,1.075120799675176e-05,1.075120799675176e-05
1994-09-02,-0.004275758129280716,1.8282107580110126e-05,1.8282107580110126e-05
1994-09-06,0.0003298647851748271,1.0881077649843483e-07,0.0
1994-09-07,-0.000990683596453934,9.814539882829012e-07,9.814539882829012e-07
1994-09-08,0.004958542663991761,2.4587145350626507e-05,0.0
1994-09-09,-0.010526401872337776,0.00011080513637795624,0.00011080513637795624
1994-09-12,-0.002992310962083855,8.953924893807206e-06,8.953924893807206e-06
1994-09-13,0.003001291760318603,9.007752230556338e-06,0.0
1994-09-14,0.0009972707399465985,9.945489287536361e-07,0.0
1994-09-15,0.012620697268754144,0.00015928199954953832,0.0
1994-09-16,-0.0071170127257961235,5.0651870139143966e-05,5.0651870139143966e-05
1994-09-19,0.0009972840345919831,9.945754456520637e-07,0.0
1994-09-20,-0.018923931346415124,0.0003581151776038329,0.0003581151776038329
1994-09-21,0.0,0.0,0.0
1994-09-22,-0.00236910981837557,5.6126813315235254e-06,5.6126813315235254e-06
1994-09-23,-0.003392727501592918,1.1510599900064925e-05,1.1510599900064925e-05
1994-09-26,0.005105618369872333,2.6067338938777824e-05,0.0
1994-09-27,-0.0006767188377142519,4.57948385317328e-07,4.57948385317328e-07
1994-09-28,0.0077937085115336036,6.074189236275134e-05,0.0
1994-09-29,-0.005043455140668396,2.543643975593447e-05,2.543643975593447e-05
1994-09-30,-0.0013516284188820338,1.8268993827295466e-06,1.8268993827295466e-06
1994-10-03,-0.00236910981837557,5.6126813315235254e-06,5.6126813315235254e-06
1994-10-04,-0.014925630895787245,0.00022277445763727876,0.00022277445763727876
1994-10-05,0.0003442519569289981,1.1850940984944477e-07,0.0
1994-10-06,-0.0030978613566617907,9.596744985098431e-06,9.596744985098431e-06
1994-10-07,0.004488446553208458,2.014615246100889e-05,0.0
1994-10-10,0.01065727958064211,0.00011357760805997126,0.0
1994-10-11,0.014966171330146993,0.00022398628428331382,0.0
1994-10-12,0.001340161424738806,1.7960326443579465e-06,0.0
1994-10-13,0.0033464541808470027,1.1198755584508384e-05,0.0
1994-10-14,0.004336093772459915,1.8801709203565654e-05,0.0
1994-10-17,-0.001992535843571952,3.97019908791899e-06,3.97019908791899e-06
1994-10-18,-0.002329478964013143,5.426472243779746e-06,5.426472243779746e-06
1994-10-19,0.004669978322018098,2.180869752811897e-05,0.0
1994-10-20,-0.0066399324839415685,4.408870339130245e-05,4.408870339130245e-05
1994-10-21,-0.004011087912014322,1.608882623790741e-05,1.608882623790741e-05
1994-10-24,-0.00838866876713995,7.03697636847893e-05,7.03697636847893e-05
1994-10-25,0.001015147409395345,1.0305242628020801e-06,0.0
1994-10-26,0.003719008532287793,1.3831024463229404e-05,0.0
1994-10-27,0.006062951579687281,3.67593818576325e-05,0.0
1994-10-28,0.02109034421653133,0.00044480261917177657,0.0
1994-10-31,-0.0036062714788932526,1.3005193979478927e-05,1.3005193979478927e-05
1994-11-01,-0.011188192287491239,0.00012517564666187844,0.00012517564666187844
1994-11-02,-0.005657002246042819,3.2001674411733504e-05,3.2001674411733504e-05
1994-11-03,0.005354255397191032,2.8668050858349298e-05,0.0
1994-11-04,-0.012982089634793637,0.00016853465128581637,0.00016853465128581637
1994-11-07,0.0030351715210299446,9.212266162071227e-06,0.0
1994-11-08,0.007733579618286912,5.980825371238274e-05,0.0
1994-11-09,0.0016689135635690189,2.7852724826646415e-06,0.0
1994-11-10,-0.0069956295232794785,4.8938832426979463e-05,4.8938832426979463e-05
1994-11-11,-0.0036899577938344086,1.3615788520279296e-05,1.3615788520279296e-05
1994-11-14,0.009427217480055372,8.887242941626155e-05,0.0
1994-11-15,-0.0033352927763911078,1.1124177904246704e-05,1.1124177904246704e-05
1994-11-16,0.0033464541808470027,1.1198755584508384e-05,0.0
1994-11-17,-0.006671225042236606,4.4505243564164803e-05,4.4505243564164803e-05
1994-11-18,-0.0013429340168318316,1.803471773564078e-06,1.803471773564078e-06
1994-11-21,-0.01008691028133668,0.00010174575902373564,0.00010174575902373564
1994-11-22,-0.021739564580644077,0.0004726086681559945,0.0004726086681559945
1994-11-23,0.005555558021076434,3.086422492554671e-05,0.0
1994-11-25,0.004834164330987489,2.336914477899172e-05,0.0
1994-11-28,0.004467438676300395,1.9958008326504624e-05,0.0
1994-11-29,-0.0003422328448496881,1.1712332009391067e-07,1.1712332009391067e-07
1994-11-30,-0.0013691813256526686,1.874657502515999e-06,1.874657502515999e-06
1994-12-01,-0.009937747181650192,9.875881904639633e-05,9.875881904639633e-05
1994-12-02,0.009346082442133197,8.734925701515042e-05,0.0
1994-12-05,0.0010284321530640295,1.0576726934559153e-06,0.0
1994-12-06,0.0006852576057756465,4.695779862733714e-07,0.0
1994-12-07,-0.007189475466709894,5.168855748642344e-05,5.168855748642344e-05
1994-12-08,-0.009654845764724085,9.32160467406106e-05,9.32160467406106e-05
1994-12-09,0.0038298520632025213,1.4667766826016609e-05,0.0
1994-12-12,0.0065907194825667315,4.343758329788468e-05,0.0
1994-12-13,0.0037898192897241056,1.4362730248764924e-05,0.0
1994-12-14,0.005149873057599841,2.6521192509392734e-05,0.0
1994-12-15,0.003073743433037235,9.447898692139526e-06,0.0
1994-12-16,0.004884685108365039,2.3860148607883173e-05,0.0
1994-12-19,0.0013651660354139228,1.8636783042477678e-06,0.0
1994-12-20,-0.003069346117482219,9.420885588903172e-06,9.420885588903172e-06
1994-12-21,0.010605408581962239,0.0001124746911903583,0.0
1994-12-22,-0.0030460575171665782,9.27846639788702e-06,9.27846639788702e-06
1994-12-23,0.0010183590963377398,1.037055249093818e-06,0.0
1994-12-27,0.005427276417244942,2.945532930918309e-05,0.0
1994-12-28,-0.005060584050222583,2.5609510929367203e-05,2.5609510929367203e-05
1994-12-29,0.0006783676121817628,4.601826172571865e-07,0.0
1994-12-30,-0.011860234415999593,0.00014066516040246122,0.00014066516040246122
1995-01-03,0.004800353907876476,2.304339764086495e-05,0.0
1995-01-04,0.004779007421717774,2.2838911936833564e-05,0.0
1995-01-05,0.0,0.0,0.0
1995-01-06,0.0010185613038733443,1.0374671297481672e-06,0.0
1995-01-09,0.0010179551657980568,1.0362327195749494e-06,0.0
1995-01-10,0.0010163468723747293,1.0329609649858942e-06,0.0
1995-01-11,0.0006778070055659668,4.5942233679430263e-07,0.0
1995-01-12,0.0003386381881604894,1.1467582248061903e-07,0.0
1995-01-13,0.011840102493635207,0.00014018802705978664,0.0
1995-01-16,0.006017740634022051,3.621320233836011e-05,0.0
1995-01-17,0.0003334038489146707,1.1115812647111655e-07,0.0
1995-01-18,-0.0009971399453828633,9.942880706781397e-07,9.942880706781397e-07
1995-01-19,-0.005653850611303413,3.196602673493597e-05,3.196602673493597e-05
1995-01-20,-0.003679296006590893,1.3537219104115692e-05,1.3537219104115692e-05
1995-01-23,0.003021701426330514,9.130679509887864e-06,0.0
1995-01-24,0.0013388854051306076,1.7926141280717513e-06,0.0
1995-01-25,0.002673272138213667,7.146383924949471e-06,0.0
1995-01-26,0.0010003238372309209,1.000647779332394e-06,0.0
1995-01-27,0.003996381883434541,1.597106815824381e-05,0.0
1995-01-30,-0.00431167239925434,1.859051887849168e-05,1.859051887849168e-05
1995-01-31,0.003996725631856934,1.597381577634221e-05,0.0
1995-02-01,-0.00033172877389864297,1.10043979432297e-07,1.10043979432297e-07
1995-02-02,0.005974151499762881,3.569048614211908e-05,0.0
1995-02-03,0.014186492864047162,0.00020125657978166105,0.0
1995-02-06,0.0042294014591535145,1.7887836702689877e-05,0.0
1995-02-07,0.0012949203523004993,1.6768187188020493e-06,0.0
1995-02-08,0.0,0.0,0.0
1995-02-09,0.0,0.0,0.0
1995-02-10,0.001294408016523363,1.6754921132399466e-06,0.0
1995-02-13,0.00032325195564353315,1.0449182682736872e-07,0.0
1995-02-14,0.0012921121634450472,1.6695538429226403e-06,0.0
1995-02-15,0.0054840323395861645,3.00746107016269e-05,0.0
1995-02-16,-0.0012828641126136908,1.6457403314321124e-06,1.6457403314321124e-06
1995-02-17,-0.0038559798746893303,1.4868580794009144e-05,1.4868580794009144e-05
1995-02-21,-0.00032187695358976143,1.0360477325222544e-07,1.0360477325222544e-07
1995-02-22,0.007419460880551343,5.504839975803171e-05,0.0
1995-02-23,0.0016009561615597523,2.5630606312361355e-06,0.0
1995-02-24,0.0025578544047841767,6.542619156073815e-06,0.0
1995-02-27,-0.007972539271009715,6.356138242779212e-05,6.356138242779212e-05
1995-02-28,0.008358132993202982,6.985838713206825e-05,0.0
1995-03-01,-0.006375782160057741,4.065059815251056e-05,4.065059815251056e-05
1995-03-02,0.0012832709190551128,1.6467842516925538e-06,0.0
1995-03-03,0.00032015263317419773,1.0249770852837241e-07,0.0
1995-03-06,0.0006409126466115911,4.1076902058667425e-07,0.0
1995-03-07,-0.007682643230836783,5.902300701232225e-05,5.902300701232225e-05
1995-03-08,0.002581162219726041,6.662398404541062e-06,0.0
1995-03-09,-0.0003219676158374707,1.0366314564806511e-07,1.0366314564806511e-07
1995-03-10,0.014804533322069213,0.0002191742068842577,0.0
1995-03-13,-0.0009507777308216392,9.039782934263454e-07,9.039782934263454e-07
1995-03-14,0.0073016897481277265,5.3314673177913544e-05,0.0
1995-03-15,-0.001891699441048833,3.5785267752644674e-06,3.5785267752644674e-06
1995-03-16,0.0060000890187259515,3.600106823263575e-05,0.0
1995-03-17,0.0009945921621574705,9.892135690250722e-07,0.0
1995-03-20,0.0,0.0,0.0
1995-03-21,-0.002521715620137699,6.359049668846459e-06,6.359049668846459e-06
1995-03-22,0.0009472202096321158,8.972261255355094e-07,0.0
1995-03-23,0.0006323206026739303,3.9982934456592246e-07,0.0
1995-03-24,0.014199882981518197,0.00020163667668881012,0.0
1995-03-27,0.0040441894917651044,1.6355468645303295e-05,0.0
1995-03-28,0.0,0.0,0.0
1995-03-29,-0.00030992363359205743,9.605265865890387e-08,9.605265865890387e-08
1995-03-30,-0.001859662193186784,3.4583434727682798e-06,3.4583434727682798e-06
1995-03-31,-0.0040370471190108725,1.6297749441113985e-05,1.6297749441113985e-05
1995-04-03,0.002494326057101537,6.2216624791357e-06,0.0
1995-04-04,0.006531903095916558,4.2665758054444316e-05,0.0
1995-04-05,0.0,0.0,0.0
1995-04-06,0.003708479427948941,1.3752819667520503e-05,0.0
1995-04-07,-0.0009235002068653797,8.528526320803991e-07,8.528526320803991e-07
1995-04-10,0.0018490963518078551,3.419157318269119e-06,0.0
1995-04-11,-0.00338399016652724,1.1451389447153057e-05,1.1451389447153057e-05
1995-04-12,0.0033954804389433324,1.1529287411246806e-05,0.0
1995-04-13,0.005536274637912397,3.065033686639205e-05,0.0
1995-04-17,-0.005811927649354898,3.3778503001335944e-05,3.3778503001335944e-05
1995-04-18,-0.0033848381499554936,1.1457129301394128e-05,1.1457129301394128e-05
1995-04-19,-0.0009261962659987688,8.578395231500621e-07,8.578395231500621e-07
1995-04-20,0.0015450481971763796,2.387173931597981e-06,0.0
1995-04-21,0.004936773511514447,2.437173270399069e-05,0.0
1995-04-24,0.011667714538737828,0.00013613556255747408,0.0
1995-04-25,-0.0027314278598624675,7.46069815363286e-06,7.46069815363286e-06
1995-04-26,0.00091288437367254,8.333578796955058e-07,0.0
1995-04-27,0.0024326493445638864,5.917782833607106e-06,0.0
1995-04-28,0.0015159511493698652,2.2981078872758155e-06,0.0
1995-05-01,-0.0027255747986182355,7.4287579828628345e-06,7.4287579828628345e-06
1995-05-02,0.0021254724513288803,4.517633141358e-06,0.0
1995-05-03,0.013939585955238476,0.00019431205660348178,0.0
1995-05-04,-0.0005973625585536935,3.5684202636181484e-07,3.5684202636181484e-07
1995-05-05,-0.001196256385696537,1.4310293403197417e-06,1.4310293403197417e-06
1995-05-08,0.007185442504313633,5.163058398279697e-05,0.0
1995-05-09,-0.0008922177356188721,7.960524877528676e-07,7.960524877528676e-07
1995-05-10,0.001190644305051558,1.4176338611517075e-06,0.0
1995-05-11,0.00267379612335783,7.14918570928336e-06,0.0
1995-05-12,0.0005932154395003053,3.519045576615404e-07,0.0
1995-05-15,0.0047400458725364025,2.2468034873749385e-05,0.0
1995-05-16,0.0005897569559345506,3.4781326707318744e-07,0.0
1995-05-17,-0.0038312536582613133,1.4678504593940696e-05,1.4678504593940696e-05
1995-05-18,-0.014492865349801098,0.0002100431460474653,0.0002100431460474653
1995-05-19,0.00060075590649733,3.609076591914287e-07,0.0
1995-05-22,0.011098012075868802,0.00012316587203612975,0.0
1995-05-23,0.009196029717569276,8.456696256641727e-05,0.0
1995-05-24,-0.0005876528277339865,3.4533584594375046e-07,3.4533584594375046e-07
1995-05-25,0.0008817193465437967,7.774290060696198e-07,0.0
1995-05-26,-0.01146028373862873,0.00013133810336987808,0.00013133810336987808
1995-05-30,-0.000297114317029723,8.827691738403876e-08,8.827691738403876e-08
1995-05-31,0.02081474645022574,0.00043325366978718506,0.0
1995-06-01,-0.002621568857358869,6.8726232738738865e-06,6.8726232738738865e-06
1995-06-02,0.0008762145713383518,7.677519750256516e-07,0.0
1995-06-05,0.006127151065815628,3.754198018332559e-05,0.0
1995-06-06,-0.0017395617304221123,3.0260750139491737e-06,3.0260750139491737e-06
1995-06-07,-0.0052294891573275715,2.7347556846606634e-05,2.7347556846606634e-05
1995-06-08,-0.0023362447787329543,5.4580396661569906e-06,5.4580396661569906e-06
1995-06-09,-0.005855335066975775,3.428494874655621e-05,3.428494874655621e-05
1995-06-12,0.005594826399514252,3.130208244070161e-05,0.0
1995-06-13,0.01083465817732443,0.00011738981781946313,0.0
1995-06-14,-0.0008691075763735956,7.553479793099853e-07,7.553479793099853e-07
1995-06-15,0.004349013183555739,1.8913915670741623e-05,0.0
1995-06-16,0.0029691110506999685,8.815620431388671e-06,0.0
1995-06-19,0.011290907099871017,0.00012748458313791773,0.0
1995-06-20,-0.002576452269615337,6.638106297606021e-06,6.638106297606021e-06
1995-06-21,-0.0005740105650333671,3.294881287699254e-07,3.294881287699254e-07
1995-06-22,0.013210845824333406,0.00017452644739430738,0.0
1995-06-23,-0.0019840400162911553,3.936414786244608e-06,3.936414786244608e-06
1995-06-26,-0.011928499038650342,0.00014228908931508214,0.00014228908931508214
1995-06-27,-0.002012044274704805,4.048322163372385e-06,4.048322163372385e-06
1995-06-28,0.005184551433079498,2.687957356224668e-05,0.0
1995-06-29,-0.0017195495927311288,2.956850801861791e-06,2.956850801861791e-06
1995-06-30,-0.0005740105650333671,3.294881287699254e-07,3.294881287699254e-07
1995-07-03,0.003733271590256937,1.393731676661956e-05,0.0
1995-07-05,0.003720163400429799,1.3839615725897405e-05,0.0
1995-07-06,0.012827528313241077,0.00016454548262700145,0.0
1995-07-07,0.00450302246311951,2.0277211303358904e-05,0.0
1995-07-10,0.0005603398809761462,3.139807822123617e-07,0.0
1995-07-11,-0.004760631278714511,2.266361017187496e-05,2.266361017187496e-05
1995-07-12,0.01238091911760808,0.00015328715819675325,0.0
1995-07-13,-0.002223990170116763,4.946132276775989e-06,4.946132276775989e-06
1995-07-14,-0.0008350694232223121,6.973409416008451e-07,6.973409416008451e-07
1995-07-17,0.005575161269424811,3.108242318009447e-05,0.0
1995-07-18,-0.008594637942403671,7.38678013610048e-05,7.38678013610048e-05
1995-07-19,-0.010905417658247152,0.00011892813430080879,0.00011892813430080879
1995-07-20,0.003675455343483458,1.3508971981941104e-05,0.0
1995-07-21,-0.001127030579931576,1.2701979281009047e-06,1.2701979281009047e-06
1995-07-24,0.007332491084550252,5.376542550500893e-05,0.0
1995-07-25,0.007558876054347019,5.713660720498076e-05,0.0
1995-07-26,-0.000834025838775454,6.955990997450996e-07,6.955990997450996e-07
1995-07-27,0.008342919890628409,6.960431230144314e-05,0.0
1995-07-28,-0.006343589586950915,4.0241128847672084e-05,4.0241128847672084e-05
1995-07-31,-0.0024979094189420126,6.239551465239223e-06,6.239551465239223e-06
1995-08-01,-0.0016690941968945383,2.785875438107024e-06,2.785875438107024e-06
1995-08-02,-0.0022299561952922042,4.972704632922083e-06,4.972704632922083e-06
1995-08-03,-0.00027866703993495445,7.76553191461095e-08,7.76553191461095e-08
1995-08-04,0.0011170808386538056,1.2478696000874896e-06,0.0
1995-08-07,0.002233185119206782,4.987115776646609e-06,0.0
1995-08-08,0.0,0.0,0.0
1995-08-09,-0.0002789771350479864,7.782824187958243e-08,7.782824187958243e-08
1995-08-10,-0.00222813239802766,4.9645739831404915e-06,4.9645739831404915e-06
1995-08-11,-0.005582945163714936,3.1169276701048e-05,3.1169276701048e-05
1995-08-14,0.008982816160621132,8.069098617551618e-05,0.0
1995-08-15,-0.001947024603818348,3.7909048078739954e-06,3.7909048078739954e-06
1995-08-16,0.002788104955507409,7.77352924292497e-06,0.0
1995-08-17,-0.0016683977304957631,2.7835509871234132e-06,2.7835509871234132e-06
1995-08-18,0.0011139299789504342,1.2408399980045148e-06,0.0
1995-08-21,-0.002781551914377567,7.737031052377508e-06,7.737031052377508e-06
1995-08-22,0.0019521443101551128,3.8108674076709812e-06,0.0
1995-08-23,-0.0036187130082848684,1.3095083836330121e-05,1.3095083836330121e-05
1995-08-24,0.0011170808386538056,1.2478696000874896e-06,0.0
1995-08-25,0.005581738016416038,3.1155799283904046e-05,0.0
1995-08-28,-0.003608014050653474,1.301776538971289e-05,1.301776538971289e-05
1995-08-29,0.0025075366383362496,6.287739992598659e-06,0.0
1995-08-30,0.002222326994798962,4.938737271812186e-06,0.0
1995-08-31,0.0008320606008007658,6.923248434049313e-07,0.0
1995-09-01,0.00443215342477421,1.964398398073776e-05,0.0
1995-09-05,0.009377184585478426,8.79315907501342e-05,0.0
1995-09-06,0.0019121408669438011,3.6562826950365915e-06,0.0
1995-09-07,0.0005453647133644157,2.9742267058305134e-07,0.0
1995-09-08,0.003815358257971191,1.455695863666896e-05,0.0
1995-09-11,0.002715659520230007,7.374806629815873e-06,0.0
1995-09-12,0.004602680690866112,2.118466954207175e-05,0.0
1995-09-13,0.004582944915552556,2.1003384098989023e-05,0.0
1995-09-14,0.009122168336957781,8.32139551677951e-05,0.0
1995-09-15,-0.00027525727164812164,7.576656559516782e-08,7.576656559516782e-08
1995-09-18,-0.0037435069695278544,1.401384443090362e-05,1.401384443090362e-05
1995-09-19,0.004830687720295046,2.3335543851009348e-05,0.0
1995-09-20,0.0048077974726834505,2.3114916538341373e-05,0.0
1995-09-21,-0.008240200837766998,6.790090984673593e-05,6.790090984673593e-05
1995-09-22,0.0002676404828403367,7.163142805500856e-08,0.0
1995-09-25,-0.0016073069248873084,2.5834355507906956e-06,2.5834355507906956e-06
1995-09-26,-0.0002681112017708376,7.188361651500278e-08,7.188361651500278e-08
1995-09-27,-0.0008055537450994965,6.489168362438246e-07,6.489168362438246e-07
1995-09-28,0.0075227759659861615,5.6592158234419026e-05,0.0
1995-09-29,-0.0018670950276206133,3.486043842165619e-06,3.486043842165619e-06
1995-10-02,-0.005075754243752617,2.5763281142972703e-05,2.5763281142972703e-05
1995-10-03,0.001074025484578467,1.1535307415240107e-06,0.0
1995-10-04,-0.0010728731914292355,1.151056884887553e-06,1.151056884887553e-06
1995-10-05,0.0029534863574984804,8.723081663929641e-06,0.0
1995-10-06,0.0008031748558186003,6.450898490192293e-07,0.0
1995-10-09,-0.008293109505679852,6.877566527319752e-05,6.877566527319752e-05
1995-10-10,-0.000539195219733779,2.9073148498375825e-07,2.9073148498375825e-07
1995-10-11,0.0032383753254672243,1.0487074748594951e-05,0.0
1995-10-12,0.006188425828476785,3.8296614234558575e-05,0.0
1995-10-13,0.0032084026714309655,1.0293847702045355e-05,0.0
1995-10-16,-0.004797877419561392,2.3019627733137078e-05,2.3019627733137078e-05
1995-10-17,0.006695547587219242,4.4830357492717405e-05,0.0
1995-10-18,0.0029262078915930356,8.562692624821358e-06,0.0
1995-10-19,0.004774419512210137,2.2795081678572886e-05,0.0
1995-10-20,-0.00607188410148829,3.6867776541906256e-05,3.6867776541906256e-05
1995-10-23,-0.0021244391326105116,4.513241628166903e-06,4.513241628166903e-06
1995-10-24,0.0010642596855598985,1.132648678308054e-06,0.0
1995-10-25,-0.008241951982151607,6.792977247609281e-05,6.792977247609281e-05
1995-10-26,-0.009116034845829235,8.310209131037284e-05,8.310209131037284e-05
1995-10-27,0.007576376211541946,5.7401476498818696e-05,0.0
1995-10-30,0.006444264540927502,4.1528545473455554e-05,0.0
1995-10-31,-0.004268926745430002,1.8223735557847587e-05,1.8223735557847587e-05
1995-11-01,0.008038873902655785,6.462349362280026e-05,0.0
1995-11-02,0.006379171679028239,4.069383131051597e-05,0.0
1995-11-03,0.0013209588514180304,1.744932287139642e-06,0.0
1995-11-06,-0.003428646248387013,1.1755615096578338e-05,1.1755615096578338e-05
1995-11-07,-0.0037061836300044115,1.3735797099312677e-05,1.3735797099312677e-05
1995-11-08,0.00903258897843462,8.158766365333856e-05,0.0
1995-11-09,0.0036864514290129158,1.3589924138471368e-05,0.0
1995-11-10,-0.0005254338673644776,2.7608074897359146e-07,2.7608074897359146e-07
1995-11-13,-0.0010489105700354218,1.1002133839320334e-06,1.1002133839320334e-06
1995-11-14,-0.00656855486768404,4.314591304977569e-05,4.314591304977569e-05
1995-11-15,0.010049809796549791,0.00010099867694682815,0.0
1995-11-16,0.005498780207831011,3.0236583774034057e-05,0.0
1995-11-17,0.0031250693548656727,9.766058472720551e-06,0.0
1995-11-20,-0.005192438716175141,2.6961419821234544e-05,2.6961419821234544e-05
1995-11-21,0.008090006269480865,6.54482014402397e-05,0.0
1995-11-22,-0.0031057097104680853,9.645432805695757e-06,9.645432805695757e-06
1995-11-24,0.002596568142884337,6.742166120641813e-06,0.0
1995-11-27,0.00025862902498152707,6.688897256289535e-08,0.0
1995-11-28,0.010616118519207518,0.00011270197241386082,0.0
1995-11-29,0.0010251949787707382,1.0510247444967344e-06,0.0
1995-11-30,-0.002303661289222547,5.306855335462488e-06,5.306855335462488e-06
1995-12-01,0.0012824706367549066,1.6447309341385355e-06,0.0
1995-12-04,0.012298505249743963,0.0001512532313779798,0.0
1995-12-05,0.006580441211533561,4.330220653844928e-05,0.0
1995-12-06,0.002263010086696715,5.121214652491074e-06,0.0
1995-12-07,-0.005268295287778835,2.7754935239232675e-05,2.7754935239232675e-05
1995-12-08,0.0032781838781630324,1.074648953904802e-05,0.0
1995-12-11,0.004274175074491682,1.8268572567405972e-05,0.0
1995-12-12,-0.0030039242382980946,9.023560829434788e-06,9.023560829434788e-06
1995-12-13,0.00627665721452364,3.9396425788631655e-05,0.0
1995-12-14,-0.007235221291662541,5.2348427139326975e-05,5.2348427139326975e-05
1995-12-15,0.00036630430819206694,1.3417884620006876e-07,0.0
1995-12-18,-0.019211714772021438,0.0003690899844815067,0.0003690899844815067
1995-12-19,0.010567217931099604,0.00011166609480335299,0.0
1995-12-20,-0.00969149858747076,9.392514487094772e-05,9.392514487094772e-05
1995-12-21,0.005150191576017926,2.652447326968601e-05,0.0
1995-12-22,0.0035871490591381505,1.286763837247572e-05,0.0
1995-12-26,0.004850963331130442,2.3531845239972156e-05,0.0
1995-12-27,-0.000508483080760791,2.5855504341998506e-07,2.5855504341998506e-07
1995-12-28,-0.0010165383084441704,1.0333501325345353e-06,1.0333501325345353e-06
1995-12-29,0.0012718870386005943,1.6176966389601896e-06,0.0
1996-01-02,0.01067372368331676,0.0001139283772677971,0.0
1996-01-03,0.0027664754579062034,7.653386459197337e-06,0.0
1996-01-04,-0.009529089327921403,9.080354341950558e-05,9.080354341950558e-05
1996-01-05,-0.0020251547630989464,4.10125181450235e-06,4.10125181450235e-06
1996-01-08,0.0038054077939848607,1.4481128478520724e-05,0.0
1996-01-09,-0.01718466236958749,0.0002953126207567163,0.0002953126207567163
1996-01-10,-0.013114199210379374,0.000171982220929515,0.000171982220929515
1996-01-11,0.005992884411901489,3.591466357441186e-05,0.0
1996-01-12,-0.0015544387433851226,2.4162798069367188e-06,2.4162798069367188e-06
1996-01-15,-0.002075383003766418,4.307214612322519e-06,4.307214612322519e-06
1996-01-16,0.012217964158805605,0.00014927864818585837,0.0
1996-01-17,-0.0030817881862416074,9.497418424858337e-06,9.497418424858337e-06
1996-01-18,0.0033481351744919507,1.1210009146670245e-05,0.0
1996-01-19,0.006675834527050117,4.456676663255446e-05,0.0
1996-01-22,0.00025468726784971807,6.486560440475403e-08,0.0
1996-01-23,0.0022948675094314197,5.266416885843967e-06,0.0
1996-01-24,0.008140297874634772,6.62644494877834e-05,0.0
1996-01-25,-0.00353242171372814,1.2478003163618049e-05,1.2478003163618049e-05
1996-01-26,0.00860968767204473,7.412672181015901e-05,0.0
1996-01-29,0.004016959110916263,1.6135960498773172e-05,0.0
1996-01-30,0.008502351311911793,7.22899778311682e-05,0.0
1996-01-31,0.010414147110815453,0.00010845446004570584,0.0
1996-02-01,0.0036809023483090897,1.354904209778737e-05,0.0
1996-02-02,-0.004156336185207943,1.7275130484468916e-05,1.7275130484468916e-05
1996-02-05,0.008101474148959342,6.563388338625649e-05,0.0
1996-02-06,0.00949815668884435,9.021498048583867e-05,0.0
1996-02-07,0.005790745691828247,3.3532735667427404e-05,0.0
1996-02-08,0.01079412045697703,0.00011651303643973,0.0
1996-02-09,-0.00023727295331488207,5.6298454374766205e-08,5.6298454374766205e-08
1996-02-12,0.007595222973786786,5.768741202153859e-05,0.0
1996-02-13,-0.0021202518801614056,4.495468035327976e-06,4.495468035327976e-06
1996-02-14,-0.00873448312489078,7.62911954590018e-05,7.62911954590018e-05
1996-02-15,-0.00619162785645111,3.8336255512781364e-05,3.8336255512781364e-05
1996-02-16,-0.0040742606528797465,1.6599599867604098e-05,1.6599599867604098e-05
1996-02-20,-0.009865151475686784,9.732121363824514e-05,9.732121363824514e-05
1996-02-21,0.012393457173523803,0.00015359778071196862,0.0
1996-02-22,0.015843132292192807,0.0002510048408279225,0.0
1996-02-23,-0.002836043418244061,8.043142270165457e-06,8.043142270165457e-06
1996-02-26,-0.014218001590406315,0.0002021515692247965,0.0002021515692247965
1996-02-27,-0.003124788015084201,9.764300139213862e-06,9.764300139213862e-06
1996-02-28,-0.004581918950178787,2.099398126600748e-05,2.099398126600748e-05
1996-02-29,-0.009689951188420975,9.389515403398108e-05,9.389515403398108e-05
1996-03-01,0.015900837040954796,0.0002528366186030001,0.0
1996-03-04,0.0057783915891482796,3.338980935753958e-05,0.0
1996-03-05,0.009337002955982276,8.717962420002176e-05,0.0
1996-03-06,-0.008775818884675712,7.701499709663087e-05,7.701499709663087e-05
1996-03-07,0.005025254305373039,2.5253180833670267e-05,0.0
1996-03-08,-0.03238140265043743,0.0010485552376097561,0.0010485552376097561
1996-03-11,0.011564660361301105,0.000133741369272249,0.0
1996-03-12,-0.007783375251572244,6.05809303067873e-05,6.05809303067873e-05
1996-03-13,0.006864130708380101,4.71162903817267e-05,0.0
1996-03-14,0.004382687874858737,1.9207953008433793e-05,0.0
1996-03-15,-0.0006715871653032446,4.5102932060004757e-07,4.5102932060004757e-07
1996-03-18,0.019248966659373368,0.0003705227174536675,0.0
1996-03-19,-0.0021516043219319547,4.629401158156267e-06,4.629401158156267e-06
1996-03-20,-0.001197365677251483,1.4336845650599023e-06,1.4336845650599023e-06
1996-03-21,-0.002398884828861747,5.754648422143053e-06,5.754648422143053e-06
1996-03-22,0.0026450889755353924,6.996495688498871e-06,0.0
1996-03-25,-0.0019189041304527032,3.6821930618684453e-06,3.6821930618684453e-06
1996-03-26,0.0048055445961021626,2.3093258865126696e-05,0.0
1996-03-27,-0.009086503453864747,8.256454501709598e-05,8.256454501709598e-05
1996-03-28,0.0038608954009624608,1.490651329717308e-05,0.0
1996-03-29,-0.004807854414256685,2.3115464068687488e-05,2.3115464068687488e-05
1996-04-01,0.011594774566749733,0.00013443879725374646,0.0
1996-04-02,0.0019096743574529285,3.646856151513255e-06,0.0
1996-04-03,0.0,0.0,0.0
1996-04-04,-0.0007143585379912887,5.103081208010515e-07,5.103081208010515e-07
1996-04-08,-0.017171870666651046,0.0002948731421921906,0.0002948731421921906
1996-04-09,-0.0038826435114796,1.5074920637234638e-05,1.5074920637234638e-05
1996-04-10,-0.017782994676905806,0.0003162348996788602,0.0003162348996788602
1996-04-11,-0.0012400444477634887,1.5377102324290556e-06,1.5377102324290556e-06
1996-04-12,0.012664463923223845,0.00016038864646263833,0.0
1996-04-15,0.008337488275296678,6.951371074070958e-05,0.0
1996-04-16,0.0029180055447106668,8.514756358962195e-06,0.0
1996-04-17,-0.0024248622842599765,5.8799570976265115e-06,5.8799570976265115e-06
1996-04-18,0.0014589938441698092,2.128663037325397e-06,0.0
1996-04-19,0.0024266162007706704,5.888466185842683e-06,0.0
1996-04-22,0.00774816713826576,6.003409400250142e-05,0.0
1996-04-23,0.0031234112636122635,9.755697921659957e-06,0.0
1996-04-24,-0.003592616023299966,1.2906889890871663e-05,1.2906889890871663e-05
1996-04-25,0.0045673776453309944,2.08609385550693e-05,0.0
1996-04-26,0.0021539585768262093,4.639537550683189e-06,0.0
1996-04-29,0.0,0.0,0.0
1996-04-30,-0.0007169995787381644,5.140883959107053e-07,5.140883959107053e-07
1996-05-01,0.002150871184901648,4.62624685404022e-06,0.0
1996-05-02,-0.017167390813954575,0.00029471930735905193,0.00029471930735905193
1996-05-03,-0.0014551640911566466,2.117502532191749e-06,2.117502532191749e-06
1996-05-06,-0.0009720894306286532,9.44957861139939e-07,9.44957861139939e-07
1996-05-07,-0.004134524757231306,1.709429496815859e-05,1.709429496815859e-05
1996-05-08,0.012453864669832004,0.0001550987452144898,0.0
1996-05-09,-0.0007231721870100127,5.229780120648448e-07,5.229780120648448e-07
1996-05-10,0.009896727682868756,9.794521882886076e-05,0.0
1996-05-13,0.015057030392679804,0.00022671416424608335,0.0
1996-05-14,0.006122183321084496,3.7481128616965185e-05,0.0
1996-05-15,-0.0011705861729514044,1.3702719883050154e-06,1.3702719883050154e-06
1996-05-16,0.0021088498446093507,4.4472476671088825e-06,0.0
1996-05-17,0.005377738628015161,2.8920072751246383e-05,0.0
1996-05-20,0.006744091386742923,4.5482768632740086e-05,0.0
1996-05-21,-0.0013864375036523047,1.9222089515336345e-06,1.9222089515336345e-06
1996-05-22,0.009484272521329329,8.995142525884258e-05,0.0
1996-05-23,-0.004124070297993887,1.7007955822795388e-05,1.7007955822795388e-05
1996-05-24,0.003911342524191674,1.5298600341550098e-05,0.0
1996-05-28,-0.010084803536917208,0.00010170326237821784,0.00010170326237821784
1996-05-29,-0.006714233359467192,4.5080929605382094e-05,4.5080929605382094e-05
1996-05-30,0.005127388394565058,2.629011174872044e-05,0.0
1996-05-31,-0.007420564105200866,5.5064771639395535e-05,5.5064771639395535e-05
1996-06-03,0.002803467149794514,7.859428059976976e-06,0.0
1996-06-04,0.0069902243049573265,4.886323583361614e-05,0.0
1996-06-05,0.00879197645777885,7.729885003413752e-05,0.0
1996-06-06,-0.007339809261945329,5.387280000173844e-05,5.387280000173844e-05
1996-06-07,0.0,0.0,0.0
1996-06-10,-0.003234280522275035,1.0460570496767672e-05,1.0460570496767672e-05
1996-06-11,-0.0009275689550450883,8.603841663634371e-07,8.603841663634371e-07
1996-06-12,-0.001856096764409343,3.445095198850832e-06,3.445095198850832e-06
1996-06-13,0.0,0.0,0.0
1996-06-14,-0.004184174831194154,1.7507319017998626e-05,1.7507319017998626e-05
1996-06-17,-0.0007002606125537936,4.903649254942142e-07,4.903649254942142e-07
1996-06-18,-0.008175720335941716,6.684240301153093e-05,6.684240301153093e-05
1996-06-19,0.004475159782502125,2.0027055078924467e-05,0.0
1996-06-20,-0.000703765739850537,4.952862165873737e-07,4.952862165873737e-07
1996-06-21,0.00860140852274971,7.398422857523134e-05,0.0
1996-06-24,0.0018702756879183102,3.4979311488183087e-06,0.0
1996-06-25,-0.0011662984356262118,1.3602520409441489e-06,1.3602520409441489e-06
1996-06-26,-0.006777421154722352,4.593343750847806e-05,4.593343750847806e-05
1996-06-27,0.007058678095800408,4.982493646013248e-05,0.0
1996-06-28,0.0035046489968648675,1.2282564591225922e-05,0.0
1996-07-01,0.008614082529236455,7.420241782049673e-05,0.0
1996-07-02,-0.00369304966334294,1.3638615815917402e-05,1.3638615815917402e-05
1996-07-03,-0.002085117622287136,4.347715498772359e-06,4.347715498772359e-06
1996-07-05,-0.025539867977593222,0.0006522848563128917,0.0006522848563128917
1996-07-08,-0.004050790576856977,1.6408904297553285e-05,1.6408904297553285e-05
1996-07-09,0.004067266220536769,1.6542654508719458e-05,0.0
1996-07-10,0.004050303117100418,1.640495534039336e-05,0.0
1996-07-11,-0.020170889779218992,0.0004068647944854012,0.0004068647944854012
1996-07-12,0.000726484198993349,5.27779291387008e-07,0.0
1996-07-15,-0.02952508205015114,0.0008717304700681572,0.0008717304700681572
1996-07-16,0.002493510108577901,6.217592661580176e-06,0.0
1996-07-17,0.01194013686758999,0.00014256686841678169,0.0
1996-07-18,0.013765961851082809,0.00018950170568546722,0.0
1996-07-19,-0.007274443197718972,5.291752383683982e-05,5.291752383683982e-05
1996-07-22,-0.007327948377342186,5.369882742099198e-05,5.369882742099198e-05
1996-07-23,-0.012794636117705482,0.00016370271338449362,0.00016370271338449362
1996-07-24,0.0019936502626687336,3.97464136983911e-06,0.0
1996-07-25,0.008955408004211574,8.019933252189672e-05,0.0
1996-07-26,0.005423871004579528,2.941837667431854e-05,0.0
1996-07-29,-0.011034546282233326,0.00012176121165474933,0.00012176121165474933
1996-07-30,0.009670011074979001,9.350911419021654e-05,0.0
1996-07-31,0.007367136117777617,5.427469457786346e-05,0.0
1996-08-01,0.016577124571574453,0.0002748010590614975,0.0
1996-08-02,0.02158308677419596,0.0004658296347024725,0.0
1996-08-05,-0.005868569177155281,3.444010418705701e-05,3.444010418705701e-05
1996-08-06,0.0030699140213445997,9.42437209844817e-06,0.0
1996-08-07,0.0025892175238426685,6.704047385773959e-06,0.0
1996-08-08,-0.0016439003141770492,2.702408242951401e-06,2.702408242951401e-06
1996-08-09,-0.003292348266222045,1.0839557106095304e-05,1.0839557106095304e-05
1996-08-12,0.007315404996090846,5.3515150256830915e-05,0.0
1996-08-13,-0.007964937406230943,6.34402278851769e-05,6.34402278851769e-05
1996-08-14,0.003542178757806269,1.2547030352253965e-05,0.0
1996-08-15,-0.0018829688366636121,3.545571639846317e-06,3.545571639846317e-06
1996-08-16,0.008486933492655835,7.202804010876337e-05,0.0
1996-08-19,0.00046761344121315496,2.1866233040320874e-07,0.0
1996-08-20,-0.0007009489196381224,4.91329387941851e-07,4.91329387941851e-07
1996-08-21,-0.003507776978627919,1.2304499331792012e-05,1.2304499331792012e-05
1996-08-22,0.009385943386915452,8.80959332623819e-05,0.0
1996-08-23,-0.005346079413361626,2.858056509396899e-05,2.858056509396899e-05
1996-08-26,-0.00490778773273004,2.408638042953547e-05,2.408638042953547e-05
1996-08-27,0.0037577088815368143,1.4120376038380656e-05,0.0
1996-08-28,-0.0016381303046447693,2.6834708949955647e-06,2.6834708949955647e-06
1996-08-29,-0.009842991219882302,9.688447615468009e-05,9.688447615468009e-05
1996-08-30,-0.01041412446318346,0.0001084539883346762,0.0001084539883346762
1996-09-03,0.0064578194400064515,4.1703431919725236e-05,0.0
1996-09-04,0.0009502980413922391,9.030663674739257e-07,0.0
1996-09-05,-0.012107735492278726,0.00014659725875098596,0.00014659725875098596
1996-09-06,0.014178881314988123,0.00020104067534451933,0.0
1996-09-09,0.011848584782538696,0.00014038896134900756,0.0
1996-09-10,-0.00046848941533972344,2.194823322853559e-07,2.194823322853559e-07
1996-09-11,0.005622974084677601,3.1617837556955905e-05,0.0
1996-09-12,0.006989988303464756,4.88599364825741e-05,0.0
1996-09-13,0.015270736262670948,0.00023319538600405346,0.0
1996-09-16,0.003645729837403744,1.3291346047335928e-05,0.0
1996-09-17,-0.0022703390735983042,5.154439509107207e-06,5.154439509107207e-06
1996-09-18,-0.002503465498755464,6.2673395034589436e-06,6.2673395034589436e-06
1996-09-19,0.0038786089771778443,1.5043607597844564e-05,0.0
1996-09-20,0.0035478157233770347,1.2586996407041312e-05,0.0
1996-09-23,-0.00022832725819732502,5.2133336835907926e-08,5.2133336835907926e-08
1996-09-24,-0.00022754522542456357,5.177682961351545e-08,5.177682961351545e-08
1996-09-25,0.0006835327024461435,4.6721695531332817e-07,0.0
1996-09-26,-0.0004556242543298783,2.0759346113365762e-07,2.0759346113365762e-07
1996-09-27,0.0009109223932679544,8.297796065570179e-07,0.0
1996-09-30,-0.0009100933688381829,8.282699400032329e-07,8.282699400032329e-07
1996-10-01,0.005464514808698917,2.9860922094489762e-05,0.0
1996-10-02,0.006794142452342333,4.616037166272029e-05,0.0
1996-10-03,-0.0009000410557895577,8.100739021067818e-07,8.100739021067818e-07
1996-10-04,0.013507370947701824,0.00018244906991881927,0.0
1996-10-07,0.0011109217277609496,1.2341470852113732e-06,0.0
1996-10-08,-0.00399401313508263,1.5952140923212582e-05,1.5952140923212582e-05
1996-10-09,-0.007796523389887566,6.078577696906391e-05,6.078577696906391e-05
1996-10-10,-0.0020209523920939887,4.084248571110415e-06,4.084248571110415e-06
1996-10-11,0.01237345300928716,0.0001531023393730375,0.0
1996-10-14,0.001332866187887749,1.7765322748144203e-06,0.0
1996-10-15,-0.0013310920203409848,1.7718059666154448e-06,1.7718059666154448e-06
1996-10-16,0.004888834491110439,2.3900702681471063e-05,0.0
1996-10-17,0.0026533936071533315,7.040497634482168e-06,0.0
1996-10-18,0.005293910669443624,2.8025490176049043e-05,0.0
1996-10-21,-0.0013167984507076458,1.7339581597860563e-06,1.7339581597860563e-06
1996-10-22,-0.007029353136393746,4.941180551612859e-05,4.941180551612859e-05
1996-10-23,0.003317960712772905,1.1008863291504484e-05,0.0
1996-10-24,-0.008599641591088503,7.39538354951792e-05,7.39538354951792e-05
1996-10-25,0.0008898510531669679,7.918348968223619e-07,0.0
1996-10-28,-0.006666773411752924,4.4445867723655724e-05,4.4445867723655724e-05
1996-10-29,0.008053329321437097,6.485611315951849e-05,0.0
1996-10-30,-0.0033289948321937324,1.1082206592772576e-05,1.1082206592772576e-05
1996-10-31,0.009574921108625345,9.16791142363992e-05,0.0
1996-11-01,-0.0035286752222660756,1.2451548824234538e-05,1.2451548824234538e-05
1996-11-04,0.006639762946442973,4.408645198495707e-05,0.0
1996-11-05,0.0057171852372850385,3.2686207037429984e-05,0.0
1996-11-06,0.0192390546410226,0.0003701412234802533,0.0
1996-11-07,0.0023598695391888747,5.568984241991512e-06,0.0
1996-11-08,0.005563727714991584,3.095506608656548e-05,0.0
1996-11-11,-0.0010640876524768972,1.132282532153794e-06,1.132282532153794e-06
1996-11-12,-0.002982237613086025,8.893741180905033e-06,8.893741180905033e-06
1996-11-13,0.0044869109004952445,2.0132369428983047e-05,0.0
1996-11-14,0.0065943981430767185,4.348608686941367e-05,0.0
1996-11-15,0.0012679486261868433,1.6076937186491033e-06,0.0
1996-11-18,0.00021110012031066994,4.456326079517932e-08,0.0
1996-11-19,0.007174600763957484,5.147489612217931e-05,0.0
1996-11-20,0.0016757346072373558,2.808086473892935e-06,0.0
1996-11-21,-0.0014638999613015846,2.143003096698781e-06,2.143003096698781e-06
1996-11-22,0.007750184993138287,6.006536742786591e-05,0.0
1996-11-25,0.012679009729952284,0.0001607572877322247,0.0
1996-11-26,-0.0032834519685797092,1.0781056829969967e-05,1.0781056829969967e-05
1996-11-27,-0.0018536495401922926,3.436016617855098e-06,3.436016617855098e-06
1996-11-29,0.0037131760471422748,1.378767635707113e-05,0.0
1996-12-02,0.00041143000585730505,1.6927464971974206e-07,0.0
1996-12-03,-0.017053815278242568,0.0002908326155444196,0.0002908326155444196
1996-12-04,0.0027171492091191407,7.3828998246167716e-06,0.0
1996-12-05,-0.00270978631537544,7.342941874996003e-06,7.342941874996003e-06
1996-12-06,-0.005852439192809644,3.42510445055344e-05,3.42510445055344e-05
1996-12-09,0.014717914415044886,0.00021661700472858604,0.0
1996-12-10,-0.004765588900328743,2.271083756693652e-05,2.271083756693652e-05
1996-12-11,-0.009161177997476178,8.392718230144163e-05,8.392718230144163e-05
1996-12-12,-0.01659964564726346,0.00027554823561471277,0.00027554823561471277
1996-12-13,0.002564073346867257,6.574472128115058e-06,0.0
1996-12-16,-0.012787578445273784,0.0001635221624940307,0.0001635221624940307
1996-12-17,0.007988125820671543,6.381015412687942e-05,0.0
1996-12-18,0.00792394947553654,6.278897529085582e-05,0.0
1996-12-19,0.020612059236271518,0.000424856985959566,0.0
1996-12-20,0.0021943093565979233,4.814993552453192e-06,0.0
1996-12-23,-0.0025052874978931383,6.2764654470996616e-06,6.2764654470996616e-06
1996-12-24,0.007325158264537723,5.365794360052531e-05,0.0
1996-12-26,0.007687499258292485,5.9097644846247506e-05,0.0
1996-12-27,0.0012372308513406427,1.5307401795090915e-06,0.0
1996-12-30,-0.008649330078169593,7.481091080112922e-05,7.481091080112922e-05
1996-12-31,-0.018279790848643618,0.00033415075347015494,0.00033415075347015494
1997-01-02,0.002539043080246106,6.446739763345634e-06,0.0
1997-01-03,0.014352497755258042,0.00020599419181468713,0.0
1997-01-06,-0.008739564730280258,7.637999167475864e-05,7.637999167475864e-05
1997-01-07,0.012174240598006536,0.00014821213413815053,0.0
1997-01-08,-0.008709817442300372,7.586091987819978e-05,7.586091987819978e-05
1997-01-09,0.008368375293996033,7.00297050611632e-05,0.0
1997-01-10,0.010788873726567338,0.000116399796287815,0.0
1997-01-13,-0.0014375131994459611,2.0664441985813634e-06,2.0664441985813634e-06
1997-01-14,0.012538498988861724,0.00015721395689368648,0.0
1997-01-15,-0.0024355454607878357,5.931881691564231e-06,5.931881691564231e-06
1997-01-16,0.004069922439747575,1.6564268665560857e-05,0.0
1997-01-17,0.006080589527037938,3.697356899632346e-05,0.0
1997-01-20,0.0012083272163485592,1.4600546617686578e-06,0.0
1997-01-21,0.008048781402269611,6.478288206152117e-05,0.0
1997-01-22,0.00718509393186495,5.1625574809722526e-05,0.0
1997-01-23,-0.013872218722501883,0.00019243845228493177,0.00019243845228493177
1997-01-24,-0.012861869310115459,0.0001654276821504899,0.0001654276821504899
1997-01-27,-0.0028501308660348057,8.123245953524311e-06,8.123245953524311e-06
1997-01-28,0.002858277330478165,8.169749297925386e-06,0.0
1997-01-29,0.009772089318285104,9.549372964454184e-05,0.0
1997-01-30,0.012902706273710596,0.00016647982918565075,0.0
1997-01-31,-0.0011937362590312972,1.4250062561260363e-06,1.4250062561260363e-06
1997-02-03,0.0029892394162083225,8.935552287413473e-06,0.0
1997-02-04,0.006158979451905466,3.793302788899376e-05,0.0
1997-02-05,-0.018759404760409604,0.0003519152669648785,0.0003519152669648785
1997-02-06,0.006641029303291024,4.410327020717006e-05,0.0
1997-02-07,0.01359482485086172,0.00018481926272560738,0.0
1997-02-10,-0.009467871096075164,8.964058309189553e-05,8.964058309189553e-05
1997-02-11,0.011549123906294367,0.00013338226300294007,0.0
1997-02-12,0.014172979954039988,0.00020087336077761935,0.0
1997-02-13,0.0108696831584425,0.00011815001196492853,0.0
1997-02-14,-0.002304133306980649,5.3090302963375826e-06,5.3090302963375826e-06
1997-02-18,0.0084681821038044,7.171010814319312e-05,0.0
1997-02-19,-0.006679315104266115,4.461325026207746e-05,4.461325026207746e-05
1997-02-20,-0.012103533192861282,0.00014649551575069482,0.00014649551575069482
1997-02-21,0.00038854412469202515,1.5096653683269198e-07,0.0
1997-02-24,0.011858671803873122,0.0001406280969519754,0.0
1997-02-25,0.0007683831764164761,5.904127057998735e-07,0.0
1997-02-26,-0.009790549463248532,9.585485879231613e-05,9.585485879231613e-05
1997-02-27,-0.014928176982156871,0.00022285046801059823,0.00022285046801059823
1997-02-28,-0.002952653736910893,8.71816409009386e-06,8.71816409009386e-06
1997-03-03,0.006711701874928089,4.504694205791322e-05,0.0
1997-03-04,-0.005490373002707383,3.014419570885808e-05,3.014419570885808e-05
1997-03-05,0.016956117262153736,0.0002875099126079079,0.0
1997-03-06,-0.0058165237117466795,3.383194808931137e-05,3.383194808931137e-05
1997-03-07,0.008971027902500373,8.047934162744023e-05,0.0
1997-03-10,0.010436532695109912,0.00010892121469609818,0.0
1997-03-11,-0.0053554058248678205,2.868037154902818e-05,2.868037154902818e-05
1997-03-12,-0.008846495234531071,7.826047793458095e-05,7.826047793458095e-05
1997-03-13,-0.01552184904978815,0.0002409277979244093,0.0002409277979244093
1997-03-14,0.005123875559600588,2.625410075027224e-05,0.0
1997-03-17,0.0027449879287728685,7.534958729108762e-06,0.0
1997-03-18,-0.010754796222620655,0.00011566564179009551,0.00011566564179009551
1997-03-19,-0.003360093384059848,1.129022754960276e-05,1.129022754960276e-05
1997-03-20,-0.005156556633023057,2.659007630957409e-05,2.659007630957409e-05
1997-03-21,0.00463032655128659,2.1439923971549566e-05,0.0
1997-03-24,0.013943597786818751,0.00019442391924057677,0.0
1997-03-25,-0.00982273692812985,9.648616075924582e-05,9.648616075924582e-05
1997-03-26,0.004364904931305702,1.9052395059336834e-05,0.0
1997-03-27,-0.026471900098095413,0.000700761494803544,0.000700761494803544
1997-03-31,-0.021103446784940916,0.0004453554662048331,0.0004453554662048331
1997-04-01,0.006425309675349045,4.128460442413405e-05,0.0
1997-04-02,-0.01791937970604296,0.00032110416904934425,0.00032110416904934425
1997-04-03,0.005453581839359289,2.9741554878589452e-05,0.0
1997-04-04,0.012515036040199323,0.00015662612708748795,0.0
1997-04-07,0.0039144642384156825,1.532303027383527e-05,0.0
1997-04-08,0.007182446581526669,5.158753889648414e-05,0.0
1997-04-09,-0.008150114579639323,6.642436766124945e-05,6.642436766124945e-05
1997-04-10,-0.0036975389282359883,1.3671794125820541e-05,1.3671794125820541e-05
1997-04-11,-0.03175240284709768,0.001008215086564377,0.001008215086564377
1997-04-14,0.013415815519152607,0.00017998410604393595,0.0
1997-04-15,0.017020270233601975,0.0002896895988248374,0.0
1997-04-16,0.011570083385742391,0.00013386682955303212,0.0
1997-04-17,-0.0040849628758876655,1.668692169738043e-05,1.668692169738043e-05
1997-04-18,0.00492229362198171,2.4228974501001825e-05,0.0
1997-04-21,-0.006530966004338001,4.265351694981868e-05,4.265351694981868e-05
1997-04-22,0.021980477916273777,0.0004831414094277992,0.0
1997-04-23,0.00100516591361699,1.010358513897478e-06,0.0
1997-04-24,-0.0050205397503627625,2.520581938497259e-05,2.520581938497259e-05
1997-04-25,-0.01150304575026706,0.00013232006153273708,0.00013232006153273708
1997-04-28,0.009799789989787921,9.603588384394755e-05,0.0
1997-04-29,0.031540617389211434,0.0009948105452926266,0.0
1997-04-30,0.0047040162695228815,2.2127769063935968e-05,0.0
1997-05-01,-0.0011705570691247225,1.3702038520778604e-06,1.3702038520778604e-06
1997-05-02,0.017968840516313866,0.00032287922950072277,0.0
1997-05-05,0.023792136214683346,0.0005660657456580467,0.0
1997-05-06,-0.0007504404101308371,5.631608091573389e-07,5.631608091573389e-07
1997-05-07,-0.021755881092371365,0.0004733183621054019,0.0004733183621054019
1997-05-08,0.006902701547226053,4.764728865007695e-05,0.0
1997-05-09,0.006854151523580265,4.697939310819767e-05,0.0
1997-05-12,0.016641629677169645,0.00027694383831205344,0.0
1997-05-13,-0.004091873181956807,1.6743426137217322e-05,1.6743426137217322e-05
1997-05-14,0.001867495197288127,3.4875383118942205e-06,0.0
1997-05-15,0.006710736855472854,4.503398914340169e-05,0.0
1997-05-16,-0.013702966532406657,0.00018777129178825693,0.00018777129178825693
1997-05-19,0.0030036862837090617,9.022131290941954e-06,0.0
1997-05-20,0.011980351054887706,0.00014352881139834895,0.0
1997-05-21,-0.002219932710039285,4.928101237102365e-06,4.928101237102365e-06
1997-05-22,-0.0033364473109230852,1.1131880658565887e-05,1.1131880658565887e-05
1997-05-23,0.009300319110861377,8.649593556385335e-05,0.0
1997-05-27,0.004054539984820638,1.6439294488509336e-05,0.0
1997-05-28,-0.00018303118003926144,3.3500412866564536e-08,3.3500412866564536e-08
1997-05-29,-0.005875109581365612,3.4516912593054015e-05,3.4516912593054015e-05
1997-05-30,0.006463238986846642,4.177345820109441e-05,0.0
1997-06-02,-0.0044035761433567355,1.939148285034058e-05,1.939148285034058e-05
1997-06-03,-0.00331714130276739,1.1003426422525338e-05,1.1003426422525338e-05
1997-06-04,-0.0011098166276692911,1.231692947051238e-06,1.231692947051238e-06
1997-06-05,0.003702403327546344,1.3707790399826242e-05,0.0
1997-06-06,0.019549714267681706,0.0003821913279479977,0.0
1997-06-09,0.005065819518855541,2.5662527397617785e-05,0.0
1997-06-10,0.003059252980102345,9.359028796265078e-06,0.0
1997-06-11,0.0023328431396330007,5.442157114132756e-06,0.0
1997-06-12,0.019333924945406977,0.0003738006537946302,0.0
1997-06-13,0.008430243106464896,7.10689988340989e-05,0.0
1997-06-16,0.00034851401537294713,1.2146201891137483e-07,0.0
1997-06-17,-0.0013934298734673556,1.9416468122712506e-06,1.9416468122712506e-06
1997-06-18,-0.003486747110687527,1.2157405413887817e-05,1.2157405413887817e-05
1997-06-19,0.010321967938685228,0.00010654302212724578,0.0
1997-06-20,-0.003407018484631763,1.1607774954622515e-05,1.1607774954622515e-05
1997-06-23,-0.024245975107551554,0.0005878673089160096,0.0005878673089160096
1997-06-24,0.025385018898837375,0.0006443991844943307,0.0
1997-06-25,-0.006973703215040428,4.8632536531465196e-05,4.8632536531465196e-05
1997-06-26,-0.00491575412534917,2.416463862088738e-05,2.416463862088738e-05
1997-06-27,0.0038809823566825496,1.5062024052881237e-05,0.0
1997-06-30,-0.006677702092805382,4.459170524025738e-05,4.459170524025738e-05
1997-07-01,0.011677397440317927,0.00013636161097914368,0.0
1997-07-02,0.01643923809636294,0.0002702485491889106,0.0
1997-07-03,0.013764055804017072,0.00018944923217609607,0.0
1997-07-07,-0.010182952292735137,0.00010369251739611977,0.00010369251739611977
1997-07-08,0.010460371594703144,0.0001094193738992724,0.0
1997-07-09,-0.011031073444400907,0.0001216845813357669,0.0001216845813357669
1997-07-10,0.004461273667042853,1.9902962732249986e-05,0.0
1997-07-11,0.0034164647452274988,1.1672231355382398e-05,0.0
1997-07-14,0.0030641711035990227,9.389144552131252e-06,0.0
1997-07-15,0.0050917149313693955,2.5925560942330048e-05,0.0
1997-07-16,0.01317110874848093,0.0001734781056643109,0.0
1997-07-17,-0.004999193365119892,2.4991934301858748e-05,2.4991934301858748e-05
1997-07-18,-0.021273279243049337,0.00045255240975275375,0.00045255240975275375
1997-07-21,0.0001707526331646836,2.9156461732673002e-08,0.0
1997-07-22,0.026523220422655314,0.0007034812215887599,0.0
1997-07-23,-0.0008338399650436035,6.952890873039179e-07,6.952890873039179e-07
1997-07-24,0.0046714290111722345,2.18222490064216e-05,0.0
1997-07-25,-0.0006640437782943209,4.4095413949139724e-07,4.4095413949139724e-07
1997-07-28,-0.0006650861880094228,4.4233963748090527e-07,4.4233963748090527e-07
1997-07-29,0.0033265078251605296,1.1065654310854236e-05,0.0
1997-07-30,0.011931473619366084,0.0001423600627296288,0.0
1997-07-31,-0.0009828238545812606,9.65942729133967e-07,9.65942729133967e-07
1997-08-01,-0.0039338450310462125,1.5475136728286977e-05,1.5475136728286977e-05
1997-08-04,0.0026333619114804474,6.934594956835956e-06,0.0
1997-08-05,0.0006568093358512161,4.3139850366131566e-07,0.0
1997-08-06,0.008201826345692442,6.726995540489464e-05,0.0
1997-08-07,-0.007485111598100058,5.6026895636012005e-05,5.6026895636012005e-05
1997-08-08,-0.020327216354557476,0.00041319572472498894,0.00041319572472498894
1997-08-11,0.007362790594430013,5.4210685337427065e-05,0.0
1997-08-12,-0.015946881300301863,0.0002543030232059172,0.0002543030232059172
1997-08-13,-0.0030383760115338942,9.231728787464615e-06,9.231728787464615e-06
1997-08-14,0.003724313541747959,1.3870511357247225e-05,0.0
1997-08-15,-0.030701037919953156,0.0009425537293624016,0.0009425537293624016
1997-08-18,0.022276019739281505,0.0004962210554248593,0.0
1997-08-19,0.011576388609928046,0.00013401277324807178,0.0
1997-08-20,0.015146810388147136,0.000229425864934482,0.0
1997-08-21,-0.01757337801465475,0.0003088236148459509,0.0003088236148459509
1997-08-22,-0.0003371970924127554,1.1370187913161631e-07,1.1370187913161631e-07
1997-08-25,-0.0037139476570400287,1.3793407199233118e-05,1.3793407199233118e-05
1997-08-26,-0.01474117066292091,0.00021730211251336012,0.00021730211251336012
1997-08-27,0.006019087541943247,3.6229414837576394e-05,0.0
1997-08-28,-0.015213097568812395,0.0002314383376382056,0.0002314383376382056
1997-08-29,0.003992072094953336,1.5936639611305117e-05,0.0
1997-09-02,0.03250373830658537,0.0010564930039029853,0.0
1997-09-03,-0.005358710226324281,2.8715775289712433e-05,2.8715775289712433e-05
1997-09-04,0.006397261464275328,4.092495424230211e-05,0.0
1997-09-05,-0.0028440343530031775,8.088531401062203e-06,8.088531401062203e-06
1997-09-08,0.004361804104541234,1.9025335046392755e-05,0.0
1997-09-09,0.0005010115908781199,2.510126141942246e-07,0.0
1997-09-10,-0.020700368403381852,0.0004285052520357297,0.0004285052520357297
1997-09-11,-0.00511517065941669,2.6164970874957376e-05,2.6164970874957376e-05
1997-09-12,0.01610755202031977,0.0002594532320873075,0.0
1997-09-15,-0.0016864069418306427,2.8439683734545807e-06,2.8439683734545807e-06
1997-09-16,0.025000142593335495,0.0006250071296871076,0.0
1997-09-17,0.0,0.0,0.0
1997-09-18,0.004284953977303552,1.8360830587609525e-05,0.0
1997-09-19,0.0016917478102496109,2.8620106534843532e-06,0.0
1997-09-22,0.005589597798140167,3.1243603544973404e-05,0.0
1997-09-23,-0.00457801564969007,2.0958227288807196e-05,2.0958227288807196e-05
1997-09-24,-0.008212132074872147,6.743911321514391e-05,6.743911321514391e-05
1997-09-25,-0.006956356891561266,4.839090120277192e-05,4.839090120277192e-05
1997-09-26,0.008338333006701282,6.952779733064404e-05,0.0
1997-09-29,0.009593522335434645,9.203567080048342e-05,0.0
1997-09-30,-0.010484735115660837,0.00010992967044557147,0.00010992967044557147
1997-10-01,0.01324521798820344,0.00017543579955502797,0.0
1997-10-02,0.005555152720562839,3.0859721748776715e-05,0.0
1997-10-03,0.005037267317623995,2.5374062029202834e-05,0.0
1997-10-06,0.0066292064547053275,4.394637821910678e-05,0.0
1997-10-07,0.009315965882306987,8.67872203203078e-05,0.0
1997-10-08,-0.00700213708456443,4.902992375103246e-05,4.902992375103246e-05
1997-10-09,-0.0035255638196755035,1.2429600246604925e-05,1.2429600246604925e-05
1997-10-10,-0.002895085780772688,8.381521678032205e-06,8.381521678032205e-06
1997-10-13,0.0009681966020484989,9.374046602182593e-07,0.0
1997-10-14,0.0003220328208881629,1.0370513772918759e-07,0.0
1997-10-15,-0.002255439489739164,5.08700729187486e-06,5.08700729187486e-06
1997-10-16,-0.015821567511103085,0.0002503219985083927,0.0002503219985083927
1997-10-17,-0.010170584598209631,0.00010344079106933897,0.00010344079106933897
1997-10-20,0.014252890775008131,0.0002031448954443119,0.0
1997-10-21,0.019444408814634606,0.00037808503415063995,0.0
1997-10-22,-0.006571248277185693,4.318130392041594e-05,4.318130392041594e-05
1997-10-23,-0.019684019968537192,0.0003874606421217709,0.0003874606421217709
1997-10-24,-0.009875267686560552,9.752091188122698e-05,9.752091188122698e-05
1997-10-27,-0.07247355736631989,0.0052524165173292595,0.0052524165173292595
1997-10-28,0.057706505475695336,0.0033300407742164555,0.0
1997-10-29,-0.0027108609107400206,7.348766877378214e-06,7.348766877378214e-06
1997-10-30,-0.02208673866196531,0.0004878240247219532,0.0004878240247219532
1997-10-31,0.02362679080662211,0.0005582252438198831,0.0
1997-11-03,0.021046347112633423,0.00044294872678545325,0.0
1997-11-04,0.0,0.0,0.0
1997-11-05,0.003324764613176212,1.1054059733028768e-05,0.0
1997-11-06,-0.0038102684824629085,1.4518145908450196e-05,1.4518145908450196e-05
1997-11-07,-0.010810454373184508,0.00011686592375470406,0.00011686592375470406
1997-11-10,-0.006052469549787776,3.663238765110824e-05,3.663238765110824e-05
1997-11-11,0.000338250670234963,1.144135159144017e-07,0.0
1997-11-12,-0.020629496957077942,0.0004255761447020881,0.0004255761447020881
1997-11-13,0.014503151964700978,0.00021034141691120983,0.0
1997-11-14,0.01361489880211475,0.00018536546939182565,0.0
1997-11-17,0.018468973014308387,0.00034110296420325145,0.0
1997-11-18,-0.006264460733128141,3.9243468276904365e-05,3.9243468276904365e-05
1997-11-19,0.004976786402546285,2.4768402896569593e-05,0.0
1997-11-20,0.015186388379787585,0.0002306263920217474,0.0
1997-11-21,0.006829154501634793,4.663735120719876e-05,0.0
1997-11-24,-0.018087555956840085,0.00032715968049182125,0.00032715968049182125
1997-11-25,0.002631365206627656,6.924082850650607e-06,0.0
1997-11-26,0.0029530915842737038,8.720749905108174e-06,0.0
1997-11-28,0.0009813563260210323,9.630602386214987e-07,0.0
1997-12-01,0.025816414918064634,0.0006664872792216702,0.0
1997-12-02,-0.00605260146073916,3.6633984442541814e-05,3.6633984442541814e-05
1997-12-03,0.0028844938669925213,8.32030486871747e-06,0.0
1997-12-04,-0.0009587751639280606,9.192498149652795e-07,9.192498149652795e-07
1997-12-05,0.01279615081533736,0.00016374147568885895,0.0
1997-12-08,-0.0028424571343308447,8.079562560508317e-06,8.079562560508317e-06
1997-12-09,-0.006018405104886271,3.622120000652112e-05,3.622120000652112e-05
1997-12-10,-0.00860537275653872,7.405244027897882e-05,7.405244027897882e-05
1997-12-11,-0.017035905512155725,0.0002902220766190978,0.0002902220766190978
1997-12-12,0.0019622686484281893,3.850498248604193e-06,0.0
1997-12-15,0.010117476130767855,0.00010236332325665729,0.0
1997-12-16,0.006138518434836593,3.7681408574828694e-05,0.0
1997-12-17,-0.005137737182167923,2.639634335303079e-05,2.639634335303079e-05
1997-12-18,-0.009683498834996418,9.377014968737699e-05,9.377014968737699e-05
1997-12-19,-0.007474218746073458,5.586394586415589e-05,5.586394586415589e-05
1997-12-22,0.006429557973808064,4.1339215738558865e-05,0.0
1997-12-23,-0.017854596802491463,0.0003187866269795384,0.0003187866269795384
1997-12-24,-0.003001953288858994,9.01172354849133e-06,9.01172354849133e-06
1997-12-26,0.004014967609195841,1.6119964902891765e-05,0.0
1997-12-29,0.01965984455779468,0.0003865094880366491,0.0
1997-12-30,0.015686327167571346,0.00024606086000808687,0.0
1997-12-31,-0.0006427914811646396,4.131808882578312e-07,4.131808882578312e-07
1998-01-02,0.00515071262430955,2.6529840538221774e-05,0.0
1998-01-05,0.0022421729508523836,5.027339541534085e-06,0.0
1998-01-06,-0.015979272944100842,0.00025533716382207316,0.00025533716382207316
1998-01-07,0.002598102567590743,6.750136951721613e-06,0.0
1998-01-08,-0.008746664998789178,7.650414860104369e-05,7.650414860104369e-05
1998-01-09,-0.0346404164525943,0.001199958452009166,0.001199958452009166
1998-01-12,0.018280813026158027,0.000334188124897349,0.0
1998-01-13,0.013962356634563022,0.00019494740279072604,0.0
1998-01-14,0.004590205616884058,2.1069987605273953e-05,0.0
1998-01-15,-0.008322655083727759,6.926658764269951e-05,6.926658764269951e-05
1998-01-16,0.014316252052371636,0.00020495507282703508,0.0
1998-01-20,0.01622353913010377,0.0002632032219060082,0.0
1998-01-21,-0.009578875538812093,9.175485658805266e-05,9.175485658805266e-05
1998-01-22,-0.008864866755650125,7.858586259543077e-05,7.858586259543077e-05
1998-01-23,-0.001463985413862945,2.143253292003458e-06,2.143253292003458e-06
1998-01-26,-0.0006513975680897399,4.2431879171322735e-07,4.2431879171322735e-07
1998-01-27,0.010104803850028654,0.00010210706084755391,0.0
1998-01-28,0.0090345430687917,8.162296846185216e-05,0.0
1998-01-29,0.005437163510126686,2.9562747035853142e-05,0.0
1998-01-30,0.0006356212314113652,4.040143498209002e-07,0.0
1998-02-02,0.016528778382139953,0.00027320051480589705,0.0
1998-02-03,0.007504715824337982,5.632075960406892e-05,0.0
1998-02-04,-0.001241273062926096,1.5407588167459318e-06,1.5407588167459318e-06
1998-02-05,-0.0006208190323676588,3.8541627094991615e-07,3.8541627094991615e-07
1998-02-06,0.011193034271073765,0.00012528401619343182,0.0
1998-02-09,-0.0033818120862628698,1.1436652986793625e-05,1.1436652986793625e-05
1998-02-10,0.009564618873810327,9.148193420124872e-05,0.0
1998-02-11,-0.0009169570485906275,8.408102289600345e-07,8.408102289600345e-07
1998-02-12,0.004282511134150679,1.8339901614124538e-05,0.0
1998-02-13,-0.0057873301966056,3.3493190804543016e-05,3.3493190804543016e-05
1998-02-17,0.0049019970304593485,2.4029574886632273e-05,0.0
1998-02-18,0.009146173120468504,8.365248274958056e-05,0.0
1998-02-19,-0.005286847353747071,2.7950754941822403e-05,2.7950754941822403e-05
1998-02-20,0.007441313045172926,5.537313983626076e-05,0.0
1998-02-23,0.003918973014035432,1.5358349484737957e-05,0.0
1998-02-24,-0.0078077086252988925,6.0960313977566723e-05,6.0960313977566723e-05
1998-02-25,0.012408986368533714,0.00015398294269445553,0.0
1998-02-26,0.005680538859312634,3.226852173216088e-05,0.0
1998-02-27,0.0,0.0,0.0
1998-03-02,-0.002081408299449583,4.332260509017605e-06,4.332260509017605e-06
1998-03-03,0.005660352695123105,3.20395926331874e-05,0.0
1998-03-04,-0.006516848435978773,4.2469313537518976e-05,4.2469313537518976e-05
1998-03-05,-0.009242321486469307,8.542050645925223e-05,8.542050645925223e-05
1998-03-06,0.020162184150481766,0.0004065136697179381,0.0
1998-03-09,-0.003540040240406883,1.2531884903700023e-05,1.2531884903700023e-05
1998-03-10,0.009473368837849216,8.974471713793262e-05,0.0
1998-03-11,0.004692174670703153,2.2016503140388243e-05,0.0
1998-03-12,0.004086201823415125,1.6697045341681096e-05,0.0
1998-03-13,-0.003779543337650293,1.4284947841176717e-05,1.4284947841176717e-05
1998-03-16,0.01079729269142149,0.00011658152946422392,0.0
1998-03-17,0.002886302506337257,8.330742158088733e-06,0.0
1998-03-18,0.003743128401924034,1.4011010233290373e-05,0.0
1998-03-19,0.002579884792373699,6.6558055419210835e-06,0.0
1998-03-20,0.008611377077490268,7.415581517072482e-05,0.0
1998-03-23,-0.002275569497639296,5.178216538586358e-06,5.178216538586358e-06
1998-03-24,0.008551430821118755,7.312696908837979e-05,0.0
1998-03-25,-0.0036743315209210037,1.3500712125633657e-05,1.3500712125633657e-05
1998-03-26,-0.0005671581360109368,3.2166835124340026e-07,3.2166835124340026e-07
1998-03-27,-0.004257567717095512,1.8126882865653887e-05,1.8126882865653887e-05
1998-03-30,-0.0005704733602207579,3.2543985472156257e-07,3.2543985472156257e-07
1998-03-31,0.0034227517003988517,1.171522920258323e-05,0.0
1998-04-01,0.008101419597113413,6.563299948849326e-05,0.0
1998-04-02,0.01085558536163811,0.0001178437335438116,0.0
1998-04-03,0.005020990139877002,2.5210341984742073e-05,0.0
1998-04-06,-0.00804862805243245,6.478041352640256e-05,6.478041352640256e-05
1998-04-07,-0.006715367559444685,4.5096161458442065e-05,4.5096161458442065e-05
1998-04-08,-0.005633880462906027,3.174060907031423e-05,3.174060907031423e-05
1998-04-09,0.007932684696038361,6.292748648676122e-05,0.0
1998-04-13,-0.0028113873990547322,7.903899107563733e-06,7.903899107563733e-06
1998-04-14,0.008455586365540668,7.149694078511724e-05,0.0
1998-04-15,0.002795340994580675,7.813931275983278e-06,0.0
1998-04-16,-0.011706064371048153,0.00013703194305912298,0.00013703194305912298
1998-04-17,0.013254441825870433,0.00017568022811538354,0.0
1998-04-20,-0.00027821206512623764,7.740195318180589e-08,7.740195318180589e-08
1998-04-21,0.004732582405747809,2.2397336227193723e-05,0.0
1998-04-22,0.0027709990442967847,7.678435703493694e-06,0.0
1998-04-23,-0.009671421609177,9.353639594245583e-05,9.353639594245583e-05
1998-04-24,-0.010602603692254298,0.00011241520505500447,0.00011241520505500447
1998-04-27,-0.018894116688939366,0.0003569876454552571,0.0003569876454552571
1998-04-28,-0.0014378998430041312,2.067555958511305e-06,2.067555958511305e-06
1998-04-29,0.006908903667974142,4.773294989334656e-05,0.0
1998-04-30,0.018581845589395796,0.00034528498550814797,0.0
1998-05-01,0.011226538300002087,0.00012603516220141374,0.0
1998-05-04,-0.0024975112656835385,6.23756252221619e-06,6.23756252221619e-06
1998-05-05,-0.0069564630315117615,4.8392377908789806e-05,4.8392377908789806e-05
1998-05-06,-0.011767941971003726,0.00013848445823291106,0.00013848445823291106
1998-05-07,-0.007938641821202741,6.302203396534918e-05,6.302203396534918e-05
1998-05-08,0.01629024985999905,0.0002653722405011991,0.0
1998-05-11,-0.003374512747183589,1.1387336280904532e-05,1.1387336280904532e-05
1998-05-12,0.010722269974029919,0.00011496707339598356,0.0
1998-05-13,0.00251215321580478,6.310913779678297e-06,0.0
1998-05-14,-0.00501204854510251,2.5120630618464186e-05,2.5120630618464186e-05
1998-05-15,-0.005597279746758055,3.1329540563467914e-05,3.1329540563467914e-05
1998-05-18,-0.003940385050719142,1.5526634347930893e-05,1.5526634347930893e-05
1998-05-19,0.006781218591679794,4.5984925588143686e-05,0.0
1998-05-20,0.009542875732729827,9.106647725032384e-05,0.0
1998-05-21,-0.006394303670924417,4.088711943599748e-05,4.088711943599748e-05
1998-05-22,-0.003917789307721797,1.534907305969924e-05,1.534907305969924e-05
1998-05-26,-0.016010345806619752,0.0002563311728475467,0.0002563311728475467
1998-05-27,0.0014270262904640951,2.036404033675716e-06,0.0
1998-05-28,0.004561292265601313,2.0805387132234362e-05,0.0
1998-05-29,-0.009932592244597638,9.865638869744114e-05,9.865638869744114e-05
1998-06-01,0.004586019532281771,2.1031575150469913e-05,0.0
1998-06-02,0.0008561589423214944,7.330081345170599e-07,0.0
1998-06-03,-0.01596372918809774,0.0002548406495909238,0.0002548406495909238
1998-06-04,0.018540463653325734,0.0003437487924802926,0.0
1998-06-05,0.019339625523214776,0.0003740211153781804,0.0
1998-06-08,-0.0011156429636192122,1.2446592222730589e-06,1.2446592222730589e-06
1998-06-09,0.0030718892302099565,9.43650344267992e-06,0.0
1998-06-10,-0.006404438100474974,4.1016827382815494e-05,4.1016827382815494e-05
1998-06-11,-0.018778284402077183,0.00035262396508529525,0.00035262396508529525
1998-06-12,0.009426805376559155,8.88646596075246e-05,0.0
1998-06-15,-0.026316583299190954,0.0006925625565432562,0.0006925625565432562
1998-06-16,0.015402712936073204,0.00023724356579107682,0.0
1998-06-17,0.020893244788471765,0.0004365276777910026,0.0
1998-06-18,-0.00448539909034118,2.0118804999633484e-05,2.0118804999633484e-05
1998-06-19,-0.005010924045176668,2.51093597865297e-05,2.51093597865297e-05
1998-06-22,0.004826643540688513,2.329648786887015e-05,0.0
1998-06-23,0.011868034847261733,0.00014085025113581883,0.0
1998-06-24,0.013403925962999219,0.00017966523122156454,0.0
1998-06-25,-0.0016531520846378989,2.7329118149426308e-06,2.7329118149426308e-06
1998-06-26,0.004139942692870324,1.7139125500250393e-05,0.0
1998-06-29,0.003573223061588582,1.2767923047868478e-05,0.0
1998-06-30,-0.006847208432426144,4.688426331708769e-05,4.688426331708769e-05
1998-07-01,0.011582623145540705,0.00013415715893161525,0.0
1998-07-02,0.0019087480701180937,3.643319195179547e-06,0.0
1998-07-06,0.010067733588196903,0.00010135925960290809,0.0
1998-07-07,-0.0018860158907734181,3.5570559402498498e-06,3.5570559402498498e-06
1998-07-08,0.007288088231469647,5.311623006968637e-05,0.0
1998-07-09,-0.0066991246046526065,4.487827046866194e-05,4.487827046866194e-05
1998-07-10,0.005395594188165376,2.911243664336398e-05,0.0
1998-07-13,0.0002679967704208863,7.182226895602525e-08,0.0
1998-07-14,0.011266037473757873,0.00012692360036011666,0.0
1998-07-15,-0.0018561586435065225,3.4453249098639735e-06,3.4453249098639735e-06
1998-07-16,0.006908945686900925,4.773353050454689e-05,0.0
1998-07-17,0.001319208889077661,1.7403120930215164e-06,0.0
1998-07-20,0.0,0.0,0.0
1998-07-21,-0.017395611126828414,0.0003026072864758365,0.0003026072864758365
1998-07-22,0.0,0.0,0.0
1998-07-23,-0.019849634424412343,0.00039400798678281555,0.00039400798678281555
1998-07-24,-0.0008212463194209318,6.744455171624272e-07,6.744455171624272e-07
1998-07-27,0.007121435616778804,5.07148452439257e-05,0.0
1998-07-28,-0.016861696839064022,0.00028431682029250163,0.00028431682029250163
1998-07-29,-0.003873135427677532,1.500117804113082e-05,1.500117804113082e-05
1998-07-30,0.014996819940821027,0.0002249046083374072,0.0
1998-07-31,-0.021340914039345904,0.0004554346120347511,0.0004554346120347511
1998-08-03,-0.004193404530348999,1.7584641555151506e-05,1.7584641555151506e-05
1998-08-04,-0.03874269445262635,0.0015009963734495643,0.0015009963734495643
1998-08-05,0.013726596247200629,0.00018841944453366238,0.0
1998-08-06,0.0043215818977466736,1.867607009893174e-05,0.0
1998-08-07,0.0017213082215472575,2.9629019935661826e-06,0.0
1998-08-10,-0.005727342653356504,3.280245386895672e-05,3.280245386895672e-05
1998-08-11,-0.014977051283178722,0.0002243120651389654,0.0002243120651389654
1998-08-12,0.016959184335985977,0.00028761393334195216,0.0
1998-08-13,-0.012076072278126793,0.00014583152166654242,0.00014583152166654242
1998-08-14,-0.01164160609388687,0.0001355269924452239,0.0001355269924452239
1998-08-17,0.02120147944017403,0.00044950273045212214,0.0
1998-08-18,0.018454700129988177,0.00034057595688778567,0.0
1998-08-19,-0.002548166556105458,6.49315279765435e-06,6.49315279765435e-06
1998-08-20,-0.0059610239099378015,3.553380605485015e-05,3.553380605485015e-05
1998-08-21,-0.00799520376090368,6.392328317836835e-05,6.392328317836835e-05
1998-08-24,0.006332616811624003,4.010203568286296e-05,0.0
1998-08-25,0.0022882480231749547,5.236079015564088e-06,0.0
1998-08-26,-0.005707955809257537,3.258075952043686e-05,3.258075952043686e-05
1998-08-27,-0.04707180530910804,0.0022157548550585716,0.0022157548550585716
1998-08-28,-0.0036146864079944496,1.3065957828139817e-05,1.3065957828139817e-05
1998-08-31,-0.07134193410734702,0.005089671562177043,0.005089671562177043
1998-09-01,0.04231796190205617,0.0017908098995438773,0.0
1998-09-02,-0.007184035438277725,5.161036517843022e-05,5.161036517843022e-05
1998-09-03,-0.007863909678075154,6.184107542492407e-05,6.184107542492407e-05
1998-09-04,-0.008242800255208627,6.79437560472674e-05,6.79437560472674e-05
1998-09-08,0.05370834101572641,0.00288458589466156,0.0
1998-09-09,-0.024271693406440198,0.0005891151008162326,0.0005891151008162326
1998-09-10,-0.01990088825263303,0.0003960453532437874,0.0003960453532437874
1998-09-11,0.032360539392852106,0.001047204509796333,0.0
1998-09-14,0.017209458555015544,0.0002961654637567977,0.0
1998-09-15,0.006042439571261715,3.651107597234946e-05,0.0
1998-09-16,0.009008894226046449,8.116017517609305e-05,0.0
1998-09-17,-0.028571351021495328,0.0008163220991935021,0.0008163220991935021
1998-09-18,0.004453882219882965,1.9837066828589612e-05,0.0
1998-09-21,-0.0006115482662942817,3.739912820075417e-07,3.739912820075417e-07
1998-09-22,0.008269091960398711,6.83778818495306e-05,0.0
1998-09-23,0.04009772875816697,0.0016078278515635307,0.0
1998-09-24,-0.02453278213409149,0.0006018573992387986,0.0006018573992387986
1998-09-25,-0.0011973098207441746,1.4335508068504475e-06,1.4335508068504475e-06
1998-09-28,0.008992187133572083,8.085942944517931e-05,0.0
1998-09-29,-0.002377062718183498,5.65042716617792e-06,5.65042716617792e-06
1998-09-30,-0.030374822310369365,0.0009226298303865125,0.0009226298303865125
1998-10-01,-0.02886977480733466,0.0008334638974262149,0.0008334638974262149
1998-10-02,0.019292058056739947,0.00037218350406462467,0.0
1998-10-05,-0.02016806042756003,0.0004067506614097129,0.0004067506614097129
1998-10-06,-0.0009499536158638078,9.024118722927228e-07,9.024118722927228e-07
1998-10-07,-0.01489679962298851,0.0002219146390074706,0.0002219146390074706
1998-10-08,-0.005470411184098634,2.9925398523111415e-05,2.9925398523111415e-05
1998-10-09,0.02005854972249188,0.0004023454169696791,0.0
1998-10-12,0.014589578237157674,0.00021285579313814484,0.0
1998-10-13,-0.0034382531445836806,1.1821584686239568e-05,1.1821584686239568e-05
1998-10-14,0.009409952412648526,8.854720440830981e-05,0.0
1998-10-15,0.05375948402996977,0.002890082123168575,0.0
1998-10-16,0.0002952628031207549,8.718012290672568e-08,0.0
1998-10-19,0.00353779780095298,1.2516013280427739e-05,0.0
1998-10-20,0.005875852718892016,3.45256451741107e-05,0.0
1998-10-21,-0.003505078810036477,1.2285577464566726e-05,1.2285577464566726e-05
1998-10-22,0.0149476505665036,0.00022343225745829543,0.0
1998-10-23,-0.01270592503892154,0.00016144053109469332,0.00016144053109469332
1998-10-26,0.007311752901143054,5.3461730487373866e-05,0.0
1998-10-27,-0.005806690985787122,3.3717660204421415e-05,3.3717660204421415e-05
1998-10-28,-0.00175277019969855,3.072203372951295e-06,3.072203372951295e-06
1998-10-29,0.024283043266059456,0.0005896661902613155,0.0
1998-10-30,0.005427182387434337,2.9454308666477472e-05,0.0
1998-11-02,0.01704597689150278,0.00029056532818564674,0.0
1998-11-03,-0.0072627114004835125,5.2746976886713184e-05,5.2746976886713184e-05
1998-11-04,0.010692156868848945,0.00011432221850807369,0.0
1998-11-05,0.013641228142833528,0.00018608310524483346,0.0
1998-11-06,0.003021082793230212,9.12694124355166e-06,0.0
1998-11-09,-0.007119636618853731,5.068922558452298e-05,5.068922558452298e-05
1998-11-10,-0.0027573455296981964,7.602954370146627e-06,7.602954370146627e-06
1998-11-11,-0.006637172493055288,4.4052058702569746e-05,4.4052058702569746e-05
1998-11-12,-0.001114191481874638,1.2414226582820015e-06,1.2414226582820015e-06
1998-11-13,0.009755342279419432,9.516670298862832e-05,0.0
1998-11-16,0.007452324340406102,5.553713807460925e-05,0.0
1998-11-17,0.0,0.0,0.0
1998-11-18,0.006027699358075234,3.6333159551340584e-05,0.0
1998-11-19,0.008714277889966482,7.593863914355868e-05,0.0
1998-11-20,0.007559667578160623,5.7148573892292896e-05,0.0
1998-11-23,0.023579120065057246,0.0005559749030423852,0.0
1998-11-24,-0.006282316247395614,3.946749743229091e-05,3.946749743229091e-05
1998-11-25,0.0,0.0,0.0
1998-11-27,0.007376243261039583,5.440896464603187e-05,0.0
1998-11-30,-0.02824285324154363,0.0007976587592233716,0.0007976587592233716
1998-12-01,0.012916914193007,0.0001668466722695057,0.0
1998-12-02,-0.002922360566954163,8.540191283288657e-06,8.540191283288657e-06
1998-12-03,-0.016520108094404518,0.00027291397145080967,0.00027291397145080967
1998-12-04,0.026280395441821147,0.0006906591845784937,0.0
1998-12-07,0.004751982043918579,2.2581333345724595e-05,0.0
1998-12-08,-0.004466855139639736,1.9952794838525924e-05,1.9952794838525924e-05
1998-12-09,0.0018475460131976984,3.41342627088271e-06,0.0
1998-12-10,-0.014620606183241458,0.00021376212516543836,0.00021376212516543836
1998-12-11,0.002005232851762573,4.0209587897878605e-06,0.0
1998-12-14,-0.028815332193232845,0.0008303233694063612,0.0008303233694063612
1998-12-15,0.025823402855722488,0.0006668481350489364,0.0
1998-12-16,-0.001338585385081359,1.79181083315341e-06,1.79181083315341e-06
1998-12-17,0.015956133031350683,0.00025459818131416033,0.0
1998-12-18,0.004248862639993467,1.8052833733532255e-05,0.0
1998-12-21,0.013976702760591264,0.00019534822005791945,0.0
1998-12-22,0.004421452767148892,1.9549244572128597e-05,0.0
1998-12-23,0.020973717769745548,0.00043989683708494016,0.0
1998-12-24,-0.004311360380169216,1.8587828327692844e-05,1.8587828327692844e-05
1998-12-28,-0.0025471406082202552,6.487925278044652e-06,6.487925278044652e-06
1998-12-29,0.015831935899917715,0.00025065019433910334,0.0
1998-12-30,-0.008044346964807825,6.471151809021286e-05,6.471151809021286e-05
1998-12-31,0.0,0.0,0.0
1999-01-04,-0.002280340004093828,5.19995053427064e-06,5.19995053427064e-06
1999-01-05,0.011430359938654489,0.00013065312832719744,0.0
1999-01-06,0.02410799117314788,0.0005811952384045761,0.0
1999-01-07,-0.004904306393367142,2.405222120002182e-05,2.405222120002182e-05
1999-01-08,0.007392764256046069,5.4652963345472395e-05,0.0
1999-01-11,-0.00953964220489456,9.100477339740555e-05,9.100477339740555e-05
1999-01-12,-0.01802957549887174,0.0003250655926695162,0.0003250655926695162
1999-01-13,-0.007041574837371667,4.958377619030582e-05,4.958377619030582e-05
1999-01-14,-0.017477855052814517,0.0003054754172471939,0.0003054754172471939
1999-01-15,0.026037199073408956,0.0006779357355883283,0.0
1999-01-19,0.006532934006125979,4.267922672839723e-05,0.0
1999-01-20,0.007988119959623896,6.381006048934167e-05,0.0
1999-01-21,-0.02649826685498402,0.0007021581463179448,0.0007021581463179448
1999-01-22,-0.0022894413704951377,5.241541788934654e-06,5.241541788934654e-06
1999-01-25,0.010198554923568137,0.0001040105225290359,0.0
1999-01-26,0.01817322301813018,0.0003302660348666966,0.0
1999-01-27,-0.011651238936843611,0.00013575136876342063,0.00013575136876342063
1999-01-28,0.01680463598235926,0.0002823957904996036,0.0
1999-01-29,0.007646992595764512,5.8476495759677275e-05,0.0
1999-02-01,-0.0058752740176553075,3.451884478253554e-05,3.451884478253554e-05
1999-02-02,-0.0061562144134916785,3.789897590488269e-05,3.789897590488269e-05
1999-02-03,0.010159011979857357,0.0001032055244068853,0.0
1999-02-04,-0.014962158001848969,0.00022386617207229313,0.00022386617207229313
1999-02-05,-0.011454484139790444,0.00013120520690871083,0.00013120520690871083
1999-02-08,0.0020148908688404354,4.0597852133365644e-06,0.0
1999-02-09,-0.02237286356992274,0.0005005450243183761,0.0005005450243183761
1999-02-10,0.006428589583606925,4.132676403445946e-05,0.0
1999-02-11,0.022994351902579258,0.0005287402194196503,0.0
1999-02-12,-0.01198816202563513,0.00014371602875288018,0.00014371602875288018
1999-02-16,-0.006066562054864333,3.680317516551976e-05,3.680317516551976e-05
1999-02-17,-0.0010178826038724775,1.036084995266215e-06,1.036084995266215e-06
1999-02-18,0.007892592644949348,6.229301865910854e-05,0.0
1999-02-19,0.004293936981274893,1.843789479916014e-05,0.0
1999-02-22,0.026660185006624815,0.0007107654645874626,0.0
1999-02-23,-0.0004900946374674087,2.401927536743107e-07,2.401927536743107e-07
1999-02-24,-0.017646845905968656,0.0003114111704290027,0.0003114111704290027
1999-02-25,-0.009481363631852813,8.989625631942115e-05,8.989625631942115e-05
1999-02-26,-0.0040303769200956685,1.6243938118039848e-05,1.6243938118039848e-05
1999-03-01,0.0027821841809114733,7.740548816514046e-06,0.0
1999-03-02,-0.008826859333109338,7.791344568649944e-05,7.791344568649944e-05
1999-03-03,0.005343320063298629,2.8551069298849663e-05,0.0
1999-03-04,0.01265482000406859,0.00016014446933537455,0.0
1999-03-05,0.020120257949551634,0.00040482477995649574,0.0
1999-03-08,0.006492812287366423,4.2156611398976403e-05,0.0
1999-03-09,-0.002434963467878859,5.929047089904639e-06,5.929047089904639e-06
1999-03-10,0.008785343179990468,7.718225479020503e-05,0.0
1999-03-11,0.011127053701358802,0.00012381132407292262,0.0
1999-03-12,-0.009569356803668438,9.157258963591543e-05,9.157258963591543e-05
1999-03-15,0.014251439840603064,0.0002031035375303283,0.0
1999-03-16,-0.0038105717245636717,1.4520456868044154e-05,1.4520456868044154e-05
1999-03-17,-0.0043035971640243975,1.852094855019884e-05,1.852094855019884e-05
1999-03-18,0.016086837302975665,0.0002587863344124094,0.0
1999-03-19,-0.01699748637569476,0.00028891454309192894,0.00028891454309192894
1999-03-22,0.0019273774404258148,3.7147837978623655e-06,0.0
1999-03-23,-0.02886005462806518,0.0008329027531349064,0.0008329027531349064
1999-03-24,0.00569607346764367,3.244525294879418e-05,0.0
1999-03-25,0.02043846052120779,0.0004177306684769694,0.0
1999-03-26,-0.007239457641721403,5.2409746946278415e-05,5.2409746946278415e-05
1999-03-29,0.020175344778522453,0.0004070445369322532,0.0
1999-03-30,-0.005242710176665,2.7486009996506753e-05,2.7486009996506753e-05
1999-03-31,-0.016047209398218132,0.00025751292947026036,0.00025751292947026036
1999-04-01,0.007546380209605852,5.694785426793086e-05,0.0
1999-04-05,0.023677198946540967,0.0005606097499540807,0.0
1999-04-06,-0.002360771854918897,5.573243750977211e-06,5.573243750977211e-06
1999-04-07,0.008044279832346568,6.471043802109773e-05,0.0
1999-04-08,0.01267263770910243,0.00016059574650616488,0.0
1999-04-09,0.000231618618094398,5.364718424795859e-08,0.0
1999-04-12,0.010658360911321108,0.00011360065731597771,0.0
1999-04-13,-0.006419314196586923,4.120759475450241e-05,4.120759475450241e-05
1999-04-14,-0.016843099887454027,0.0002836900138187539,0.0002836900138187539
1999-04-15,-0.003755166361734341,1.4101274404301129e-05,1.4101274404301129e-05
1999-04-16,-0.008480300812695907,7.191550187381085e-05,7.191550187381085e-05
1999-04-19,-0.015443501545022165,0.00023850173997110198,0.00023850173997110198
1999-04-20,0.012548273163154988,0.0001574591593771557,0.0
1999-04-21,0.028598401204718682,0.0008178685514660549,0.0
1999-04-22,0.009499170635084209,9.023424275444613e-05,0.0
1999-04-23,-0.0025239674113175514,6.370411493393022e-06,6.370411493393022e-06
1999-04-26,0.005752234308316284,3.308819953777092e-05,0.0
1999-04-27,0.004804281241669317,2.3081118249055673e-05,0.0
1999-04-28,-0.013661078765902501,0.00018662507304819222,0.00018662507304819222
1999-04-29,-0.0076181348683023176,5.803597887164357e-05,5.803597887164357e-05
1999-04-30,-0.008141303694232271,6.628082584172002e-05,6.628082584172002e-05
1999-05-03,0.018292935171824842,0.0003346314772005864,0.0
1999-05-04,-0.014279199804565601,0.0002038955470587063,0.0002038955470587063
1999-05-05,0.007944021569818549,6.310747870174237e-05,0.0
1999-05-06,-0.006143049630690345,3.773705876512478e-05,3.773705876512478e-05
1999-05-07,0.007579920449502842,5.745519402079136e-05,0.0
1999-05-10,-0.004976676235040944,2.476730634842131e-05,2.476730634842131e-05
1999-05-11,0.010120119873107791,0.00010241682624607125,0.0
1999-05-12,0.007830406340761709,6.131526346144117e-05,0.0
1999-05-13,0.0043419227345316,1.885229303264237e-05,0.0
1999-05-14,-0.025938464717917054,0.0006728039519226278,0.0006728039519226278
1999-05-17,0.003036607500998656,9.220985115121303e-06,0.0
1999-05-18,-0.001863291698836922,3.4718559549545827e-06,3.4718559549545827e-06
1999-05-19,0.007232886024092444,5.2314640237511804e-05,0.0
1999-05-20,-0.006022935276378538,3.6275749343445016e-05,3.6275749343445016e-05
1999-05-21,-0.005592320716965471,3.12740510014012e-05,3.12740510014012e-05
1999-05-24,-0.016639573771180083,0.0002768754152865442,0.0002768754152865442
1999-05-25,-0.016206197609194284,0.0002626408409482545,0.0002626408409482545
1999-05-26,0.011143485641880835,0.0001241772722508043,0.0
1999-05-27,-0.014374570868822656,0.00020662828766280491,0.00020662828766280491
1999-05-28,0.012761341260549619,0.00016285183076820614,0.0
1999-06-01,-0.0034803390216617824,1.2112759705701693e-05,1.2112759705701693e-05
1999-06-02,0.0009630355394933954,9.27437450327335e-07,0.0
1999-06-03,0.005534820773878568,3.0634240998957754e-05,0.0
1999-06-04,0.020100409921790074,0.0004040264790239969,0.0
1999-06-07,0.0025806336269749153,6.659669916673706e-06,0.0
1999-06-08,-0.00982727244817505,9.657528377066046e-05,9.657528377066046e-05
1999-06-09,-0.0009454804502770919,8.939332818561725e-07,8.939332818561725e-07
1999-06-10,-0.009223929569240896,8.508087669831654e-05,8.508087669831654e-05
1999-06-11,-0.008354991870370032,6.980588915394932e-05,6.980588915394932e-05
1999-06-14,0.0009625715887793262,9.265440635251563e-07,0.0
1999-06-15,0.006734639482453453,4.535536895862091e-05,0.0
1999-06-16,0.019110827973829903,0.00036522374584531956,0.0
1999-06-17,0.009376594897837265,8.792053187814783e-05,0.0
1999-06-18,0.0011553131128447802,1.334748388711096e-06,0.0
1999-06-21,0.0023268237311415696,5.414108675803576e-06,0.0
1999-06-22,-0.006964175654188165,4.8499742542387154e-05,4.8499742542387154e-05
1999-06-23,-0.004908506597945839,2.4093437022077832e-05,2.4093437022077832e-05
1999-06-24,-0.007517308265763578,5.6509923562517415e-05,5.6509923562517415e-05
1999-06-25,-0.002485318368087075,6.176807390751001e-06,6.176807390751001e-06
1999-06-28,0.01221982355432405,0.00014932408769881286,0.0
1999-06-29,0.009376469592327075,8.791818201583426e-05,0.0
1999-06-30,0.018114381524558798,0.0003281308180172771,0.0
1999-07-01,0.007527274442646448,5.665986053491839e-05,0.0
1999-07-02,0.009961561203240432,9.923270160590497e-05,0.0
1999-07-06,-0.00022371510004925987,5.0048445990050356e-08,5.0048445990050356e-08
1999-07-07,0.0013448742761223986,1.8086868185757456e-06,0.0
1999-07-08,0.0007841433429116584,6.148807822326707e-07,0.0
1999-07-09,0.005928565050122181,3.514788355353022e-05,0.0
1999-07-12,-0.004448269838995156,1.978710456051399e-05,1.978710456051399e-05
1999-07-13,-0.0035742712672902632,1.2775415092176745e-05,1.2775415092176745e-05
1999-07-14,0.005605106482532873,3.141721868053204e-05,0.0
1999-07-15,0.006354249057464623,4.037648108429005e-05,0.0
1999-07-16,0.00542820060946636,2.9465361856610966e-05,0.0
1999-07-19,-0.006610780043217357,4.370241277980088e-05,4.370241277980088e-05
1999-07-20,-0.02051890601862827,0.0004210255042012994,0.0004210255042012994
1999-07-21,-0.0011325855087422898,1.2827499346130315e-06,1.2827499346130315e-06
1999-07-22,-0.013150597488418181,0.00017293821430239056,0.00017293821430239056
1999-07-23,-0.0019527611773080267,3.8132762156014304e-06,3.8132762156014304e-06
1999-07-26,-0.0073665759906661465,5.426644182625892e-05,5.426644182625892e-05
1999-07-27,0.008348934864519375,6.970471337198716e-05,0.0
1999-07-28,0.003220165277255216,1.0369464412840161e-05,0.0
1999-07-29,-0.013984446062713207,0.00019556473168093493,0.00019556473168093493
1999-07-30,-0.012322660554527465,0.00015184796314210712,0.00015184796314210712
1999-08-02,0.002353565117299228,5.539268761367728e-06,0.0
1999-08-03,-0.004696997571565276,2.2061786187290095e-05,2.2061786187290095e-05
1999-08-04,-0.013685407709217778,0.0001872903841675174,0.0001872903841675174
1999-08-05,0.009090747240926289,8.264168539840894e-05,0.0
1999-08-06,-0.010905670003102386,0.0001189336382165672,0.0001189336382165672
1999-08-09,-0.0021573217928180233,4.65403731776757e-06,4.65403731776757e-06
1999-08-10,-0.011050129207329507,0.00012210535549867662,0.00012210535549867662
1999-08-11,0.012145038352402215,0.00014750195658132072,0.0
1999-08-12,-0.0005998760206092912,3.598512401020388e-07,3.598512401020388e-07
1999-08-13,0.0231725740826485,0.000536968189615833,0.0
1999-08-16,0.004458553350924044,1.9878697983036018e-05,0.0
1999-08-17,0.0065424714768944625,4.280393302597761e-05,0.0
1999-08-18,-0.007196108760716191,5.178398129605632e-05,5.178398129605632e-05
1999-08-19,-0.008183366008187809,6.696747922396368e-05,6.696747922396368e-05
1999-08-20,0.010136420312100602,0.00010274701674356568,0.0
1999-08-23,0.019136696052963975,0.000366213135823527,0.0
1999-08-24,0.0036642031461346924,1.3426384696143378e-05,0.0
1999-08-25,0.010266707594805968,0.00010540528483724655,0.0
1999-08-26,-0.011969058930497045,0.00014325837168171107,0.00014325837168171107
1999-08-27,-0.01211494800320867,0.00014677196512044973,0.00014677196512044973
1999-08-30,-0.018509511493713826,0.00034260201573592424,0.00034260201573592424
1999-08-31,-0.0037718072321195617,1.4226529796269429e-05,1.4226529796269429e-05
1999-09-01,0.012304645756588295,0.00015140430719512633,0.0
1999-09-02,-0.01180478807368035,0.00013935302146450584,0.00013935302146450584
1999-09-03,0.029214066319489307,0.0008534616709195195,0.0
1999-09-07,-0.0036773161803261845,1.352265429008876e-05,1.352265429008876e-05
1999-09-08,-0.004844686769135187,2.3470989891033537e-05,2.3470989891033537e-05
1999-09-09,-0.00046358442643235076,2.1491052043061164e-07,2.1491052043061164e-07
1999-09-10,0.008348934864519375,6.970471337198716e-05,0.0
1999-09-13,-0.006784534306556456,4.602990575684149e-05,4.602990575684149e-05
1999-09-14,-0.006599328040713726,4.355113058895046e-05,4.355113058895046e-05
1999-09-15,-0.01585150096239296,0.000251270082760745,0.000251270082760745
1999-09-16,0.003908236593778147,1.5274313272946616e-05,0.0
1999-09-17,0.012635224934560263,0.0001596489091469334,0.0
1999-09-20,-0.0014015145811631102,1.9642431212128084e-06,1.9642431212128084e-06
1999-09-21,-0.021057706779817664,0.0004434270148247788,0.0004434270148247788
1999-09-22,-0.0010751135347710772,1.1558691126479603e-06,1.1558691126479603e-06
1999-09-23,-0.02093573962417905,0.0004383051936114208,0.0004383051936114208
1999-09-24,-0.0009777785413689344,9.56050875961561e-07,9.56050875961561e-07
1999-09-27,0.006604458425045978,4.36188710881608e-05,0.0
1999-09-28,-0.0019438685185557691,3.7786248174322005e-06,3.7786248174322005e-06
1999-09-29,-0.011930905434907046,0.0001423465044966945,0.0001423465044966945
1999-09-30,0.015278414623019154,0.00023342995339288553,0.0
1999-10-01,-0.0021842926407985574,4.771134340646736e-06,4.771134340646736e-06
1999-10-04,0.01775723878513924,0.00031531952927245333,0.0
1999-10-05,-0.0009559987591899466,9.139336275727175e-07,9.139336275727175e-07
1999-10-06,0.015311084275296594,0.00023442930168523463,0.0
1999-10-07,-0.00565526689408602,3.198204364334533e-05,3.198204364334533e-05
1999-10-08,0.015165957750857606,0.0002300062745007979,0.0
1999-10-11,-0.0016341507977288838,2.6704488297179475e-06,2.6704488297179475e-06
1999-10-12,-0.015431309577384145,0.00023812531527306764,0.00023812531527306764
1999-10-13,-0.02588456283012619,0.0006700105929067504,0.0006700105929067504
1999-10-14,-0.00024327749535579812,5.918393974659038e-08,5.918393974659038e-08
1999-10-15,-0.025603877386878193,0.0006555585372422925,0.0006555585372422925
1999-10-18,0.007257146845015772,5.266618033012237e-05,0.0
1999-10-19,0.009689609176512182,9.388852599354908e-05,0.0
1999-10-20,0.009842558279001157,9.687595347553421e-05,0.0
1999-10-21,0.00584780461788692,3.419681884897959e-05,0.0
1999-10-22,0.008478491631026985,7.188482033739463e-05,0.0
1999-10-25,-0.005044664452739878,2.544863944073733e-05,2.544863944073733e-05
1999-10-26,-0.012553538160340105,0.00015759132034311524,0.00015759132034311524
1999-10-27,0.018092684362057687,0.0003273452274250468,0.0
1999-10-28,0.034101568010661554,0.0011629169407857754,0.0
1999-10-29,0.01811439280873861,0.0003281312268292811,0.0
1999-11-01,-0.010492657972527741,0.00011009587132844997,0.00011009587132844997
1999-11-02,-0.0071463518329475395,5.107034452027266e-05,5.107034452027266e-05
1999-11-03,0.006733123707636235,4.533495486233312e-05,0.0
1999-11-04,0.007611028469789893,5.792775436795228e-05,0.0
1999-11-05,0.0098417524165888,9.68600906294315e-05,0.0
1999-11-08,0.0009070382306965996,8.227183519452179e-07,0.0
1999-11-09,-0.009397814608991473,8.831891942497355e-05,8.831891942497355e-05
1999-11-10,0.007429221371922035,5.5193330193023116e-05,0.0
1999-11-11,0.005673071852617673,3.218374424496291e-05,0.0
1999-11-12,0.009024953566111993,8.144978687047757e-05,0.0
1999-11-15,0.002347654637993468,5.511482299292242e-06,0.0
1999-11-16,0.00836632436160345,6.999538332355937e-05,0.0
1999-11-17,0.0026548002691180184,7.047964468909103e-06,0.0
1999-11-18,0.007061153486343841,4.985988855770578e-05,0.0
1999-11-19,-0.0008763163358201931,7.679303204253294e-07,7.679303204253294e-07
1999-11-22,-0.00021935688774632478,4.811744420175373e-08,4.811744420175373e-08
1999-11-23,-0.008773716152963962,7.697809513278074e-05,7.697809513278074e-05
1999-11-24,0.005310859938050472,2.8205233281589462e-05,0.0
1999-11-26,-0.0037425053817160547,1.4006346532173632e-05,1.4006346532173632e-05
1999-11-29,-0.0035354732169932124,1.2499570868076335e-05,1.2499570868076335e-05
1999-11-30,-0.0117511775556155,0.00013809017394360147,0.00013809017394360147
1999-12-01,0.008076540123922449,6.523050037332925e-05,0.0
1999-12-02,0.006010004271748581,3.61201513464362e-05,0.0
1999-12-03,0.01836230371993497,0.0003371741979031376,0.0
1999-12-06,-0.007386177249586345,5.4555614362306906e-05,5.4555614362306906e-05
1999-12-07,-0.00809791354560474,6.557620379208874e-05,6.557620379208874e-05
1999-12-08,-0.006398844471141696,4.094521056586065e-05,4.094521056586065e-05
1999-12-09,0.004885725222018689,2.3870310945069565e-05,0.0
1999-12-10,0.003315027286439731,1.0989405909839968e-05,0.0
1999-12-13,0.00176198363517166,3.1045863306127373e-06,0.0
1999-12-14,-0.009674766529787271,9.360110740589203e-05,9.360110740589203e-05
1999-12-15,0.005329329976544672,2.8401757998897636e-05,0.0
1999-12-16,0.004416415540538177,1.9504726226707116e-05,0.0
1999-12-17,0.006421847851551865,4.1240129828481304e-05,0.0
1999-12-20,-0.007227267646208069,5.223339762992592e-05,5.223339762992592e-05
1999-12-21,0.015221507473574203,0.00023169428976807532,0.0
1999-12-22,0.002607800576489794,6.800623846740501e-06,0.0
1999-12-23,0.01592943863550711,0.0002537470152423866,0.0
1999-12-27,-0.001386343481870722,1.9219482497254373e-06,1.9219482497254373e-06
1999-12-28,-0.0006411552947542809,4.110801119914488e-07,4.110801119914488e-07
1999-12-29,0.004276083706664435,1.8284891866401057e-05,0.0
1999-12-30,-0.0011706859443378903,1.370505580270298e-06,1.370505580270298e-06
1999-12-31,0.0015971740414879587,2.55096491880298e-06,0.0
2000-01-03,-0.009786530855322328,9.577618618217599e-05,9.577618618217599e-05
2000-01-04,-0.03910622335642511,0.0015292967052026086,0.0015292967052026086
2000-01-05,0.0017886654717254036,3.1993241697426606e-06,0.0
2000-01-06,-0.016071420961648375,0.0002582905717265108,0.0002582905717265108
2000-01-07,0.05807629530777492,0.003372856076675879,0.0
2000-01-10,0.0034307340574619705,1.1769936173029475e-05,0.0
2000-01-11,-0.01196593250371869,0.00014318354068355144,0.00014318354068355144
2000-01-12,-0.009948219377006406,9.896706877304573e-05,9.896706877304573e-05
2000-01-13,0.013543958887097585,0.00018343882233538963,0.0
2000-01-14,0.013576758741351336,0.0001843283779208599,0.0
2000-01-18,-0.007867223098815712,6.18931992865395e-05,6.18931992865395e-05
2000-01-19,0.008144207407117854,6.632811429015332e-05,0.0
2000-01-20,-0.015306026098615644,0.00023427443493150322,0.00023427443493150322
2000-01-21,-0.002159147208770973,4.6619166691434836e-06,4.6619166691434836e-06
2000-01-24,-0.02834283683451011,0.000803316399827663,0.000803316399827663
2000-01-25,0.011355825376010875,0.00012895476997045252,0.0
2000-01-26,-0.007925377411893808,6.28116071209566e-05,6.28116071209566e-05
2000-01-27,-0.0039951236042164995,1.5961012612967835e-05,1.5961012612967835e-05
2000-01-28,-0.031194224793263614,0.0009730796604526624,0.0009730796604526624
2000-01-31,0.027138944038355595,0.0007365222835169966,0.0
2000-02-01,0.009852273047488813,9.70672842022745e-05,0.0
2000-02-02,0.0008876612238994941,7.879424484147478e-07,0.0
2000-02-03,0.015063479030112958,0.00022690840049065282,0.0
2000-02-04,-0.004147223544719636,1.7199463129876903e-05,1.7199463129876903e-05
2000-02-07,-0.0015336358594649768,2.3520389494368782e-06,2.3520389494368782e-06
2000-02-08,0.013608930968380006,0.00018520300210213237,0.0
2000-02-09,-0.02100499984855575,0.00044121001863782705,0.00044121001863782705
2000-02-10,0.0019909345344322205,3.963820320394843e-06,0.0
2000-02-11,-0.02031015168709116,0.0004125022615526519,0.0004125022615526519
2000-02-14,0.005859326645806018,3.43317087422524e-05,0.0
2000-02-15,0.011312701187251806,0.00012797720815204842,0.0
2000-02-16,-0.014730671985771493,0.00021699269715239305,0.00021699269715239305
2000-02-17,-0.005170446388207517,2.6733515853328156e-05,2.6733515853328156e-05
2000-02-18,-0.021469196374247823,0.0004609263929560159,0.0004609263929560159
2000-02-22,-0.0025400031601570117,6.451616053607606e-06,6.451616053607606e-06
2000-02-23,0.011807965688131805,0.000139428053692098,0.0
2000-02-24,-0.020137326579789283,0.00040551192178108793,0.00040551192178108793
2000-02-25,-0.003620324187710966,1.3106747224125065e-05,1.3106747224125065e-05
2000-02-28,0.020977978131916375,0.00044007556650316166,0.0
2000-02-29,0.009641948801017541,9.29671766814436e-05,0.0
2000-03-01,0.007275930702097533,5.29391675817255e-05,0.0
2000-03-02,0.0006770428898490444,4.583870746951452e-07,0.0
2000-03-03,0.01872350471284645,0.00035056962873198326,0.0
2000-03-06,-0.009743190309662086,9.492975741029319e-05,9.492975741029319e-05
2000-03-07,-0.01934294031685957,0.00037414934010159137,0.00037414934010159137
2000-03-08,-0.0012539295240788784,1.5723392513566823e-06,1.5723392513566823e-06
2000-03-09,0.02922377768063944,0.0008540291819274399,0.0
2000-03-10,-0.0053237503464711455,2.834231775155164e-05,2.834231775155164e-05
2000-03-13,-0.010928060073179813,0.00011942249696302677,0.00011942249696302677
2000-03-14,-0.014204862168682886,0.00020177810923127824,0.00020177810923127824
2000-03-15,0.02333009629743632,0.0005442933932476519,0.0
2000-03-16,0.04671416660614214,0.0021822133617064054,0.0
2000-03-17,0.006609908881315851,4.3690895419298167e-05,0.0
2000-03-20,-0.005104792812129388,2.605890965476787e-05,2.605890965476787e-05
2000-03-21,0.02052144941656886,0.0004211298861567944,0.0
2000-03-22,0.006074853619505216,3.690384649841562e-05,0.0
2000-03-23,0.01707322756929397,0.00029149509963289965,0.0
2000-03-24,0.005936096054411477,3.523723636719951e-05,0.0
2000-03-27,-0.010582218551185463,0.00011198334946505375,0.00011198334946505375
2000-03-28,-0.005758833826158605,3.3164167037308555e-05,3.3164167037308555e-05
2000-03-29,0.001034290945520544,1.0697577599857809e-06,0.0
2000-03-30,-0.016739245212040843,0.0002802023302688323,0.0002802023302688323
2000-03-31,0.011349505738504018,0.00012881128050833563,0.0
2000-04-03,0.005818187456927859,3.385130528395267e-05,0.0
2000-04-04,-0.007437748631894725,5.5320104711251855e-05,5.5320104711251855e-05
2000-04-05,-0.006244663778183224,3.8995825702553574e-05,3.8995825702553574e-05
2000-04-06,0.008693201494421654,7.557175222261488e-05,0.0
2000-04-07,0.006333614992329206,4.011467887105729e-05,0.0
2000-04-10,-0.003920733953312272,1.537215473265568e-05,1.537215473265568e-05
2000-04-11,-0.002900375670466304,8.412179029832863e-06,8.412179029832863e-06
2000-04-12,-0.027425229538107443,0.000752143215217881,0.000752143215217881
2000-04-13,-0.013886584988198059,0.00019283724263444767,0.00019283724263444767
2000-04-14,-0.057192283007686195,0.003270957235631271,0.003270957235631271
2000-04-17,0.03492642495338094,0.001219855160024151,0.0
2000-04-18,0.02642143556061005,0.0006980922570834694,0.0
2000-04-19,-0.009301631946811661,8.65203568739473e-05,8.65203568739473e-05
2000-04-20,0.004803265602870033,2.307136045171442e-05,0.0
2000-04-24,-0.010864244029791692,0.00011803179833886443,0.00011803179833886443
2000-04-25,0.041520189439706146,0.0017239261311090858,0.0
2000-04-26,-0.011285024496736296,0.00012735177789193828,0.00012735177789193828
2000-04-27,-0.003306634626449645,1.0933832552835783e-05,1.0933832552835783e-05
2000-04-28,-0.006207313903070499,3.853074589125232e-05,3.853074589125232e-05
2000-05-01,0.01356884232807154,0.0001841134821240659,0.0
2000-05-02,-0.019974217758365387,0.0003989693750585992,0.0003989693750585992
2000-05-03,-0.023417407922987854,0.0005483749938316144,0.0005483749938316144
2000-05-04,0.0075485748109900275,5.698098167711313e-05,0.0
2000-05-05,0.01212076264237294,0.00014691288703274345,0.0
2000-05-08,-0.00751170530924139,5.6425716652885286e-05,5.6425716652885286e-05
2000-05-09,-0.008006936992367764,6.411103999974733e-05,6.411103999974733e-05
2000-05-10,-0.022556690161392612,0.0005088042710370662,0.0005088042710370662
2000-05-11,0.02285100260709405,0.0005221683201494191,0.0
2000-05-12,0.010838050911331498,0.00011746334755661352,0.0
2000-05-15,0.01728727746724945,0.0002988499622296706,0.0
2000-05-16,0.009678952107812,9.368211390531835e-05,0.0
2000-05-17,-0.010438941580541927,0.00010897150132196719,0.00010897150132196719
2000-05-18,-0.012271346616073986,0.00015058594777183045,0.00015058594777183045
2000-05-19,-0.015692538797438482,0.000246255773909112,0.000246255773909112
2000-05-22,-0.0075293722797966645,5.6691446927770423e-05,5.6691446927770423e-05
2000-05-23,-0.014725652169841452,0.00021684483182715628,0.00021684483182715628
2000-05-24,0.0163044573548754,0.00026583532963695057,0.0
2000-05-25,-0.017156569642067132,0.0002943478818830995,0.0002943478818830995
2000-05-26,0.0011331233605791358,1.283968550290154e-06,0.0
2000-05-30,0.03260882670408671,0.0010633355790171588,0.0
2000-05-31,0.0021930489926393903,4.809463884116645e-06,0.0
2000-06-01,0.01750532010427963,0.0003064362319532966,0.0
2000-06-02,0.017419617324372805,0.00030344306772758914,0.0
2000-06-05,-0.004861484533297933,2.363403186749502e-05,2.363403186749502e-05
2000-06-06,-0.004460858157175229,1.9899255498436783e-05,1.9899255498436783e-05
2000-06-07,0.006934532957563633,4.8087747339536225e-05,0.0
2000-06-08,-0.003919925578809491,1.5365816543404922e-05,1.5365816543404922e-05
2000-06-09,-0.0021275188591504124,4.526336496040672e-06,4.526336496040672e-06
2000-06-12,-0.01172460329985936,0.000137466322539073,0.000137466322539073
2000-06-13,0.018766546346368207,0.0003521832617703859,0.0
2000-06-14,0.0016936755375833723,2.868536826608325e-06,0.0
2000-06-15,0.0021139460803278887,4.468768030533644e-06,0.0
2000-06-16,-0.008217276314400057,6.752363002720018e-05,6.752363002720018e-05
2000-06-19,0.012790219830973504,0.00016358972332462788,0.0
2000-06-20,-0.0035780271722454238,1.2802278445326584e-05,1.2802278445326584e-05
2000-06-21,-0.0004222005930301087,1.7825334075497546e-07,1.7825334075497546e-07
2000-06-22,-0.015215309601291471,0.00023150564626315244,0.00023150564626315244
2000-06-23,-0.008583671347234811,7.367941379733988e-05,7.367941379733988e-05
2000-06-26,0.012878933343717591,0.00016586692407192076,0.0
2000-06-27,-0.007372851352595244,5.4358937067465524e-05,5.4358937067465524e-05
2000-06-28,0.002798512290265842,7.83167103876897e-06,0.0
2000-06-29,-0.009446453380652198,8.923548147283534e-05,8.923548147283534e-05
2000-06-30,0.007586510394288926,5.755513996265391e-05,0.0
2000-07-03,0.013765765976140543,0.00018949631290986858,0.0
2000-07-05,-0.018034950753454626,0.0003252594486795336,0.0003252594486795336
2000-07-06,0.007778528419844832,6.050550437833375e-05,0.0
2000-07-07,0.016081074071167656,0.0002586009432823807,0.0
2000-07-10,-0.0016883284762662099,2.850453043771382e-06,2.850453043771382e-06
2000-07-11,0.0021138977343575505,4.468563631321985e-06,0.0
2000-07-12,0.006538245575813839,4.274865520964924e-05,0.0
2000-07-13,0.004400850936804757,1.9367488967975304e-05,0.0
2000-07-14,0.009805604459856454,9.614987882315677e-05,0.0
2000-07-17,-0.001652777498514224,2.731673459594936e-06,2.731673459594936e-06
2000-07-18,-0.008174700666321977,6.682573098396497e-05,6.682573098396497e-05
2000-07-19,-0.008033108753624951,6.453083624756582e-05,6.453083624756582e-05
2000-07-20,0.013883134617969306,0.00019274142682065775,0.0
2000-07-21,-0.019502317109770906,0.000380340372650063,0.000380340372650063
2000-07-24,-0.005712923853524288,3.2637498956166795e-05,3.2637498956166795e-05
2000-07-25,0.003191862680925306,1.0187987373883681e-05,0.0
2000-07-26,-0.009758063103309289,9.521979552816611e-05,9.521979552816611e-05
2000-07-27,-0.0034271037970328155,1.1745040435636742e-05,1.1745040435636742e-05
2000-07-28,-0.022571101645550984,0.0005094546294937943,0.0005094546294937943
2000-07-31,0.0063773845057806255,4.0671033134570795e-05,0.0
2000-08-01,0.006119471704136847,3.744793393773153e-05,0.0
2000-08-02,0.004995641940115592,2.495643839384187e-05,0.0
2000-08-03,0.006915358813582184,4.7822187520588796e-05,0.0
2000-08-04,0.005366333571840798,2.8797536004265616e-05,0.0
2000-08-07,0.011955418486829128,0.00014293203119521567,0.0
2000-08-08,0.0037974484745340042,1.4420614916740635e-05,0.0
2000-08-09,-0.008406958459595715,7.067695054136795e-05,7.067695054136795e-05
2000-08-10,-0.004874689065790916,2.3762593488141512e-05,2.3762593488141512e-05
2000-08-11,0.004686251084191628,2.196094922408721e-05,0.0
2000-08-14,0.012719299687654173,0.00016178058454435954,0.0
2000-08-15,-0.0008375306586622111,7.014576041991572e-07,7.014576041991572e-07
2000-08-16,-0.0035615345174140334,1.2684528118731612e-05,1.2684528118731612e-05
2000-08-17,0.010513362322668529,0.0001105307873277062,0.0
2000-08-18,-0.0033290191482533427,1.108236848943741e-05,1.108236848943741e-05
2000-08-21,0.005427593583372303,2.94587721062642e-05,0.0
2000-08-22,-0.0016609329820667096,2.7586983709170124e-06,2.7586983709170124e-06
2000-08-23,0.0039517120846634946,1.5616028400075502e-05,0.0
2000-08-24,0.0031073828656984492,9.655828274036307e-06,0.0
2000-08-25,-0.00041334388072888917,1.7085316373601815e-07,1.7085316373601815e-07
2000-08-28,0.0034095345042537417,1.1624925535696809e-05,0.0
2000-08-29,0.00020581534531438628,4.235995636688007e-08,0.0
2000-08-30,-0.009572514985789593,9.163304315316634e-05,9.163304315316634e-05
2000-08-31,0.013302476918736206,0.0001769558921735095,0.0
2000-09-01,0.00102533072721811,1.0513031001776184e-06,0.0
2000-09-05,-0.007991326508398622,6.386129936383451e-05,6.386129936383451e-05
2000-09-06,-0.011361453886786888,0.00012908263442158488,0.00012908263442158488
2000-09-07,0.008566782920582217,7.338976960837917e-05,0.0
2000-09-08,-0.006836627855840938,4.6739480439260255e-05,4.6739480439260255e-05
2000-09-11,-0.0014601372580781424,2.132000812427956e-06,2.132000812427956e-06
2000-09-12,-0.0073111188991699105,5.3452459557799444e-05,5.3452459557799444e-05
2000-09-13,0.0026299192168579566,6.916475087198768e-06,0.0
2000-09-14,0.005037310077557811,2.5374492817465477e-05,0.0
2000-09-15,-0.021877907799615293,0.00047864284968846763,0.00047864284968846763
2000-09-18,-0.009204067183307907,8.471485271484554e-05,8.471485271484554e-05
2000-09-19,0.009073260491923252,8.232405595429538e-05,0.0
2000-09-20,-0.00738506794471161,5.453922854800696e-05,5.453922854800696e-05
2000-09-21,-0.015206007130214028,0.00023122265284411986,0.00023122265284411986
2000-09-22,0.018178023541002952,0.0003304405398572575,0.0
2000-09-25,-0.00709873338870437,5.039201572390623e-05,5.039201572390623e-05
2000-09-26,-0.01278130174730574,0.00016336167435568075,0.00016336167435568075
2000-09-27,0.0052660416568006685,2.773119473115993e-05,0.0
2000-09-28,0.012880223670890256,0.00016590016181216167,0.0
2000-09-29,-0.009482667509511211,8.992098309593955e-05,8.992098309593955e-05
2000-10-02,0.001522169021432651,2.3169985298092346e-06,0.0
2000-10-03,-0.00934145278495524,8.7262740133548e-05,8.7262740133548e-05
2000-10-04,0.008333411785599765,6.944575198837306e-05,0.0
2000-10-05,0.003479306056549447,1.2105570635141665e-05,0.0
2000-10-06,-0.02167242375042211,0.0004696939512178603,0.0004696939512178603
2000-10-09,-0.007532253516698062,5.673484303981032e-05,5.673484303981032e-05
2000-10-10,-0.016517436179395606,0.0002728256979404069,0.0002728256979404069
2000-10-11,-0.008398211969795732,7.052996428962032e-05,7.052996428962032e-05
2000-10-12,-0.024948239533338357,0.0006224146558128268,0.0006224146558128268
2000-10-13,0.03333271296237883,0.0011110697534323377,0.0
2000-10-16,0.004543900267016454,2.0647029636592202e-05,0.0
2000-10-17,-0.02487547655891209,0.0006187893340329849,0.0006187893340329849
2000-10-18,-0.0037107926277448744,1.376998192612571e-05,1.376998192612571e-05
2000-10-19,0.037709408816008816,0.0014219995132528833,0.0
2000-10-20,0.0042621272915908115,1.8165729049723227e-05,0.0
2000-10-23,0.004467345461757866,1.9957175474688598e-05,0.0
2000-10-24,-0.0066711295666319614,4.450396969479114e-05,4.450396969479114e-05
2000-10-25,-0.023506196371889998,0.0005525412678738545,0.0005525412678738545
2000-10-26,0.0027509507790208776,7.567730188595574e-06,0.0
2000-10-27,0.018976145464152605,0.0003600940966766795,0.0
2000-10-30,0.008974871937847517,8.054832630076285e-05,0.0
2000-10-31,0.017233221038422286,0.0002969839073591205,0.0
2000-11-01,-0.0033878647786089733,1.1477627758139227e-05,1.1477627758139227e-05
2000-11-02,0.0016443803530481471,2.703986745490749e-06,0.0
2000-11-03,0.0005479609374146044,3.00261188932292e-07,0.0
2000-11-06,0.007003794942576302,4.905314359765739e-05,0.0
2000-11-07,-0.00021762478310005662,4.736054621934669e-08,4.736054621934669e-08
2000-11-08,-0.02217346948898924,0.0004916627491791367,0.0004916627491791367
2000-11-09,-0.0037802973645911786,1.4290648164735011e-05,1.4290648164735011e-05
2000-11-10,-0.024324428361131578,0.0005916778150958223,0.0005916778150958223
2000-11-13,-0.007777164944418158,6.048429457268669e-05,6.048429457268669e-05
2000-11-14,0.026279738544377373,0.0006906246579608337,0.0
2000-11-15,0.003144546728939046,9.888174130481255e-06,0.0
2000-11-16,-0.015673707551078997,0.0002456651083967508,0.0002456651083967508
2000-11-17,-0.005345679722681296,2.8576291697485975e-05,2.8576291697485975e-05
2000-11-20,-0.01429363689433738,0.00020430805566716274,0.00020430805566716274
2000-11-21,0.005103911012357187,2.6049907622060968e-05,0.0
2000-11-22,-0.023891361170773062,0.0005707971385923228,0.0005707971385923228
2000-11-24,0.020456270557862366,0.00041845900513646665,0.0
2000-11-27,0.008806478585392075,7.75540650749692e-05,0.0
2000-11-28,-0.017229712860922897,0.00029686300526985185,0.00029686300526985185
2000-11-29,-0.0018701879635183438,3.4976030188888903e-06,3.4976030188888903e-06
2000-11-30,-0.00866524864936935,7.508653415539736e-05,7.508653415539736e-05
2000-12-01,-0.0004719007972245892,2.2269036242120286e-07,2.2269036242120286e-07
2000-12-04,0.00850800535140439,7.238615505952575e-05,0.0
2000-12-05,0.03281008834489296,0.001076501897199681,0.0
2000-12-06,-0.015996748750307432,0.0002558959705804624,0.0002558959705804624
2000-12-07,-0.013721291533187352,0.0001882738413387189,0.0001882738413387189
2000-12-08,0.002338214213083445,5.467245706265433e-06,0.0
2000-12-11,0.03475620730329343,0.0012079939461095074,0.0
2000-12-12,-0.004283090793120281,1.834486674211172e-05,1.834486674211172e-05
2000-12-13,-0.01369686576169693,0.00018760413169394564,0.00018760413169394564
2000-12-14,-0.012739924457791041,0.00016230567519022235,0.00016230567519022235
2000-12-15,-0.022586524517794082,0.0005101510897929132,0.0005101510897929132
2000-12-18,0.013361773142687827,0.00017853698151665373,0.0
2000-12-19,-0.020367356124782465,0.0004148291955137138,0.0004148291955137138
2000-12-20,-0.028963175746964942,0.0008388655493495783,0.0008388655493495783
2000-12-21,0.006931217123101074,4.8041770807569536e-05,0.0
2000-12-22,0.029989873684545643,0.0008993925236150032,0.0
2000-12-26,0.010740173383197327,0.0001153513243011403,0.0
2000-12-27,0.007320378686614504,5.358794411543989e-05,0.0
2000-12-28,0.0030470169547653914,9.28431232262776e-06,0.0
2000-12-29,-0.01892966619051384,0.0003583322620842827,0.0003583322620842827
2001-01-02,-0.018103956907744134,0.00032775325571745656,0.00032775325571745656
2001-01-03,0.04803446557978641,0.0023073098835356856,0.0
2001-01-04,-0.010763270699091776,0.00011584799614192756,0.00011584799614192756
2001-01-05,-0.03264321261295744,0.0010655793296947436,0.0010655793296947436
2001-01-08,0.007741068401557305,5.992413999758897e-05,0.0
2001-01-09,-0.002640560249309032,6.972558430230977e-06,6.972558430230977e-06
2001-01-10,0.01756908377243449,0.00030867270460282093,0.0
2001-01-11,0.0009460404913355092,8.949926112463316e-07,0.0
2001-01-12,-0.0018905660109194145,3.5742398416437476e-06,3.5742398416437476e-06
2001-01-16,0.006392324026475826,4.086180645946012e-05,0.0
2001-01-17,0.00458715305091717,2.10419731125387e-05,0.0
2001-01-18,0.009951758461500093,9.90374964760387e-05,0.0
2001-01-19,-0.005680413747098267,3.226710033822298e-05,3.226710033822298e-05
2001-01-22,0.00664555951995105,4.4163461333212026e-05,0.0
2001-01-23,0.007875832255544113,6.202873371746907e-05,0.0
2001-01-24,0.0029878473648377035,8.92723187556761e-06,0.0
2001-01-25,-0.002519784104332512,6.3493119324468e-06,6.3493119324468e-06
2001-01-26,-0.001149256282822475,1.3207900036069327e-06,1.3207900036069327e-06
2001-01-29,0.005335758342138286,2.847031708569831e-05,0.0
2001-01-30,0.008784869789521199,7.717393721884224e-05,0.0
2001-01-31,-0.00566063587742649,3.204279853680796e-05,3.204279853680796e-05
2001-02-01,0.006641949735674446,4.411549629122584e-05,0.0
2001-02-02,-0.02269300162987642,0.0005149723229735738,0.0005149723229735738
2001-02-05,0.007344573280194,5.394275666813965e-05,0.0
2001-02-06,-0.0029459040620201105,8.678350742626587e-06,8.678350742626587e-06
2001-02-07,-0.005170831076959037,2.6737494026445354e-05,2.6737494026445354e-05
2001-02-08,-0.011656040095246456,0.000135863270701993,0.000135863270701993
2001-02-09,-0.009615701406661903,9.246171354207969e-05,9.246171354207969e-05
2001-02-12,0.011453341408604878,0.00013117902942206316,0.0
2001-02-13,-0.00817348656455874,6.680588262102224e-05,6.680588262102224e-05
2001-02-14,-0.0015125384545797704,2.2877725765825604e-06,2.2877725765825604e-06
2001-02-15,0.009692337113154093,9.394139871502421e-05,0.0
2001-02-16,-0.022048718212622775,0.0004861459748196433,0.0004861459748196433
2001-02-20,-0.015413947340992884,0.0002375897726309016,0.0002375897726309016
2001-02-21,-0.02157498912790301,0.0004654801558691331,0.0004654801558691331
2001-02-22,0.0015127825424972041,2.2885110208843053e-06,0.0
2001-02-23,-0.006756440324766522,4.564948586213114e-05,4.564948586213114e-05
2001-02-26,0.021286572375300628,0.0004531181634889118,0.0
2001-02-27,-0.009246201475121008,8.549224171852989e-05,8.549224171852989e-05
2001-02-28,-0.01969310669319002,0.0003878184512293656,0.0003878184512293656
2001-03-01,0.005244566606831924,2.7505478893496522e-05,0.0
2001-03-02,-0.007945425904418935,6.312979280261144e-05,6.312979280261144e-05
2001-03-05,0.009141139905868068,8.356043877865366e-05,0.0
2001-03-06,0.010742134676044568,0.00011539345739827914,0.0
2001-03-07,0.007138573747407229,5.0959235147171684e-05,0.0
2001-03-08,0.00110260352018976,1.2157345227348504e-06,0.0
2001-03-09,-0.02957807981621019,0.0008748628056141006,0.0008748628056141006
2001-03-12,-0.042802215807283606,0.0018320296780132785,0.0018320296780132785
2001-03-13,0.01642994132163822,0.000269942971832475,0.0
2001-03-14,-0.019746815822309527,0.0003899367351202139,0.0003899367351202139
2001-03-15,0.0002557261876110495,6.539588303008167e-08,0.0
2001-03-16,-0.020057957291641837,0.0004023216507133279,0.0004023216507133279
2001-03-19,0.02034637335669287,0.0004139749087699415,0.0
2001-03-20,-0.026842887918278713,0.0007205406317932733,0.0007205406317932733
2001-03-21,-0.016987671645268154,0.0002885809879274476,0.0002885809879274476
2001-03-22,-0.010155215703199771,0.00010312840597851523,0.00010312840597851523
2001-03-23,0.030237611824087685,0.0009143131688242074,0.0
2001-03-26,0.012753233260266006,0.0001626449585907551,0.0
2001-03-27,0.02044186474829801,0.0004178698343877089,0.0
2001-03-28,-0.027639545797616294,0.0007639444918985285,0.0007639444918985285
2001-03-29,0.0038255841160543813,1.4635093829007582e-05,0.0
2001-03-30,0.010477557693684414,0.00010977921522448546,0.0
2001-04-02,-0.021338713760023165,0.00045534070493220195,0.00045534070493220195
2001-04-03,-0.03336262417610958,0.0011130646919163313,0.0011130646919163313
2001-04-04,0.004166668480927838,1.7361126229957495e-05,0.0
2001-04-05,0.03788936137368659,0.0014356037053058135,0.0
2001-04-06,-0.015210658814512557,0.00023136414157150852,0.00023136414157150852
2001-04-09,0.01112090161022139,0.0001236744526242247,0.0
2001-04-10,0.018243777702977138,0.00033283542487564575,0.0
2001-04-11,0.0006856607891032596,4.701307177137046e-07,0.0
2001-04-12,0.0181613698878329,0.0003298353562026836,0.0
2001-04-16,-0.010516858549430408,0.00011060431374872747,0.00011060431374872747
2001-04-17,0.014115692622600706,0.000199252778215744,0.0
2001-04-18,0.03974456672275939,0.001579630583979873,0.0
2001-04-19,0.013306810289331006,0.00017707120007624553,0.0
2001-04-20,-0.009152871196190016,8.377505113404485e-05,8.377505113404485e-05
2001-04-23,-0.01815246771810941,0.00032951208425700427,0.00032951208425700427
2001-04-24,-0.0053990061353951235,2.9149267250034187e-05,2.9149267250034187e-05
2001-04-25,0.013077786226126209,0.00017102849257625638,0.0
2001-04-26,0.004465459929397175,1.9940332381051826e-05,0.0
2001-04-27,0.0166504156703442,0.00027723634199524363,0.0
2001-04-30,0.0069964215863485,4.894991501392326e-05,0.0
2001-05-01,0.003078998307566083,9.480230577994805e-06,0.0
2001-05-02,-0.0018103840055160303,3.277490247428266e-06,3.277490247428266e-06
2001-05-03,-0.012695103562201604,0.00016116565445502384,0.00016116565445502384
2001-05-04,0.017011215119561607,0.0002893814398440014,0.0
2001-05-07,-0.00863817829643898,7.461812428106945e-05,7.461812428106945e-05
2001-05-08,-0.000475180255803509,2.2579627550548823e-07,2.2579627550548823e-07
2001-05-09,-0.004200182943756459,1.764153676102267e-05,1.764153676102267e-05
2001-05-10,0.0029446106213892875,8.670731711598606e-06,0.0
2001-05-11,-0.006903380422250693,4.765666125431416e-05,4.765666125431416e-05
2001-05-14,0.0019971609588831374,3.9886518956870125e-06,0.0
2001-05-15,0.004625232282160718,2.139277366394165e-05,0.0
2001-05-16,0.023575115670758873,0.0005557860788896606,0.0
2001-05-17,0.0015508327315725268,2.405082161316705e-06,0.0
2001-05-18,0.004568440117752148,2.087064510948726e-05,0.0
2001-05-21,0.014722206708295937,0.0002167433703617939,0.0
2001-05-22,-0.0012917473210071195,1.6686111413290703e-06,1.6686111413290703e-06
2001-05-23,-0.01696057533342399,0.0002876611156407502,0.0002876611156407502
2001-05-24,0.002940040029840052,8.643835377061894e-06,0.0
2001-05-25,-0.011802811728541251,0.00013930636469939092,0.00013930636469939092
2001-05-29,-0.007962833979423656,6.340672498386397e-05,6.340672498386397e-05
2001-05-30,-0.014006482409299581,0.00019618154948201859,0.00019618154948201859
2001-05-31,0.005187266267808521,2.6907731333144145e-05,0.0
2001-06-01,0.006192997584090865,3.835321907655529e-05,0.0
2001-06-04,0.004813173194491149,2.3166636200168134e-05,0.0
2001-06-05,0.011465764073807172,0.00013146374579620725,0.0
2001-06-06,-0.008307763126824574,6.901892817142603e-05,6.901892817142603e-05
2001-06-07,0.0036013984500844476,1.2970070796270662e-05,0.0
2001-06-08,-0.009283295851248319,8.617958186180425e-05,8.617958186180425e-05
2001-06-11,-0.007086281219571222,5.0215381522847805e-05,5.0215381522847805e-05
2001-06-12,-0.0017450240798456695,3.045109039241226e-06,3.045109039241226e-06
2001-06-13,-0.008578948684772492,7.359836053595966e-05,7.359836053595966e-05
2001-06-14,-0.022436616190964154,0.0005034017461006348,0.0005034017461006348
2001-06-15,0.0016112068607192498,2.59598754802878e-06,0.0
2001-06-18,-0.004841677585476489,2.3441841841705447e-05,2.3441841841705447e-05
2001-06-19,0.004370755396298387,1.910350273427147e-05,0.0
2001-06-20,0.005254825072668279,2.7613186544343183e-05,0.0
2001-06-21,0.01135337534923253,0.0001288991318205609,0.0
2001-06-22,-0.0078337206210074,6.136717876799658e-05,6.136717876799658e-05
2001-06-25,-0.009198089628289052,8.460485281003863e-05,8.460485281003863e-05
2001-06-26,-0.0013968091834026808,1.951075894838064e-06,1.951075894838064e-06
2001-06-27,-0.0005760076214789134,3.317847800017952e-07,3.317847800017952e-07
2001-06-28,0.005515618280312218,3.0422045014114307e-05,0.0
2001-06-29,0.0036840160886195683,1.3571974541207823e-05,0.0
2001-07-02,0.01247938615228339,0.0001557350787378024,0.0
2001-07-03,-0.00024190877413554635,5.851985500376278e-08,5.851985500376278e-08
2001-07-05,-0.019500093224036674,0.000380253635746121,0.000380253635746121
2001-07-06,-0.021613888901745426,0.0004671601934569941,0.0004671601934569941
2001-07-09,0.005459205775592002,2.9802927700257072e-05,0.0
2001-07-10,-0.012029550429963565,0.00014471008354703657,0.00014471008354703657
2001-07-11,0.0010144490083840996,1.029106790611483e-06,0.0
2001-07-12,0.02373745231116553,0.0005634666422248578,0.0
2001-07-13,0.008663801111359337,7.506144969719129e-05,0.0
2001-07-16,-0.012516142161197896,0.00015665381459931555,0.00015665381459931555
2001-07-17,0.009361156624936973,8.763125335660138e-05,0.0
2001-07-18,-0.0068123402796866905,4.6407980086241736e-05,4.6407980086241736e-05
2001-07-19,0.00875947232251928,7.67283553689813e-05,0.0
2001-07-20,-0.005979863079305092,3.575876244723618e-05,3.575876244723618e-05
2001-07-23,-0.019696560626747517,0.00038795450052314055,0.00038795450052314055
2001-07-24,-0.009667792285711796,9.346620767966851e-05,9.346620767966851e-05
2001-07-25,0.01103508184815194,0.00012177303139541243,0.0
2001-07-26,0.01049550198521132,0.00011015556192157475,0.0
2001-07-27,0.0038220532912989214,1.4608091361528917e-05,0.0
2001-07-30,0.0003311775877576917,1.0967859463300357e-07,0.0
2001-07-31,0.004137506527908341,1.7118960268484135e-05,0.0
2001-08-01,0.0062630884210477245,3.922627656986208e-05,0.0
2001-08-02,0.004094321292943626,1.676346684985156e-05,0.0
2001-08-03,-0.005464198903407436,2.9857469655999023e-05,2.9857469655999023e-05
2001-08-06,-0.013449303651388633,0.00018088376870725563,0.00018088376870725563
2001-08-07,0.0039064130255601626,1.5260062726266103e-05,0.0
2001-08-08,-0.01854742756723382,0.0003440070693617851,0.0003440070693617851
2001-08-09,0.0029525086466974937,8.717307308823465e-06,0.0
2001-08-10,0.003449303622882649,1.1897695482831368e-05,0.0
2001-08-13,0.00025132205243538763,6.316277404033573e-08,0.0
2001-08-14,-0.0004188652657760583,1.7544811087364797e-07,1.7544811087364797e-07
2001-08-15,-0.008635897157685868,7.457871971812686e-05,7.457871971812686e-05
2001-08-16,0.0034675668943382476,1.2024020166710599e-05,0.0
2001-08-17,-0.016013826781269058,0.00025644264818049014,0.00025644264818049014
2001-08-20,0.009250798619574896,8.55772750999288e-05,0.0
2001-08-21,-0.01705861051227997,0.0002909961926096687,0.0002909961926096687
2001-08-22,0.01036110651585398,0.00010735252823287179,0.0
2001-08-23,-0.003589322081677837,1.2883233006020122e-05,1.2883233006020122e-05
2001-08-24,0.020754387742581315,0.00043074461056940953,0.0
2001-08-27,-0.005964270353945977,3.557252085495887e-05,3.557252085495887e-05
2001-08-28,-0.014623377512540059,0.00021384316987426227,0.00021384316987426227
2001-08-29,-0.00892057909451649,7.957673138152464e-05,7.957673138152464e-05
2001-08-30,-0.01921430548559544,0.000369189535293783,0.000369189535293783
2001-08-31,0.007324423157265336,5.364717458668472e-05,0.0
2001-09-04,-0.00639559875482798,4.090368343275721e-05,4.090368343275721e-05
2001-09-05,0.002469080239878352,6.096357230957739e-06,0.0
2001-09-06,-0.025769327522576768,0.0006640582409658325,0.0006640582409658325
2001-09-07,-0.018506827653483993,0.0003425026697957598,0.0003425026697957598
2001-09-10,0.012233453668950567,0.0001496573886703601,0.0
2001-09-17,-0.052249660069562665,0.002730026977384851,0.002730026977384851
2001-09-18,-0.002396500420076886,5.74321426342869e-06,5.74321426342869e-06
2001-09-19,-0.02018241724908354,0.0004073299660161048,0.0004073299660161048
2001-09-20,-0.03178152486206032,0.0010100653225577582,0.0010100653225577582
2001-09-21,-0.010787536538704345,0.00011637094457388132,0.00011637094457388132
2001-09-24,0.035155468651636435,0.0012359069761161922,0.0
2001-09-25,0.010427179091110128,0.00010872606379808424,0.0
2001-09-26,-0.003537902011788052,1.2516750645013946e-05,1.2516750645013946e-05
2001-09-27,0.00867911936738519,7.532711299332072e-05,0.0
2001-09-28,0.02121858224819695,0.0004502282326234987,0.0
2001-10-01,-0.0016277752104272292,2.6496521356814104e-06,2.6496521356814104e-06
2001-10-02,0.012563154658933318,0.00015783285498427793,0.0
2001-10-03,0.016765030087934063,0.00028106623384933444,0.0
2001-10-04,0.0008388085338064677,7.035997563865561e-07,0.0
2001-10-05,-0.001954986966753558,3.8219740401762776e-06,3.8219740401762776e-06
2001-10-08,-0.00652771817090303,4.2611104518737594e-05,4.2611104518737594e-05
2001-10-09,-0.005351177689400188,2.863510266353434e-05,2.863510266353434e-05
2001-10-10,0.022273015432380694,0.0004960872164510685,0.0
2001-10-11,0.015509092468029229,0.00024053194918188095,0.0
2001-10-12,-0.004545010581149311,2.06571211827592e-05,2.06571211827592e-05
2001-10-15,-0.0018271769679764072,3.3385756723034563e-06,3.3385756723034563e-06
2001-10-16,0.006313224535980266,3.985680404170325e-05,0.0
2001-10-17,-0.021274057885555364,0.00045258553891796037,0.00045258553891796037
2001-10-18,-0.0021370310294775985,4.5669016209500845e-06,4.5669016209500845e-06
2001-10-19,-0.0006515617255550277,4.245326822082452e-07,4.245326822082452e-07
2001-10-22,0.0197480861031456,0.0003899869047372524,0.0
2001-10-23,-0.005115101227881613,2.616426057147599e-05,2.616426057147599e-05
2001-10-24,-0.002662992223339322,7.091527581565706e-06,7.091527581565706e-06
2001-10-25,0.01795271758644268,0.00032230006873856825,0.0
2001-10-26,-0.0022614373115131814,5.114098713903966e-06,5.114098713903966e-06
2001-10-29,-0.02601526516006125,0.0006767940213482968,0.0006767940213482968
2001-10-30,-0.01200492395751973,0.0001441181992258312,0.0001441181992258312
2001-10-31,-0.003391269488301485,1.1500708742284615e-05,1.1500708742284615e-05
2001-11-01,0.025614721150279962,0.0006561139396065996,0.0
2001-11-02,0.00681882290401048,4.649634579625791e-05,0.0
2001-11-05,0.013089737799853562,0.0001713412356689152,0.0
2001-11-06,0.015540152981200706,0.00024149635467912118,0.0
2001-11-07,-0.0013348137219020284,1.7817276721779456e-06,1.7817276721779456e-06
2001-11-08,0.0031183737747764173,9.724254999213321e-06,0.0
2001-11-09,0.0010658057949810562,1.1359419926152012e-06,0.0
2001-11-12,-0.006121355556183983,3.747099384522452e-05,3.747099384522452e-05
2001-11-13,0.022493665921008654,0.0005059650065659461,0.0
2001-11-14,0.000960539811493577,9.226367294641165e-07,0.0
2001-11-15,0.0018312598524310442,3.3535126471257696e-06,0.0
2001-11-16,-0.0044395129224859,1.9709274988919294e-05,1.9709274988919294e-05
2001-11-19,0.012329153641338353,0.00015200802951172677,0.0
2001-11-20,-0.008378873528886777,7.020552161307955e-05,7.020552161307955e-05
2001-11-21,-0.006619916881105192,4.3823299512741496e-05,4.3823299512741496e-05
2001-11-23,0.014381145041963528,0.00020681733271799216,0.0
2001-11-26,0.0021606126617041976,4.668247073916498e-06,0.0
2001-11-27,-0.0043127327456709,1.8599663735582056e-05,1.8599663735582056e-05
2001-11-28,-0.018105951561230182,0.0003278254819376137,0.0003278254819376137
2001-11-29,0.013498957109900456,0.00018222184305493206,0.0
2001-11-30,-0.0071382013648911835,5.0953918725734356e-05,5.0953918725734356e-05
2001-12-03,-0.0059625707770706304,3.5552250271576664e-05,3.5552250271576664e-05
2001-12-04,0.01693570465841132,0.00028681809227693494,0.0
2001-12-05,0.01830147857109954,0.0003349441178884156,0.0
2001-12-06,-0.000510657301972306,2.6077088005763486e-07,2.6077088005763486e-07
2001-12-07,-0.006647532159259173,4.418968380838492e-05,4.418968380838492e-05
2001-12-10,-0.018702745518470287,0.0003497926899286604,0.0003497926899286604
2001-12-11,-0.00201129124355115,4.045292466385531e-06,4.045292466385531e-06
2001-12-12,0.0011392851973659468,1.2979707609371644e-06,0.0
2001-12-13,-0.01942582442549534,0.0003773626546101714,0.0003773626546101714
2001-12-14,0.009548244360911173,9.116897037567202e-05,0.0
2001-12-17,0.010342528661888117,0.00010696789912197721,0.0
2001-12-18,0.005948588098082075,3.5385700360643714e-05,0.0
2001-12-19,0.007044784053432007,4.96289823594899e-05,0.0
2001-12-20,-0.009845231484698513,9.692858298729889e-05,9.692858298729889e-05
2001-12-21,0.00606537426395426,3.678876496183868e-05,0.0
2001-12-24,-0.0019142487753402992,3.6643483738918353e-06,3.6643483738918353e-06
2001-12-26,0.005491518885748059,3.0156779672527604e-05,0.0
2001-12-27,0.0060679162345196325,3.681960742914691e-05,0.0
2001-12-28,-0.0005171400402927961,2.674338212740348e-07,2.674338212740348e-07
2001-12-31,-0.014654891173641493,0.00021476583531127534,0.00021476583531127534
2002-01-02,0.010760603020096404,0.00011579057735610786,0.0
2002-01-03,0.011339586844806515,0.00012858622981090897,0.0
2002-01-04,0.0066758013807557415,4.4566324075300266e-05,0.0
2002-01-07,-0.007056545723464813,4.979483754734955e-05,4.979483754734955e-05
2002-01-08,-0.0023119218094516114,5.344982453018013e-06,5.344982453018013e-06
2002-01-09,-0.008153359447308106,6.647727027700834e-05,6.647727027700834e-05
2002-01-10,0.0044128354341173015,1.9473116568601232e-05,0.0
2002-01-11,-0.009820280433322615,9.6437907789099e-05,9.6437907789099e-05
2002-01-14,-0.0062641813775548005,3.923996833090436e-05,3.923996833090436e-05
2002-01-15,0.00814203476605413,6.629273013163412e-05,0.0
2002-01-16,-0.02023444770829652,0.00040943287405978635,0.00040943287405978635
2002-01-17,0.007533925388556684,5.676003176033898e-05,0.0
2002-01-18,-0.004574824722076043,2.0929021237718143e-05,2.0929021237718143e-05
2002-01-22,-0.006893196615445851,4.751615957919414e-05,4.751615957919414e-05
2002-01-23,0.007653452030832675,5.8575327988256794e-05,0.0
2002-01-24,0.003090662335368588,9.552193671266015e-06,0.0
2002-01-25,-0.0002640587729259014,6.972703555913277e-08,6.972703555913277e-08
2002-01-28,0.002730026498764415,7.453044683955891e-06,0.0
2002-01-29,-0.03144174174949188,0.0009885831242417407,0.0009885831242417407
2002-01-30,0.01441724062230465,0.0002078568271614314,0.0
2002-01-31,0.011710577655117405,0.00013713762901653505,0.0
2002-02-01,-0.004682925249997472,2.1929788897063882e-05,2.1929788897063882e-05
2002-02-04,-0.024855773297706718,0.0006178094662269903,0.0006178094662269903
2002-02-05,-0.006190009106968097,3.831621274434798e-05,3.831621274434798e-05
2002-02-06,-0.004305594559454673,1.853814451040568e-05,1.853814451040568e-05
2002-02-07,-0.006255825949282978,3.9135358307722275e-05,3.9135358307722275e-05
2002-02-08,0.019163493676708,0.00036723948989722744,0.0
2002-02-11,0.012262793820979168,0.00015037611229584485,0.0
2002-02-12,-0.0031411597075382547,9.866884308261813e-06,9.866884308261813e-06
2002-02-13,0.010622075802085185,0.00011282849434524363,0.0
2002-02-14,-0.0018704029372034192,3.4984071474991777e-06,3.4984071474991777e-06
2002-02-15,-0.010440950668267779,0.00010901345085720138,0.00010901345085720138
2002-02-19,-0.019208548948471904,0.0003689683527058411,0.0003689683527058411
2002-02-20,0.01682636431584772,0.0002831265360896335,0.0
2002-02-21,-0.020707010453873242,0.00042878028193681577,0.00042878028193681577
2002-02-22,0.012372764560899308,0.00015308530287944582,0.0
2002-02-25,0.01650901579807318,0.0002725476026210298,0.0
2002-02-26,-0.002063709959778337,4.258898798088306e-06,4.258898798088306e-06
2002-02-27,0.003865972627133951,1.4945744353748984e-05,0.0
2002-02-28,-0.004478049767024372,2.0052929715947035e-05,2.0052929715947035e-05
2002-03-01,0.02330142270094293,0.0005429562998880185,0.0
2002-03-04,0.017672177324248084,0.0003123058513796682,0.0
2002-03-05,-0.003196663021745927,1.02186544745978e-05,1.02186544745978e-05
2002-03-06,0.011873790975621912,0.00014098691213276036,0.0
2002-03-07,-0.002141013632543376,4.583939374736582e-06,4.583939374736582e-06
2002-03-08,0.0042055375685532415,1.768654624051271e-05,0.0
2002-03-11,0.002137130217288563,4.567325565647861e-06,0.0
2002-03-12,-0.0005971731032828886,3.566157152845156e-07,3.566157152845156e-07
2002-03-13,-0.009643940188522993,9.300558235980889e-05,9.300558235980889e-05
2002-03-14,-0.0013794486449877352,1.9028785641584987e-06,1.9028785641584987e-06
2002-03-15,0.009528931027976029,9.080052653592429e-05,0.0
2002-03-18,0.0001716623320571209,2.9467956247289236e-08,0.0
2002-03-19,0.006685039246783875,4.468974973104072e-05,0.0
2002-03-20,-0.01881615761644162,0.000354047787446774,0.000354047787446774
2002-03-21,0.0004337890142469547,1.8817290888134467e-07,0.0
2002-03-22,-0.0021685190913025565,4.702475049343666e-06,4.702475049343666e-06
2002-03-25,-0.01243057645862522,0.0001545192310937275,0.0001545192310937275
2002-03-26,0.00580913027711305,3.3745994576471544e-05,0.0
2002-03-27,0.00262628252915853,6.897359922963326e-06,0.0
2002-03-28,-0.0004371539435230609,1.9110357033776354e-07,1.9110357033776354e-07
2002-04-01,0.00043734513067161807,1.9127076332217468e-07,0.0
2002-04-02,-0.0054988002081192144,3.0236803728811915e-05,3.0236803728811915e-05
2002-04-03,-0.007021163753441195,4.929674045263645e-05,4.929674045263645e-05
2002-04-04,-0.004154494824103128,1.7259827243499676e-05,1.7259827243499676e-05
2002-04-05,0.00017783144190453015,3.162402172984428e-08,0.0
2002-04-08,0.002129387110639147,4.5342894669561355e-06,0.0
2002-04-09,-0.006995511926615183,4.8937187115415274e-05,4.8937187115415274e-05
2002-04-10,0.011324986142082771,0.00012825531111836683,0.0
2002-04-11,-0.024865859648858568,0.0006183109760767327,0.0006183109760767327
2002-04-12,0.0075055658860927466,5.633351927047919e-05,0.0
2002-04-15,-0.007628839746241289,5.819919587383086e-05,5.819919587383086e-05
2002-04-16,0.023785792789664972,0.0005657639386328782,0.0
2002-04-17,-0.0021200044055850187,4.494418679699888e-06,4.494418679699888e-06
2002-04-18,-0.0043382818030659465,1.882068900281312e-05,1.882068900281312e-05
2002-04-19,0.003645753622575354,1.3291519476521317e-05,0.0
2002-04-22,-0.016654689663913147,0.0002773786878012554,0.0002773786878012554
2002-04-23,-0.004324364877945186,1.8700131597605884e-05,1.8700131597605884e-05
2002-04-24,-0.01004345185615485,0.0001008709251869003,0.0001008709251869003
2002-04-25,0.0005483062465494459,3.006397400051418e-07,0.0
2002-04-26,-0.01900053153417236,0.00036102019858107827,0.00036102019858107827
2002-04-29,-0.004935451073650343,2.4358677300396326e-05,2.4358677300396326e-05
2002-04-30,0.009358248550259018,8.757681592842502e-05,0.0
2002-05-01,0.012237953747175734,0.0001497675119180126,0.0
2002-05-02,-0.003846772753887895,1.4797660620054258e-05,1.4797660620054258e-05
2002-05-03,-0.010849729307586986,0.00011771662604791198,0.00011771662604791198
2002-05-06,-0.019613211753018556,0.0003846780752687452,0.0003846780752687452
2002-05-07,-0.0035078890950066555,1.2305285902866613e-05,1.2305285902866613e-05
2002-05-08,0.03720279934972437,0.001384048279455852,0.0
2002-05-09,-0.011558963795886279,0.00013360964403460974,0.00013360964403460974
2002-05-10,-0.018839891692339128,0.00035494151897906887,0.00035494151897906887
2002-05-13,0.020336649090524128,0.00041357929623111583,0.0
2002-05-14,0.021785350235326018,0.00047460148487581935,0.0
2002-05-15,-0.003900992183378138,1.5217740014777333e-05,1.5217740014777333e-05
2002-05-16,0.005191582781207238,2.695253177412748e-05,0.0
2002-05-17,0.0048927075256886,2.393858693192986e-05,0.0
2002-05-20,-0.010819864393885381,0.00011706946550206867,0.00011706946550206867
2002-05-21,-0.00911564725896885,8.309502494994633e-05,8.309502494994633e-05
2002-05-22,0.0022077681134113902,4.874240042596089e-06,0.0
2002-05-23,0.01064777155998975,0.00011337503919372654,0.0
2002-05-24,-0.012806439573189055,0.00016400489454174267,0.00016400489454174267
2002-05-28,-0.005428685998008831,2.9470631664977137e-05,2.9470631664977137e-05
2002-05-29,-0.0074005913844860105,5.476875284012856e-05,5.476875284012856e-05
2002-05-30,-0.0027952221965605872,7.813267128144994e-06,7.813267128144994e-06
2002-05-31,0.002055811917655692,4.226362640775175e-06,0.0
2002-06-03,-0.026581106679248623,0.0007065552322935957,0.0007065552322935957
2002-06-04,0.002491109431958405,6.205626201992126e-06,0.0
2002-06-05,0.009366321220906304,8.772797321319976e-05,0.0
2002-06-06,-0.020357611740189574,0.00041443235576430436,0.00041443235576430436
2002-06-07,-0.001160022840422048,1.3456529903008365e-06,1.3456529903008365e-06
2002-06-10,0.003870621286488518,1.4981709143418032e-05,0.0
2002-06-11,-0.01715841349455194,0.0002944111536500221,0.0002944111536500221
2002-06-12,0.006081026130401845,3.697887879863004e-05,0.0
2002-06-13,-0.010040594657436341,0.0001008135410749392,0.0001008135410749392
2002-06-14,-0.00147762235621951,2.1833678275996968e-06,2.1833678275996968e-06
2002-06-17,0.026825266372046297,0.0007195949159312379,0.0
2002-06-18,0.008163021162080009,6.663491449256605e-05,0.0
2002-06-19,-0.023339447625275067,0.000544729815452958,0.000544729815452958
2002-06-20,-0.012778657703458762,0.00016329409270216596,0.00016329409270216596
2002-06-21,-0.01563543716739524,0.00024446689541556444,0.00024446689541556444
2002-06-24,0.005237123841076663,2.742746612677358e-05,0.0
2002-06-25,-0.02244490390350007,0.0005037737112373527,0.0005037737112373527
2002-06-26,0.0016402295049011695,2.6903528287483355e-06,0.0
2002-06-27,0.017499632546185806,0.0003062371392515255,0.0
2002-06-28,-0.004727914138183076,2.2353172098031417e-05,2.2353172098031417e-05
2002-07-01,-0.01950249524069725,0.00038034732061341885,0.00038034732061341885
2002-07-02,-0.021230384857948703,0.00045072924121661756,0.00045072924121661756
2002-07-03,0.0056854746457368766,3.232462194731686e-05,0.0
2002-07-05,0.03978733057128614,0.0015830316739888007,0.0
2002-07-08,-0.012486294543255227,0.00015590755142092528,0.00015590755142092528
2002-07-09,-0.025186550241259154,0.0006343623130554715,0.0006343623130554715
2002-07-10,-0.036401653565613645,0.0013250803823109526,0.0013250803823109526
2002-07-11,0.008141540431447547,6.628468059689512e-05,0.0
2002-07-12,-0.010983287132342645,0.00012063259623148353,0.00012063259623148353
2002-07-15,0.0053351526882268185,2.846385420669385e-05,0.0
2002-07-16,-0.01927677295794261,0.00037159397567206753,0.00037159397567206753
2002-07-17,0.001987686577319847,3.950897929657488e-06,0.0
2002-07-18,-0.032400210451124845,0.0010497736372771795,0.0010497736372771795
2002-07-19,-0.03519399191430517,0.0012386170668641774,0.0012386170668641774
2002-07-22,-0.02963012426319267,0.000877944263852239,0.000877944263852239
2002-07-23,-0.027372500799959787,0.0007492538000437992,0.0007492538000437992
2002-07-24,0.05966221907838398,0.0035595803853570858,0.0
2002-07-25,-0.008498537321159572,7.222513659914211e-05,7.222513659914211e-05
2002-07-26,0.019047842877426335,0.0003628203182831212,0.0
2002-07-29,0.04871533117675142,0.0023731834916605687,0.0
2002-07-30,0.013033195326738412,0.00016986418042491596,0.0
2002-07-31,0.0024185564394398895,5.849415250756156e-06,0.0
2002-08-01,-0.026107521736438155,0.0006816026912185907,0.0006816026912185907
2002-08-02,-0.02241537270218341,0.0005024489333777893,0.0005024489333777893
2002-08-05,-0.03479633602342769,0.0012107850006552914,0.0012107850006552914
2002-08-06,0.03366369454004392,0.001133244330085383,0.0
2002-08-07,0.01743855100070868,0.0003041030610043177,0.0
2002-08-08,0.032349583076654476,0.0010464955252333698,0.0
2002-08-09,0.003737949569232679,1.3972266982126771e-05,0.0
2002-08-12,-0.007339284407792079,5.3865095618459934e-05,5.3865095618459934e-05
2002-08-13,-0.018207379380824285,0.0003315086639172653,0.0003315086639172653
2002-08-14,0.036528829755924974,0.0013343554033373498,0.0
2002-08-15,0.013880181056819207,0.00019265942617008276,0.0
2002-08-16,-0.002994613665378343,8.967711004870713e-06,8.967711004870713e-06
2002-08-19,0.023385612049788396,0.0005468868509432082,0.0
2002-08-20,-0.010587485758374426,0.00011209485468378131,0.00011209485468378131
2002-08-21,0.014408831744253447,0.00020761443223420585,0.0
2002-08-22,0.009712642479024813,9.433542392535727e-05,0.0
2002-08-23,-0.021514615900563583,0.00046287869734878333,0.00046287869734878333
2002-08-26,0.006976955459451428,4.867790748316909e-05,0.0
2002-08-27,-0.0115470502057613,0.00013333436845437208,0.00013333436845437208
2002-08-28,-0.02187779477463181,0.0004786379042009069,0.0004786379042009069
2002-08-29,0.0004344791067212306,1.8877209417727848e-07,0.0
2002-08-30,-0.003907523212245412,1.52687376542367e-05,1.52687376542367e-05
2002-09-03,-0.03813479803299047,0.0014542628210169738,0.0014542628210169738
2002-09-04,0.014273225417922975,0.00020372496383084247,0.0
2002-09-05,-0.00848801809995614,7.204645126518305e-05,7.204645126518305e-05
2002-09-06,0.013741976379382237,0.00018884191481149934,0.0
2002-09-09,0.0073332899881062286,5.377714204965905e-05,0.0
2002-09-10,0.011471646930279134,0.00013159868329298266,0.0
2002-09-11,-0.006216173744244435,3.8640816018633886e-05,3.8640816018633886e-05
2002-09-12,-0.018434965322799313,0.00033984794645281315,0.00033984794645281315
2002-09-13,0.0024593054593105013,6.0481833421944355e-06,0.0
2002-09-16,0.0024533380300879593,6.018867489875869e-06,0.0
2002-09-17,-0.02291672173644632,0.0005251761351457113,0.0005251761351457113
2002-09-18,-0.010019744323162216,0.00010039527630154146,0.00010039527630154146
2002-09-19,-0.025876422352820616,0.0006695892337815544,0.0006695892337815544
2002-09-20,0.0003321024352131996,1.1029202747453743e-07,0.0
2002-09-23,-0.008180234292022637,6.691623307238308e-05,6.691623307238308e-05
2002-09-24,-0.01613704151823958,0.000260404108961388,0.000260404108961388
2002-09-25,0.02478469561059793,0.0006142811365099923,0.0
2002-09-26,0.016359770974926136,0.00026764210635203564,0.0
2002-09-27,-0.034760072748053816,0.0012082626574499936,0.0012082626574499936
2002-09-30,-0.011600709135282883,0.00013457645244143574,0.00013457645244143574
2002-10-01,0.0480492168744433,0.002308727242247287,0.0
2002-10-02,-0.029981282292370404,0.0008988772878948031,0.0008988772878948031
2002-10-03,-0.01010209163188025,0.00010205225533890497,0.00010205225533890497
2002-10-04,-0.018345027057860452,0.00033654001775363214,0.00033654001775363214
2002-10-07,-0.02066857533661759,0.0004271900064454369,0.0004271900064454369
2002-10-08,0.015670490331746834,0.000245564267237371,0.0
2002-10-09,-0.028244512731783078,0.0007977524994558564,0.0007977524994558564
2002-10-10,0.03239458469363066,0.0010494091174728095,0.0
2002-10-11,0.04378052594109749,0.0019167344516791104,0.0
2002-10-14,0.005583823175809854,3.117908125871125e-05,0.0
2002-10-15,0.048091922202153414,0.0023128329810979766,0.0
2002-10-16,-0.024239217419172787,0.0005875396610939295,0.0005875396610939295
2002-10-17,0.019873761765189624,0.000394966406699513,0.0
2002-10-18,0.0041911616626066905,1.7565836082104078e-05,0.0
2002-10-21,0.0172604729082928,0.0002979239250179097,0.0
2002-10-22,-0.007207839918359271,5.195295628869339e-05,5.195295628869339e-05
2002-10-23,0.007595600685716741,5.769314977686063e-05,0.0
2002-10-24,-0.020398485625194973,0.00041609821580128597,0.00041609821580128597
2002-10-25,0.020823248357485058,0.00043360767215750416,0.0
2002-10-28,-0.0065406148960840405,4.277964321887644e-05,4.277964321887644e-05
2002-10-29,-0.011606470835680338,0.00013471016525949824,0.00013471016525949824
2002-10-30,0.009710451039023571,9.429285938127395e-05,0.0
2002-10-31,-0.010176086512526883,0.00010355273671043154,0.00010355273671043154
2002-11-01,0.019769894002178212,0.00039084870885736203,0.0
2002-11-04,0.009526858983856856,9.07610420982941e-05,0.0
2002-11-05,0.007900428246305546,6.241676647502254e-05,0.0
2002-11-06,0.012956240328241497,0.00016786416344315134,0.0
2002-11-07,-0.024505688021962735,0.0006005287454297678,0.0006005287454297678
2002-11-08,-0.012230095161430588,0.00014957522765764788,0.00014957522765764788
2002-11-11,-0.015504782163393016,0.0002403982699342702,0.0002403982699342702
2002-11-12,0.007931586491308096,6.291006426910107e-05,0.0
2002-11-13,0.0010113698074694089,1.0228688874607091e-06,0.0
2002-11-14,0.018865886053365477,0.00035592165657857003,0.0
2002-11-15,0.007384246806112271,5.452710089357928e-05,0.0
2002-11-18,-0.010065498975649012,0.00010131426962879131,0.00010131426962879131
2002-11-19,-0.0013260566489579073,1.7584262362454747e-06,1.7584262362454747e-06
2002-11-20,0.022244099987581478,0.0004947999842575224,0.0
2002-11-21,0.018621435826400967,0.00034675787223676947,0.0
2002-11-22,-0.007121173839518935,5.071111685264885e-05,5.071111685264885e-05
2002-11-25,0.0006420361534444918,4.1221042232979906e-07,0.0
2002-11-26,-0.01904118820771128,0.0003625668483614831,0.0003625668483614831
2002-11-27,0.028135263694182067,0.0007915930631411596,0.0
2002-11-29,-0.003181834012120466,1.012406768068662e-05,1.012406768068662e-05
2002-12-02,0.001595869972661923,2.546800969643967e-06,0.0
2002-12-03,-0.013386124175252423,0.00017918832043527737,0.00017918832043527737
2002-12-04,-0.004522327781642743,2.0451448564617773e-05,2.0451448564617773e-05
2002-12-05,-0.011032825869637275,0.00012172324666973749,0.00012172324666973749
2002-12-06,0.006561775821610549,4.30569019330728e-05,0.0
2002-12-09,-0.027490592444684325,0.0007557326729597349,0.0007557326729597349
2002-12-10,0.013407539509693311,0.00017976211570398717,0.0
2002-12-11,0.0008826504972623272,7.790719003174335e-07,0.0
2002-12-12,-0.00011058241997508045,1.2228471607545072e-08,1.2228471607545072e-08
2002-12-13,-0.015753838350685,0.0002481834227795135,0.0002481834227795135
2002-12-16,0.025855897575969067,0.0006685274394590031,0.0
2002-12-17,-0.008729106032269396,7.619729212260195e-05,7.619729212260195e-05
2002-12-18,-0.011556942608310194,0.00013356292245177563,0.00013356292245177563
2002-12-19,-0.00712744891179129,5.080052799019484e-05,5.080052799019484e-05
2002-12-20,0.01426964955129284,0.00020362289831671196,0.0
2002-12-23,0.0003336737742825058,1.1133818764393261e-07,0.0
2002-12-24,-0.007443230633211839,5.5401682259183116e-05,5.5401682259183116e-05
2002-12-26,0.00044753903990057964,2.0029119223513263e-07,0.0
2002-12-27,-0.022486031387871197,0.0005056216075763287,0.0005056216075763287
2002-12-30,0.008354930938481386,6.980487098679346e-05,0.0
2002-12-31,0.0013617113355390842,1.8542577613356363e-06,0.0
2003-01-02,0.03218871957637681,0.0010361136679666238,0.0
2003-01-03,0.0030743772979466844,9.451795770129956e-06,0.0
2003-01-06,0.017624561890670742,0.00031062518183808346,0.0
2003-01-07,-0.0024746919957411295,6.124100473785215e-06,6.124100473785215e-06
2003-01-08,-0.014450603881329238,0.00020881995253508765,0.00020881995253508765
2003-01-09,0.015538865873781171,0.00024145635264336107,0.0
2003-01-10,0.002692824220616563,7.251302283139201e-06,0.0
2003-01-13,-0.00032209993806542325,1.0374837010174949e-07,1.0374837010174949e-07
2003-01-14,0.003225436104843382,1.040343806642725e-05,0.0
2003-01-15,-0.009965738753730857,9.931594890761306e-05,9.931594890761306e-05
2003-01-16,-0.004111885100172241,1.690759907701848e-05,1.690759907701848e-05
2003-01-17,-0.014779590584322655,0.00021843629784019887,0.00021843629784019887
2003-01-21,-0.015552563402776554,0.00024188222839738462,0.00024188222839738462
2003-01-22,-0.012100571286107309,0.0001464238254501647,0.0001464238254501647
2003-01-23,0.006124327900887128,3.750739223758453e-05,0.0
2003-01-24,-0.026265460201009838,0.0006898743995708318,0.0006898743995708318
2003-01-27,-0.01366050985534506,0.0001866095295079795,0.0001866095295079795
2003-01-28,0.007394843052794586,5.4683703775464356e-05,0.0
2003-01-29,0.007573132034445429,5.7352328811143565e-05,0.0
2003-01-30,-0.023704915160108975,0.0005619230027479643,0.0005619230027479643
2003-01-31,0.01930544346218399,0.0003727001472715826,0.0
2003-02-03,0.0019750776069147324,3.900931553336026e-06,0.0
2003-02-04,-0.009856804606112157,9.715659704307384e-05,9.715659704307384e-05
2003-02-05,-0.006207865170465787,3.853758997468222e-05,3.853758997468222e-05
2003-02-06,-0.004714674481256731,2.2228155464213424e-05,2.2228155464213424e-05
2003-02-07,-0.012196211059295914,0.00014874756420289197,0.00014874756420289197
2003-02-10,0.0070725089932197616,5.0020383459174406e-05,0.0
2003-02-11,-0.006903581887420018,4.7659442876313746e-05,4.7659442876313746e-05
2003-02-12,-0.015941747328870548,0.0002541393078975513,0.0002541393078975513
2003-02-13,0.0030453193994290917,9.273970244539163e-06,0.0
2003-02-14,0.021857269557442827,0.00047774023250671694,0.0
2003-02-18,0.01758812047916103,0.0003093419819894836,0.0
2003-02-19,-0.005255643780633479,2.7621791548911366e-05,2.7621791548911366e-05
2003-02-20,-0.009978654486802685,9.957354536698736e-05,9.957354536698736e-05
2003-02-21,0.01007923165700042,0.00010159091079547944,0.0
2003-02-24,-0.01620048215246017,0.00026245562197218055,0.00026245562197218055
2003-02-25,0.007995284806953329,6.392457914429873e-05,0.0
2003-02-26,-0.014561952228422714,0.00021205045270286524,0.00021205045270286524
2003-02-27,0.013214972738992303,0.00017463550449230974,0.0
2003-02-28,0.006639682297235439,4.408538100822167e-05,0.0
2003-03-03,-0.009540359723275382,9.101846364949513e-05,9.101846364949513e-05
2003-03-04,-0.015935356390506694,0.00025393558329246256,0.00025393558329246256
2003-03-05,0.008459251485914976,7.155893570195473e-05,0.0
2003-03-06,-0.008388292807518738,7.03634562246706e-05,7.03634562246706e-05
2003-03-07,0.006888475088036916,4.7451089038505197e-05,0.0
2003-03-10,-0.024003859103371328,0.0005761852518545025,0.0005761852518545025
2003-03-11,-0.009837873288336074,9.678375083735644e-05,9.678375083735644e-05
2003-03-12,0.006706624397835981,4.497881081364883e-05,0.0
2003-03-13,0.03454252880139319,0.001193186295995078,0.0
2003-03-14,0.0032193701259686236,1.0364344007979232e-05,0.0
2003-03-17,0.03149891829088913,0.00099218185349611,0.0
2003-03-18,0.005876814756280657,3.453695167963808e-05,0.0
2003-03-19,0.007675822109560748,5.8918245057621616e-05,0.0
2003-03-20,0.002160219305197497,4.666547446547957e-06,0.0
2003-03-21,0.021344987499396284,0.00045560849134938363,0.0
2003-03-24,-0.033233212373894205,0.001104446404688355,0.001104446404688355
2003-03-25,0.009574401382952624,9.166916184188513e-05,0.0
2003-03-26,-0.005027538948150334,2.5276147875168568e-05,2.5276147875168568e-05
2003-03-27,0.00080414972602183,6.466567818609842e-07,0.0
2003-03-28,-0.005048748918077384,2.548986563778755e-05,2.548986563778755e-05
2003-03-31,-0.022719475249331378,0.0005161745556049811,0.0005161745556049811
2003-04-01,0.015340461860096966,0.00023532977008108966,0.0
2003-04-02,0.024174794917551923,0.0005844207093056942,0.0
2003-04-03,-0.004765904421547673,2.271384495532766e-05,2.271384495532766e-05
2003-04-04,0.005929599973612865,3.516015584706969e-05,0.0
2003-04-07,-0.001927509333615407,3.7152922311745105e-06,3.7152922311745105e-06
2003-04-08,0.001590714508739044,2.530372648312898e-06,0.0
2003-04-09,-0.013154134004301432,0.00017303124140311923,0.00017303124140311923
2003-04-10,0.005515615716757294,3.0422016734940078e-05,0.0
2003-04-11,-0.004113553921584967,1.692132586578706e-05,1.692132586578706e-05
2003-04-14,0.020653662583099086,0.0004265737780965072,0.0
2003-04-15,0.009331140825363793,8.707018910277088e-05,0.0
2003-04-16,-0.01704154886841569,0.0002904143878346001,0.0002904143878346001
2003-04-17,0.014844187609817538,0.00022034990579546053,0.0
2003-04-21,0.0010051745390253775,1.01037585390488e-06,0.0
2003-04-22,0.018850930846677993,0.0003553575937862359,0.0
2003-04-23,0.009196099362849042,8.456824349139256e-05,0.0
2003-04-24,-0.008895672063174875,7.913298145554994e-05,7.913298145554994e-05
2003-04-25,-0.012368455809584789,0.00015297869911365172,0.00015297869911365172
2003-04-28,0.01728929970806159,0.00029891988439517854,0.0
2003-04-29,0.0034863915916916177,1.2154926330618012e-05,0.0
2003-04-30,-0.002172184102084196,4.718383773347324e-06,4.718383773347324e-06
2003-05-01,-0.00010837925174411733,1.174606220861476e-08,1.174606220861476e-08
2003-05-02,0.014254749055164329,0.0002031978706257083,0.0
2003-05-05,-0.0019309378591648718,3.7285210159562185e-06,3.7285210159562185e-06
2003-05-06,0.009459156514661116,8.947564196885582e-05,0.0
2003-05-07,-0.005537181501210742,3.0660378977350445e-05,3.0660378977350445e-05
2003-05-08,-0.010065599409089465,0.0001013162914642622,0.0001013162914642622
2003-05-09,0.013845446440405196,0.00019169638713412891,0.0
2003-05-12,0.012269196188295473,0.00015053317510688416,0.0
2003-05-13,-0.0017919647716924114,3.2111377429866362e-06,3.2111377429866362e-06
2003-05-14,-0.0021115075498864266,4.458464133227381e-06,4.458464133227381e-06
2003-05-15,0.0063490988005645566,4.031105557933029e-05,0.0
2003-05-16,-0.002524070587639371,6.37093233138616e-06,6.37093233138616e-06
2003-05-19,-0.023400355246425586,0.0005475766256589174,0.0005475766256589174
2003-05-20,-0.0020506895095693256,4.205327464657681e-06,4.205327464657681e-06
2003-05-21,0.0020549034785759535,4.222628306263554e-06,0.0
2003-05-22,0.00993008847084198,9.860665703874882e-05,0.0
2003-05-23,0.002030214564004984,4.1217711758979475e-06,0.0
2003-05-27,0.01749178468951018,0.0003059625316241828,0.0
2003-05-28,0.002830375537202112,8.011025681592146e-06,0.0
2003-05-29,-0.0026131723956774877,6.8286699695308205e-06,6.8286699695308205e-06
2003-05-30,0.016034391331952724,0.00025710170538620065,0.0
2003-06-02,0.004125742104213348,1.7021747910478783e-05,0.0
2003-06-03,0.004108730387093695,1.6881665393827107e-05,0.0
2003-06-04,0.014424272761904389,0.00020805964470981686,0.0
2003-06-05,0.004942182987456967,2.442517268150907e-05,0.0
2003-06-06,-0.003913935555958981,1.5318891536199935e-05,1.5318891536199935e-05
2003-06-09,-0.010175347927896983,0.00010353770545375742,0.00010353770545375742
2003-06-10,0.010177495966540384,0.0001035814241489458,0.0
2003-06-11,0.010579951764116524,0.00011193537933103236,0.0
2003-06-12,0.003090576474614748,9.551662945442124e-06,0.0
2003-06-13,-0.010435772783379371,0.00010890535358632163,0.00010890535358632163
2003-06-16,0.02109259051849177,0.000444897374780769,0.0
2003-06-17,0.0,0.0,0.0
2003-06-18,-0.0008856490434094866,7.843742280921386e-07,7.843742280921386e-07
2003-06-19,-0.015260470263689707,0.0002328819526689578,0.0002328819526689578
2003-06-20,-0.002207104436646068,4.871309994262757e-06,4.871309994262757e-06
2003-06-23,-0.010257932635274636,0.00010522518194983243,0.00010522518194983243
2003-06-24,0.0010167279498158877,1.0337357239368183e-06,0.0
2003-06-25,-0.010048541032201208,0.00010097317687583132,0.00010097317687583132
2003-06-26,0.01302073185743513,0.0001695394581032261,0.0
2003-06-27,-0.011538002770955735,0.00013312550794258222,0.00013312550794258222
2003-06-30,-0.0003073919370963907,9.44898029918714e-08,9.44898029918714e-08
2003-07-01,0.009218641559836094,8.498335220873724e-05,0.0
2003-07-02,0.012584617961478362,0.0001583726092363638,0.0
2003-07-03,-0.010323373522045598,0.00010657204087567213,0.00010657204087567213
2003-07-07,0.01984950586042955,0.00039400288290322705,0.0
2003-07-08,0.004468915639623594,1.9971206994072357e-05,0.0
2003-07-09,-0.005635028522139818,3.175354644532926e-05,3.175354644532926e-05
2003-07-10,-0.012726774387822992,0.0001619707863185473,0.0001619707863185473
2003-07-11,0.009466581211546421,8.961615983480371e-05,0.0
2003-07-14,0.004888614284692228,2.38985496244969e-05,0.0
2003-07-15,-0.0021842361859550907,4.770887716035642e-06,4.770887716035642e-06
2003-07-16,-0.005870026636842995,3.445721271724629e-05,3.445721271724629e-05
2003-07-17,-0.014211028976527484,0.0002019533445717038,0.0002019533445717038
2003-07-18,0.010253646243659098,0.00010513726129010433,0.0
2003-07-21,-0.012360240692416369,0.00015277554997446548,0.00015277554997446548
2003-07-22,0.00905502299409644,8.199344142361526e-05,0.0
2003-07-23,0.0007065615531838265,4.992292284375413e-07,0.0
2003-07-24,-0.007557646170432641,5.711801563745517e-05,5.711801563745517e-05
2003-07-25,0.01766645017067936,0.00031210346163309676,0.0
2003-07-28,-0.003691524197363627,1.362735089972117e-05,1.362735089972117e-05
2003-07-29,-0.004605781679384302,2.121322487815208e-05,2.121322487815208e-05
2003-07-30,-0.0024152691498677825,5.833525066303041e-06,5.833525066303041e-06
2003-07-31,0.002319851130090811,5.381709265783613e-06,0.0
2003-08-01,-0.008854153146130805,7.839602793513803e-05,7.839602793513803e-05
2003-08-04,0.0,0.0,0.0
2003-08-05,-0.02121633484885188,0.0004501328644186068,0.0004501328644186068
2003-08-06,0.005808584366766345,3.373965234584238e-05,0.0
2003-08-07,0.010518135118632754,0.00011063116637381566,0.0
2003-08-08,0.0028566640809477573,8.160529671377095e-06,0.0
2003-08-11,0.003764293631459026,1.416990654384298e-05,0.0
2003-08-12,0.009123325470983934,8.323506764950422e-05,0.0
2003-08-13,-0.005123299982382923,2.624820270948486e-05,2.624820270948486e-05
2003-08-14,0.002726337466668838,7.432915982162256e-06,0.0
2003-08-15,0.0031218541257602705,9.745973182526422e-06,0.0
2003-08-18,0.008632696027041975,7.45234406953063e-05,0.0
2003-08-19,0.0037808853850875845,1.4295094295168893e-05,0.0
2003-08-20,-0.004064283691172954,1.651840192233445e-05,1.651840192233445e-05
2003-08-21,0.003185232553793993,1.0145706421749002e-05,0.0
2003-08-22,-0.00992337156355061,9.847330318828487e-05,9.847330318828487e-05
2003-08-25,0.0016037043508649873,2.5718676449832903e-06,0.0
2003-08-26,0.0018016421216042744,3.245914334338751e-06,0.0
2003-08-27,0.0002991725562757619,8.950421842857391e-08,0.0
2003-08-28,0.006192191923828361,3.834324082152517e-05,0.0
2003-08-29,0.006747531543519036,4.552918193078439e-05,0.0
2003-09-02,0.01340805216386265,0.00017977586282886187,0.0
2003-09-03,0.005446786149710725,2.9667479360680584e-05,0.0
2003-09-04,0.00048406716266025107,2.3432101796594598e-07,0.0
2003-09-05,-0.005608978231338213,3.146063679962595e-05,3.146063679962595e-05
2003-09-08,0.008266356171121592,6.833264434784003e-05,0.0
2003-09-09,-0.0065585082991898025,4.3014031110541516e-05,4.3014031110541516e-05
2003-09-10,-0.010097689988392555,0.00010196334310168324,0.00010196334310168324
2003-09-11,0.002942801455339872,8.660080405550468e-06,0.0
2003-09-12,0.001857877539423125,3.4517089514929256e-06,0.0
2003-09-15,-0.003514198425723536,1.2349590575357779e-05,1.2349590575357779e-05
2003-09-16,0.014594975318526604,0.00021301330454840075,0.0
2003-09-17,-0.0019305853255093819,3.727159699072166e-06,3.727159699072166e-06
2003-09-18,0.011800856582324881,0.00013926021607660048,0.0
2003-09-19,-0.005086061945845599,2.586802611697872e-05,2.586802611697872e-05
2003-09-22,-0.01080373344149721,0.00011672065627492514,0.00011672065627492514
2003-09-23,0.0038030737994565467,1.4463370324112853e-05,0.0
2003-09-24,-0.01777701198188153,0.0003160221550039595,0.0003160221550039595
2003-09-25,-0.008209249349436454,6.739177488122285e-05,6.739177488122285e-05
2003-09-26,-0.003290305784040992,1.0826112152493609e-05,1.0826112152493609e-05
2003-09-29,0.009804696069943608,9.613206502396764e-05,0.0
2003-09-30,-0.009709497398954992,9.427433974031375e-05,9.427433974031375e-05
2003-10-01,0.021310306050986272,0.0004541291439867021,0.0
2003-10-02,0.003624484488903068,1.3136887810298935e-05,0.0
2003-10-03,0.009174776399645923,8.41765219834998e-05,0.0
2003-10-06,0.0045465224327283504,2.067086623130212e-05,0.0
2003-10-07,0.0038510831289741976,1.4830841266269697e-05,0.0
2003-10-08,-0.0024936509399495765,6.218295010311406e-06,6.218295010311406e-06
2003-10-09,0.002692474763476227,7.249420351956364e-06,0.0
2003-10-10,0.00278105917619631,7.734290141505698e-06,0.0
2003-10-13,0.0031559837640384725,9.960233518874445e-06,0.0
2003-10-14,0.003526826284573792,1.2438503641560577e-05,0.0
2003-10-15,-0.0026598818873866392,7.07497165484751e-06,7.07497165484751e-06
2003-10-16,0.0040005187287088795,1.6004150098750508e-05,0.0
2003-10-17,-0.010910087008745739,0.00011902999853840255,0.00011902999853840255
2003-10-20,0.007481841188548444,5.597794757065999e-05,0.0
2003-10-21,-0.0017139432090704787,2.937601323918811e-06,2.937601323918811e-06
2003-10-22,-0.012588251245211457,0.0001584640694125678,0.0001584640694125678
2003-10-23,-0.001834714046598962,3.366175632787538e-06,3.366175632787538e-06
2003-10-24,0.0022252406411120695,4.9516959108568544e-06,0.0
2003-10-27,0.00048275651623486127,2.3305385396721987e-07,0.0
2003-10-28,0.013606293385505674,0.00018513121969245547,0.0
2003-10-29,0.001332466845945568,1.77546789554413e-06,0.0
2003-10-30,0.002091530462913882,4.374499677296758e-06,0.0
2003-10-31,-0.0009487313779749096,9.000912275541708e-07,9.000912275541708e-07
2003-11-03,0.006553199695792156,4.29444262529304e-05,0.0
2003-11-04,-0.002170141875742271,4.709515760850181e-06,4.709515760850181e-06
2003-11-05,0.0007558976988526478,5.713813311307282e-07,0.0
2003-11-06,0.005291225225309892,2.799706438495572e-05,0.0
2003-11-07,-0.007424720705192844,5.512647755011933e-05,5.512647755011933e-05
2003-11-10,-0.004071640526575937,1.6578256577655575e-05,1.6578256577655575e-05
2003-11-11,-0.00028520369609019713,8.134114826350952e-08,8.134114826350952e-08
2003-11-12,0.011222019822632268,0.00012593372889955156,0.0
2003-11-13,0.0002820102298939364,7.952976976483087e-08,0.0
2003-11-14,-0.008461731551008711,7.160090084133629e-05,7.160090084133629e-05
2003-11-17,-0.00502551400446094,2.5255791009033036e-05,2.5255791009033036e-05
2003-11-18,-0.010387677915672078,0.0001079038524797414,0.0001079038524797414
2003-11-19,0.008474080212090618,7.181003544094577e-05,0.0
2003-11-20,-0.008976228968907818,8.05726865022599e-05,8.05726865022599e-05
2003-11-21,0.004143550103856475,1.7169007463169003e-05,0.0
2003-11-24,0.013242597756037533,0.0001753663953282103,0.0
2003-11-25,0.003788534595213333,1.4352994379128254e-05,0.0
2003-11-26,0.003584715655923665,1.285018633382423e-05,0.0
2003-11-28,0.0007517808400483439,5.651744314637936e-07,0.0
2003-12-01,0.010803394448266168,0.00011671333160482826,0.0
2003-12-02,-0.0025092115609662846,6.296142657686859e-06,6.296142657686859e-06
2003-12-03,-0.0015833128021163212,2.506879429345437e-06,2.506879429345437e-06
2003-12-04,0.004105336375475721,1.685378675580413e-05,0.0
2003-12-05,-0.006970056024711679,4.858168098761958e-05,4.858168098761958e-05
2003-12-08,0.0067387743258247035,4.5411079414394185e-05,0.0
2003-12-09,-0.00771635865020226,5.954219081855124e-05,5.954219081855124e-05
2003-12-10,-9.349772156252989e-05,8.741823937384366e-09,8.741823937384366e-09
2003-12-11,0.011243230273010774,0.0001264102269719459,0.0
2003-12-12,0.0019456653273277613,3.7856135659654445e-06,0.0
2003-12-15,-0.004993683888664724,2.493687877990964e-05,2.493687877990964e-05
2003-12-16,0.0052051076012755715,2.7093145140856734e-05,0.0
2003-12-17,0.0031430730311960975,9.878908079432224e-06,0.0
2003-12-18,0.011244418445981008,0.00012643694618831794,0.0
2003-12-19,-0.002784041272694382,7.750885808065753e-06,7.750885808065753e-06
2003-12-22,0.006979322864525406,4.871094764728712e-05,0.0
2003-12-23,0.000638263553249141,4.0738036340621903e-07,0.0
2003-12-24,-0.001002570853363527,1.0051483160140705e-06,1.0051483160140705e-06
2003-12-26,0.0007296352811718698,5.323676435307535e-07,0.0
2003-12-29,0.013308524983369097,0.00017711683723295942,0.0
2003-12-30,0.0001804779275287327,3.2572282325066495e-08,0.0
2003-12-31,0.0008992211103453496,8.085986052907233e-07,0.0
2004-01-02,-0.00044910306754897267,2.016935652818971e-07,2.016935652818971e-07
2004-01-05,0.010878523072689994,0.00011834226424304854,0.0
2004-01-06,0.0009780997481372289,9.566791173061105e-07,0.0
2004-01-07,0.0033760816771166713,1.1397927490562916e-05,0.0
2004-01-08,0.003984708498742107,1.5877901819947573e-05,0.0
2004-01-09,-0.008731443991858767,7.623811418296656e-05,7.623811418296656e-05
2004-01-12,0.007384843471810454,5.453591310314148e-05,0.0
2004-01-13,-0.005829188117062567,3.3979434104103434e-05,3.3979434104103434e-05
2004-01-14,0.00835156613747512,6.974865694862108e-05,0.0
2004-01-15,0.002466068211101513,6.081492421805417e-06,0.0
2004-01-16,0.003955447739041773,1.5645566816290674e-05,0.0
2004-01-20,-0.00026288624278769657,6.910917664703174e-08,6.910917664703174e-08
2004-01-21,0.007881194220995758,6.211322234905692e-05,0.0
2004-01-22,-0.0026065889755783056,6.7943060876063605e-06,6.7943060876063605e-06
2004-01-23,-0.003222686039453748,1.0385705308890085e-05,1.0385705308890085e-05
2004-01-26,0.012583693834411935,0.00015834935051821695,0.0
2004-01-27,-0.010269754852938018,0.00010546786473944396,0.00010546786473944396
2004-01-28,-0.011423635205724758,0.00013049944131347414,0.00013049944131347414
2004-01-29,0.0009704833012937897,9.418378380900926e-07,0.0
2004-01-30,0.0,0.0,0.0
2004-02-02,0.004317855146429128,1.8643873065544506e-05,0.0
2004-02-03,-0.0016672620210956834,2.7797626469880634e-06,2.7797626469880634e-06
2004-02-04,-0.008173403685262759,6.680452780226685e-05,6.680452780226685e-05
2004-02-05,0.0029243542991193028,8.551848066777548e-06,0.0
2004-02-06,0.011221236761233433,0.00012591615445165657,0.0
2004-02-09,0.0002620788338769664,6.868531516631055e-08,0.0
2004-02-10,0.0032317942442114944,1.0444494036918544e-05,0.0
2004-02-11,0.01062242822095194,0.0001128359813092762,0.0
2004-02-12,-0.003618490677978592,1.309347478661797e-05,1.309347478661797e-05
2004-02-13,-0.0044963960678579,2.021757759904798e-05,2.021757759904798e-05
2004-02-17,0.009033409924580127,8.160249486550274e-05,0.0
2004-02-18,-0.004390368111054532,1.927533215056454e-05,1.927533215056454e-05
2004-02-19,-0.0037171995250433465,1.381757230898248e-05,1.381757230898248e-05
2004-02-20,-0.0030376558928684183,9.227353323478227e-06,9.227353323478227e-06
2004-02-23,-0.0025240133849042667,6.370643567175894e-06,6.370643567175894e-06
2004-02-24,-0.0017458282789186708,3.047916379472128e-06,3.047916379472128e-06
2004-02-25,0.004196469477529607,1.7610356075837617e-05,0.0
2004-02-26,0.000609214517542922,3.711423283850552e-07,0.0
2004-02-27,0.0006959644787429831,4.843665556719921e-07,0.0
2004-03-01,0.009911247597952588,9.823282894792096e-05,0.0
2004-03-02,-0.005853666859811479,3.4265415705655186e-05,3.4265415705655186e-05
2004-03-03,0.001818388464573939,3.306536608095567e-06,0.0
2004-03-04,0.002593196194241809,6.724666501830203e-06,0.0
2004-03-05,0.0033624852706235497,1.1306307195160326e-05,0.0
2004-03-08,-0.012201356190310264,0.0001488730928828226,0.0001488730928828226
2004-03-09,-0.0040015492584187795,1.6012396467551885e-05,1.6012396467551885e-05
2004-03-10,-0.01676863955138974,0.00028118727240443236,0.00028118727240443236
2004-03-11,-0.012968989064717884,0.00016819467736077206,0.00016819467736077206
2004-03-12,0.01313939371816586,0.00017264366728097645,0.0
2004-03-15,-0.012258025819040674,0.0001502591969802678,0.0001502591969802678
2004-03-16,0.005305652748136325,2.8149951083806533e-05,0.0
2004-03-17,0.011181611508166212,0.00012502843591955505,0.0
2004-03-18,0.00026565377076970265,7.057192592416171e-08,0.0
2004-03-19,-0.01433374842176205,0.00020545634381836605,0.00020545634381836605
2004-03-22,-0.012695157913500177,0.00016116703444870616,0.00016116703444870616
2004-03-23,-0.0017332822979735374,3.0042675244684263e-06,3.0042675244684263e-06
2004-03-24,0.000822354617690646,6.762671172371285e-07,0.0
2004-03-25,0.013235958949806559,0.00017519060932096435,0.0
2004-03-26,0.0002700047390487015,7.290255910875738e-08,0.0
2004-03-29,0.014050625357646673,0.0001974200729409437,0.0
2004-03-30,0.00337522911863819,1.1392171603303133e-05,0.0
2004-03-31,0.001150633590491168,1.3239576595665968e-06,0.0
2004-04-01,0.006012156300631455,3.61460233832225e-05,0.0
2004-04-02,0.0075580854357337746,5.7124655453851e-05,0.0
2004-04-05,0.005496377817603593,3.0210169113844832e-05,0.0
2004-04-06,-0.003210087069029366,1.0304658990749546e-05,1.0304658990749546e-05
2004-04-07,-0.0023498588315785662,5.521836528347785e-06,5.521836528347785e-06
2004-04-08,-0.0022679416826444365,5.143559475876078e-06,5.143559475876078e-06
2004-04-12,0.003934044044265228,1.547670254221871e-05,0.0
2004-04-13,-0.014021673614081465,0.00019660733093982837,0.00019660733093982837
2004-04-14,0.001590330337141177,2.5291505812315695e-06,0.0
2004-04-15,-0.0037927470143965802,1.4384929915214173e-05,1.4384929915214173e-05
2004-04-16,0.007702000114870211,5.9320805769460745e-05,0.0
2004-04-19,0.0,0.0,0.0
2004-04-20,-0.016779160917874014,0.00028154024110791075,0.00028154024110791075
2004-04-21,0.006701297475432577,4.490738785423903e-05,0.0
2004-04-22,0.014022514417390664,0.00019663091058592903,0.0
2004-04-23,0.0009631617515735158,9.27680559694163e-07,0.0
2004-04-26,-0.0013995232102158583,1.9586652159329015e-06,1.9586652159329015e-06
2004-04-27,0.000875802198615494,7.670294910997332e-07,0.0
2004-04-28,-0.012947717462480468,0.00016764338748822164,0.00016764338748822164
2004-04-29,-0.008775574305460387,7.701070439065656e-05,7.701070439065656e-05
2004-04-30,-0.007779518128455121,6.0520902310961866e-05,6.0520902310961866e-05
2004-05-03,0.010724706522757144,0.00011501932999926963,0.0
2004-05-04,-0.0008024247418356723,6.438854663100453e-07,6.438854663100453e-07
2004-05-05,0.006425065512591699,4.128146684109523e-05,0.0
2004-05-06,-0.008600610578086143,7.397050231588726e-05,7.397050231588726e-05
2004-05-07,-0.016546505247333365,0.0002737868359000306,0.0002737868359000306
2004-05-10,-0.0102761852716714,0.00010559998373771622,0.00010559998373771622
2004-05-11,0.008453263579523806,7.145766514490364e-05,0.0
2004-05-12,0.0063785627391870214,4.068606261774504e-05,0.0
2004-05-13,-0.004165261836880041,1.7349406169769292e-05,1.7349406169769292e-05
2004-05-14,0.0004545578401884409,2.066228300767802e-07,0.0
2004-05-17,-0.008541992485985195,7.296563563062752e-05,7.296563563062752e-05
2004-05-18,0.0050414502165869735,2.541622028632484e-05,0.0
2004-05-19,-0.0034658315299036513,1.2011988193674283e-05,1.2011988193674283e-05
2004-05-20,0.0032033956014392295,1.0261743379320203e-05,0.0
2004-05-21,0.001733023280272361,3.0033696899659745e-06,0.0
2004-05-24,0.0041887019865485264,1.7545224332115572e-05,0.0
2004-05-25,0.014328345650589824,0.00020530148908277633,0.0
2004-05-26,0.0034868785712298678,1.2158322170502044e-05,0.0
2004-05-27,0.005613188055713758,3.15078801488076e-05,0.0
2004-05-28,-8.8306985194464e-05,7.798123634135285e-09,7.798123634135285e-09
2004-06-01,-0.0013288933109588674,1.765957431911221e-06,1.765957431911221e-06
2004-06-02,0.0037256691462350666,1.388061058720793e-05,0.0
2004-06-03,-0.009193069377781304,8.451252458470034e-05,8.451252458470034e-05
2004-06-04,0.00794065041991332,6.305392909126958e-05,0.0
2004-06-07,0.015223811453461966,0.00023176443517055974,0.0
2004-06-08,0.0013950743413941868,1.946232418016424e-06,0.0
2004-06-09,-0.009315831304704258,8.678471289770784e-05,8.678471289770784e-05
2004-06-10,0.0049218590666884054,2.4224696672342862e-05,0.0
2004-06-14,-0.009882569610694225,9.766518211021701e-05,9.766518211021701e-05
2004-06-15,0.007066148320858057,4.9930452092365136e-05,0.0
2004-06-16,-0.00017563828503719403,3.084880717080662e-08,3.084880717080662e-08
2004-06-17,-0.0014910724016731214,2.2232969070312503e-06,2.2232969070312503e-06
2004-06-18,0.0018869254977655903,3.5604878341179207e-06,0.0
2004-06-21,-0.003784363856339734,1.4321409797170545e-05,1.4321409797170545e-05
2004-06-22,0.0050348334876513245,2.53495482483752e-05,0.0
2004-06-23,0.008614539627666673,7.421029299663947e-05,0.0
2004-06-24,-0.003137728639416304,9.84534101461329e-06,9.84534101461329e-06
2004-06-25,-0.004807824063785104,2.3115172228311116e-05,2.3115172228311116e-05
2004-06-28,-0.0034260270518348124,1.1737661359903936e-05,1.1737661359903936e-05
2004-06-29,0.0041427320914246835,1.716222918131993e-05,0.0
2004-06-30,0.005354725856656195,2.867308899994242e-05,0.0
2004-07-01,-0.013882778525672879,0.00019273153959288401,0.00019273153959288401
2004-07-02,-0.0005311332954121006,2.8210257749531776e-07,2.8210257749531776e-07
2004-07-06,-0.008770130290564615,7.691518531347898e-05,7.691518531347898e-05
2004-07-07,0.0029492079154769257,8.697827328711754e-06,0.0
2004-07-08,-0.006950968744497743,4.831596648698453e-05,4.831596648698453e-05
2004-07-09,0.0026025028749294687,6.77302121401615e-06,0.0
2004-07-12,0.00044697769350898753,1.997890584946144e-07,0.0
2004-07-13,0.0007162777548674892,5.13053822118011e-07,0.0
2004-07-14,-0.0030397002091960834,9.239777361786713e-06,9.239777361786713e-06
2004-07-15,-0.006456191870676697,4.168241347099187e-05,4.168241347099187e-05
2004-07-16,-0.000812139067947304,6.595698656863156e-07,6.595698656863156e-07
2004-07-19,-0.004245570967909007,1.8024872843551822e-05,1.8024872843551822e-05
2004-07-20,0.012699687764488266,0.00016128206931549297,0.0
2004-07-21,-0.018452259497888868,0.00034048588057742995,0.00034048588057742995
2004-07-22,0.002737826918010944,7.495696232985303e-06,0.0
2004-07-23,-0.008372335754331273,7.00960059832538e-05,7.00960059832538e-05
2004-07-26,-0.001927550883689233,3.715452409211143e-06,3.715452409211143e-06
2004-07-27,0.009379253954208133,8.79704047375289e-05,0.0
2004-07-28,0.0030058541142961026,9.035158956430808e-06,0.0
2004-07-29,0.00426930276333537,1.8226946085023025e-05,0.0
2004-07-30,0.0024421056639860605,5.9638800740727975e-06,0.0
2004-08-02,0.002074774030270232,4.304687276683782e-06,0.0
2004-08-03,-0.007742764605575991,5.995040373736034e-05,5.995040373736034e-05
2004-08-04,-9.052464429626372e-05,8.194711224965072e-09,8.194711224965072e-09
2004-08-05,-0.016334117674418946,0.0002668034002017654,0.0002668034002017654
2004-08-06,-0.014299380993433308,0.00020447229679536176,0.00020447229679536176
2004-08-09,0.001403675060948295,1.9703036767282e-06,0.0
2004-08-10,0.012897762175923866,0.00016635226914669233,0.0
2004-08-11,-0.002030131153587633,4.121432500767054e-06,4.121432500767054e-06
2004-08-12,-0.010909862912961032,0.00011902510877960259,0.00011902510877960259
2004-08-13,0.001963869212705971,3.85678228461437e-06,0.0
2004-08-16,0.010354921269381645,0.00010722439449509238,0.0
2004-08-17,0.005632701743488067,3.172732893109351e-05,0.0
2004-08-18,0.010283521164209386,0.00010575080753474237,0.0
2004-08-19,-0.0029081825179840814,8.457525557908232e-06,8.457525557908232e-06
2004-08-20,0.007018015890024376,4.925254703263463e-05,0.0
2004-08-23,-0.0025337780985345004,6.420031452613108e-06,6.420031452613108e-06
2004-08-24,0.0013611072581589667,1.85261296821302e-06,0.0
2004-08-25,0.006796700540613099,4.619513823877039e-05,0.0
2004-08-26,0.0,0.0,0.0
2004-08-27,0.003149674250463086,9.920447884030202e-06,0.0
2004-08-30,-0.00825460088595631,6.813843578643068e-05,6.813843578643068e-05
2004-08-31,0.005247547176686185,2.753675137154715e-05,0.0
2004-09-01,0.0018899439720270195,3.5718882174012674e-06,0.0
2004-09-02,0.011318786818123705,0.00012811493503413096,0.0
2004-09-03,-0.004085719727126791,1.6693105688633017e-05,1.6693105688633017e-05
2004-09-07,0.006599501881643377,4.355342508581448e-05,0.0
2004-09-08,-0.0024806495145347496,6.153622013961489e-06,6.153622013961489e-06
2004-09-09,-0.0008881204063219128,7.887578561253995e-07,7.887578561253995e-07
2004-09-10,0.005156368898306063,2.658814021541808e-05,0.0
2004-09-13,0.0032724688003322733,1.0709052049148147e-05,0.0
2004-09-14,0.0020281064262135384,4.1132156760486506e-06,0.0
2004-09-15,-0.007566727778286153,5.7255369270687304e-05,5.7255369270687304e-05
2004-09-16,0.0030137605713131954,9.082752781202039e-06,0.0
2004-09-17,0.00425156722376685,1.807582385820856e-05,0.0
2004-09-20,-0.006010149969786105,3.612190265931992e-05,3.612190265931992e-05
2004-09-21,0.004357533308324557,1.898809653315796e-05,0.0
2004-09-22,-0.01248260700944459,0.00015581547775223522,0.00015581547775223522
2004-09-23,-0.00537902280183522,2.8933886302663225e-05,2.8933886302663225e-05
2004-09-24,0.004596942402768089,2.1131879454367256e-05,0.0
2004-09-27,-0.006369919635399457,4.057587616144755e-05,4.057587616144755e-05
2004-09-28,0.0047853820697809635,2.2899881553781137e-05,0.0
2004-09-29,0.005032282003558652,2.5323862163340284e-05,0.0
2004-09-30,-0.0007148612387810616,5.110265907115939e-07,5.110265907115939e-07
2004-10-01,0.016910809538383198,0.00028597547924347216,0.0
2004-10-04,0.0016721221083235704,2.7959923451444624e-06,0.0
2004-10-05,0.0005268515644758498,2.7757257099065053e-07,0.0
2004-10-06,0.006848164688062264,4.689735959482292e-05,0.0
2004-10-07,-0.010725819143118764,0.00011504319629089294,0.00011504319629089294
2004-10-08,-0.008285666796723379,6.865227426632426e-05,6.865227426632426e-05
2004-10-11,0.004088835976976624,1.671857964661838e-05,0.0
2004-10-12,-0.0038951821717024826,1.5172444150748869e-05,1.5172444150748869e-05
2004-10-13,-0.00879749480784997,7.739591489414719e-05,7.739591489414719e-05
2004-10-14,-0.008068901973122378,6.51071790518582e-05,6.51071790518582e-05
2004-10-15,0.00560379108577469,3.1402474533007874e-05,0.0
2004-10-18,0.003775223413041706,1.4252311818378269e-05,0.0
2004-10-19,-0.00841657442217536,7.08387250040165e-05,7.08387250040165e-05
2004-10-20,-0.0019872724025222777,3.949251601826666e-06,3.949251601826666e-06
2004-10-21,0.006514614325697998,4.2440199812589584e-05,0.0
2004-10-22,-0.011236651316895219,0.00012626233281748305,0.00012626233281748305
2004-10-25,-0.0011821590936282877,1.3975001226480547e-06,1.3975001226480547e-06
2004-10-26,0.015292190683139806,0.00023385109588950788,0.0
2004-10-27,0.012013818802887988,0.00014433184222862496,0.0
2004-10-28,0.003012161898907628,9.07311930523081e-06,0.0
2004-10-29,-0.00017701498196842635,3.133430384128231e-08,3.133430384128231e-08
2004-11-01,0.002738531167751912,7.49955295674865e-06,0.0
2004-11-02,0.00035232258374717773,1.2413120301828705e-07,0.0
2004-11-03,0.012594256997135567,0.00015861530930989817,0.0
2004-11-04,0.013654382878238502,0.00018644217178553278,0.0
2004-11-05,0.006263198634351319,3.922765713334023e-05,0.0
2004-11-08,-0.0014495772317378863,2.1012741507728737e-06,2.1012741507728737e-06
2004-11-09,-0.0019644060252421713,3.858891032007746e-06,3.858891032007746e-06
2004-11-10,0.0007706004756764528,5.938250931127753e-07,0.0
2004-11-11,0.007608897561196093,5.789532209677585e-05,0.0
2004-11-12,0.007890758279017307,6.226406621788018e-05,0.0
2004-11-15,0.002456867657272488,6.0361986853516035e-06,0.0
2004-11-16,-0.0071592649164349265,5.1255074143695994e-05,5.1255074143695994e-05
2004-11-17,0.005938033860005243,3.526024612256876e-05,0.0
2004-11-18,0.0013491681199706562,1.8202546159451551e-06,0.0
2004-11-19,-0.011116429417375007,0.00012357500299148042,0.00012357500299148042
2004-11-22,0.004769269557575173,2.274593211281329e-05,0.0
2004-11-23,0.001525592967867695,2.327433903607362e-06,0.0
2004-11-24,0.002369892880841773,5.6163922666645175e-06,0.0
2004-11-26,-0.0007598338148875339,5.773474262465431e-07,5.773474262465431e-07
2004-11-29,-0.004562949544645756,2.082050854698291e-05,2.082050854698291e-05
2004-11-30,0.000679234039229426,4.613588800479215e-07,0.0
2004-12-01,0.01136646042336209,0.00012919642255585672,0.0
2004-12-02,0.0008389305707539041,7.038045025454713e-07,0.0
2004-12-03,-0.0006703914869229388,4.4942474573874885e-07,4.4942474573874885e-07
2004-12-06,-0.0003356111323441491,1.1263483215332195e-07,1.1263483215332195e-07
2004-12-07,-0.0093110705472641,8.669603473612898e-05,8.669603473612898e-05
2004-12-08,0.005841649082241718,3.41248640000555e-05,0.0
2004-12-09,0.0035362746439697723,1.250523835758354e-05,0.0
2004-12-10,0.0010067902355164193,1.013626578331207e-06,0.0
2004-12-13,0.008715374927053654,7.595776011911548e-05,0.0
2004-12-14,0.0034886270192913127,1.2170518479729389e-05,0.0
2004-12-15,0.0007450513617077714,5.551015315826044e-07,0.0
2004-12-16,-0.0005789067796562186,3.3513305953193366e-07,3.3513305953193366e-07
2004-12-17,-0.00666974718150759,4.448552746522845e-05,4.448552746522845e-05
2004-12-20,0.00025142810405798244,6.321609151019165e-08,0.0
2004-12-21,0.0077006054714265915,5.9299324626565154e-05,0.0
2004-12-22,0.002408412199503829,5.8004493227188705e-06,0.0
2004-12-23,0.0007458782986329293,5.563344363715533e-07,0.0
2004-12-27,-0.0020699758568352156,4.284800047880685e-06,4.284800047880685e-06
2004-12-28,0.005476221703482942,2.9989004145697613e-05,0.0
2004-12-29,0.001485601274769488,2.2070111475967276e-06,0.0
2004-12-30,-0.0018950072800328899,3.5910525913776516e-06,3.5910525913776516e-06
2004-12-31,-0.002146618615963547,4.607971482401254e-06,4.607971482401254e-06
2005-01-03,-0.004715938466984149,2.2240075624380802e-05,2.2240075624380802e-05
2005-01-04,-0.012219403955951114,0.00014931383303871373,0.00014931383303871373
2005-01-05,-0.006900478471995264,4.761660314247009e-05,4.761660314247009e-05
2005-01-06,0.005084513217358255,2.5852274657490798e-05,0.0
2005-01-07,-0.0014337119832774636,2.055530050993398e-06,2.055530050993398e-06
2005-01-10,0.004727923406227852,2.2353259735157174e-05,0.0
2005-01-11,-0.006890147764248344,4.747413621317646e-05,4.747413621317646e-05
2005-01-12,0.0032995858009507995,1.0887266457836128e-05,0.0
2005-01-13,-0.008012046486652769,6.419288890428498e-05,6.419288890428498e-05
2005-01-14,0.005271521622918884,2.7788940220901348e-05,0.0
2005-01-18,0.010402555020895488,0.00010821315096275792,0.0
2005-01-19,-0.010462969482635032,0.00010947373039455198,0.00010947373039455198
2005-01-20,-0.006090424634007885,3.709327222253008e-05,3.709327222253008e-05
2005-01-21,-0.006127745204351331,3.754926128945074e-05,3.754926128945074e-05
2005-01-24,-0.001969908786426444,3.880540626840106e-06,3.880540626840106e-06
2005-01-25,0.002831961153471285,8.020003974770413e-06,0.0
2005-01-26,0.0029947056483048407,8.968261919988917e-06,0.0
2005-01-27,0.001705792712331844,2.909728777444429e-06,0.0
2005-01-28,0.0,0.0,0.0
2005-01-31,0.0062165134491174445,3.8645039463058066e-05,0.0
2005-02-01,0.006347477859805162,4.029047518071672e-05,0.0
2005-02-02,0.0030269709827643876,9.162553330497603e-06,0.0
2005-02-03,-0.0025987290467812674,6.7533926585846745e-06,6.7533926585846745e-06
2005-02-04,0.010675773354858142,0.00011397213672429908,0.0
2005-02-07,-0.001330884851282188,1.7712544873724116e-06,1.7712544873724116e-06
2005-02-08,0.001166076157965934,1.3597336061765939e-06,0.0
2005-02-09,-0.007486626388599094,5.6049574682468305e-05,5.6049574682468305e-05
2005-02-10,0.0036036217033059703,1.2986089380537823e-05,0.0
2005-02-11,0.008601924725037957,7.399310897521933e-05,0.0
2005-02-14,-0.0007453223788450591,5.555054484072579e-07,5.555054484072579e-07
2005-02-15,0.0037293914931648686,1.3908360909290488e-05,0.0
2005-02-16,0.0006600313185840534,4.356413415118042e-07,0.0
2005-02-17,-0.008084924542911986,6.536600486458059e-05,6.536600486458059e-05
2005-02-18,0.001330884851282077,1.7712544873721162e-06,0.0
2005-02-22,-0.014868310737016,0.00022106666417246525,0.00022106666417246525
2005-02-23,0.007166686718720561,5.136139852428568e-05,0.0
2005-02-24,0.006613823223727611,4.3742657634718684e-05,0.0
2005-02-25,0.009896644967300583,9.794358160879596e-05,0.0
2005-02-28,-0.006587919893531025,4.340068852358183e-05,4.340068852358183e-05
2005-03-01,0.004973893759481429,2.4739619130608304e-05,0.0
2005-03-02,-0.0004953380306661481,2.4535976462421787e-07,2.4535976462421787e-07
2005-03-03,0.00041253524885553894,1.7018533154830144e-07,0.0
2005-03-04,0.012457046075857514,0.00015517799693603708,0.0
2005-03-07,0.0004886392300282871,2.387682971226373e-07,0.0
2005-03-08,-0.0037456935757828047,1.4030220363660573e-05,1.4030220363660573e-05
2005-03-09,-0.01111767348228987,0.00012360266365881134,0.00012360266365881134
2005-03-10,0.0022316156454240677,4.980108388901478e-06,0.0
2005-03-11,-0.0070104489934627034,4.9146395089942235e-05,4.9146395089942235e-05
2005-03-14,0.006229996227346879,3.8812852992756344e-05,0.0
2005-03-15,-0.008255169351094716,6.814782101525354e-05,6.814782101525354e-05
2005-03-16,-0.008490275531623293,7.208477860288118e-05,7.208477860288118e-05
2005-03-17,0.0020150248392223347,4.060325102682995e-06,0.0
2005-03-18,-0.0029690478443640256,8.815245102122668e-06,8.815245102122668e-06
2005-03-21,-0.0037118393499815383,1.377775136007137e-05,1.377775136007137e-05
2005-03-22,-0.010161095965238842,0.00010324787121479308,0.00010324787121479308
2005-03-23,0.0008553298815052734,7.315892061958252e-07,0.0
2005-03-24,0.0011966117530550768,1.431879687549544e-06,0.0
2005-03-28,0.001451312526860482,2.1063080506221574e-06,0.0
2005-03-29,-0.006649369601167465,4.4214116092929975e-05,4.4214116092929975e-05
2005-03-30,0.014159981404815891,0.00020050507338473182,0.0
2005-03-31,-0.0018618591431178722,3.4665194688116173e-06,3.4665194688116173e-06
2005-04-01,-0.004492856323119798,2.0185757940197554e-05,2.0185757940197554e-05
2005-04-04,0.0017031306510673083,2.9006540146049533e-06,0.0
2005-04-05,0.004760523758145396,2.266258645186677e-05,0.0
2005-04-06,0.003469358195415273,1.2036446288095119e-05,0.0
2005-04-07,0.005396100191366715,2.91178972752679e-05,0.0
2005-04-08,-0.010399350472713231,0.00010814649025432091,0.00010814649025432091
2005-04-11,0.0007630790022992162,5.822895637499673e-07,0.0
2005-04-12,0.005165429456614579,2.6681661471261582e-05,0.0
2005-04-13,-0.011794168308277286,0.0001391024060839723,0.0001391024060839723
2005-04-14,-0.013043797194507767,0.0001701406452514487,0.0001701406452514487
2005-04-15,-0.01399367213043623,0.00019582285969414767,0.00019582285969414767
2005-04-18,0.003066071895814426,9.400796870303069e-06,0.0
2005-04-19,0.007947950724535024,6.316992071963682e-05,0.0
2005-04-20,-0.01395017996407455,0.000194607521030067,0.000194607521030067
2005-04-21,0.01942001139902727,0.00037713684273834913,0.0
2005-04-22,-0.003793080751234079,1.4387461585382487e-05,1.4387461585382487e-05
2005-04-25,0.006575921887648883,4.3242748672459657e-05,0.0
2005-04-26,-0.009713035310464524,9.434305494233067e-05,9.434305494233067e-05
2005-04-27,0.003905978092969997,1.5256664862761537e-05,0.0
2005-04-28,-0.012537598724192356,0.0001571913817688698,0.0001571913817688698
2005-04-29,0.013572337922042266,0.00018420835667010656,0.0
2005-05-02,0.005615659277815377,3.153562912451392e-05,0.0
2005-05-03,0.0017178143951568359,2.950886296208046e-06,0.0
2005-05-04,0.007719033553624133,5.9583479001975205e-05,0.0
2005-05-05,-0.0003405574387550514,1.1597936909140058e-07,1.1597936909140058e-07
2005-05-06,-0.0031498631457286264,9.921637836819437e-06,9.921637836819437e-06
2005-05-09,0.006234603579226894,3.88702817901088e-05,0.0
2005-05-10,-0.010355205070417095,0.00010723027205039191,0.00010723027205039191
2005-05-11,0.005489337369530389,3.0132824756522814e-05,0.0
2005-05-12,-0.011002985548921096,0.00012106569098976647,0.00012106569098976647
2005-05-13,-0.0019838232540140277,3.935554703166805e-06,3.935554703166805e-06
2005-05-16,0.00933249815471715,8.709552180779902e-05,0.0
2005-05-17,0.0066787918082589215,4.460626001806647e-05,0.0
2005-05-18,0.010290227913749339,0.00010588879051690607,0.0
2005-05-19,0.00420965027316611,1.7721155422367507e-05,0.0
2005-05-20,-0.00142553229455189,2.0321423228103763e-06,2.0321423228103763e-06
2005-05-23,0.0055405572268338865,3.069777438382121e-05,0.0
2005-05-24,-0.0023370208836863693,5.461666610786218e-06,5.461666610786218e-06
2005-05-25,-0.0007532175735687208,5.673367131327513e-07,5.673367131327513e-07
2005-05-26,0.00535968538705256,2.8726227448184746e-05,0.0
2005-05-27,0.0016653041649772327,2.7732379618905183e-06,0.0
2005-05-31,-0.006402414895853914,4.099091649865208e-05,4.099091649865208e-05
2005-06-01,0.00853666790275831,7.287469888198396e-05,0.0
2005-06-02,0.002157717503878054,4.655744826541739e-06,0.0
2005-06-03,-0.005051875264342587,2.552144368647648e-05,2.552144368647648e-05
2005-06-06,-0.0009155257589691379,8.38187415336016e-07,8.38187415336016e-07
2005-06-07,0.0007498297120962505,5.622445971423459e-07,0.0
2005-06-08,-0.0018306062057231731,3.3511190804321924e-06,3.3511190804321924e-06
2005-06-09,0.004753032952546032,2.2591322247988454e-05,0.0
2005-06-10,-0.0023240028900234355,5.4009894328372805e-06,5.4009894328372805e-06
2005-06-13,0.00316145130113199,9.994774329429153e-06,0.0
2005-06-14,0.0023219819301982803,5.391600084167331e-06,0.0
2005-06-15,0.001902950369813139,3.621220109971962e-06,0.0
2005-06-16,0.0025602577166745633,6.554919575791648e-06,0.0
2005-06-17,0.0037051986983425156,1.3728497394199072e-05,0.0
2005-06-20,0.0003296017290872477,1.0863729981730344e-07,0.0
2005-06-21,0.0005763819769661893,3.3221618337145276e-07,0.0
2005-06-22,0.0008233506530013202,6.779062977977003e-07,0.0
2005-06-23,-0.014065905026445336,0.00019784968421298016,0.00019784968421298016
2005-06-24,-0.007341984769115628,5.390474034992587e-05,5.390474034992587e-05
2005-06-27,0.0014291583757128912,2.0424936628703094e-06,0.0
2005-06-28,0.008392313347425295,7.043092332137277e-05,0.0
2005-06-29,-0.002663275837682777,7.093038187584898e-06,7.093038187584898e-06
2005-06-30,-0.005424087764930197,2.9420728081665456e-05,2.9420728081665456e-05
2005-07-01,0.002937191887563806,8.627096184370632e-06,0.0
2005-07-05,0.008030795099953636,6.449366993743933e-05,0.0
2005-07-06,-0.008381745774844407,7.025366223412207e-05,7.025366223412207e-05
2005-07-07,0.003933052209242449,1.546889968062691e-05,0.0
2005-07-08,0.011421606395785266,0.00013045309266024292,0.0
2005-07-11,0.005110048464465944,2.611259530919075e-05,0.0
2005-07-12,0.0026245487806302314,6.888256301907635e-06,0.0
2005-07-13,0.0013902661369227243,1.9328399314740353e-06,0.0
2005-07-14,0.003920470969595025,1.5370092623437352e-05,0.0
2005-07-15,-0.0005692098277905178,3.239998280533109e-07,3.239998280533109e-07
2005-07-18,-0.003988655707969024,1.5909374356713878e-05,1.5909374356713878e-05
2005-07-19,0.005475743116264864,2.9983762675322044e-05,0.0
2005-07-20,0.003413936805924278,1.1654964514844461e-05,0.0
2005-07-21,-0.005832499208281661,3.4018047014606196e-05,3.4018047014606196e-05
2005-07-22,0.006681772201118319,4.464607974763754e-05,0.0
2005-07-25,-0.002832896685892261,8.025303632939357e-06,8.025303632939357e-06
2005-07-26,0.0012176908545797893,1.4827710173272576e-06,0.0
2005-07-27,0.0036484477704106233,1.3311171133414248e-05,0.0
2005-07-28,0.006300975230324024,3.970228885315689e-05,0.0
2005-07-29,-0.006663402155801856,4.4400928289944826e-05,4.4400928289944826e-05
2005-08-01,-0.0007269322741884077,5.284305312567303e-07,5.284305312567303e-07
2005-08-02,0.005984521834265122,3.581450158479598e-05,0.0
2005-08-03,0.0026530224481589038,7.038528110435063e-06,0.0
2005-08-04,-0.008018143195146155,6.429062029786858e-05,6.429062029786858e-05
2005-08-05,-0.006789695424310849,4.6099963954907677e-05,4.6099963954907677e-05
2005-08-08,-0.001871630246267797,3.5029997787444543e-06,3.5029997787444543e-06
2005-08-09,0.006033134085437819,3.639870689287163e-05,0.0
2005-08-10,-0.000485814427797604,2.3601565825631338e-07,2.3601565825631338e-07
2005-08-11,0.00397344512253639,1.5788266141808226e-05,0.0
2005-08-12,-0.006138283458478,3.767852381662464e-05,3.767852381662464e-05
2005-08-15,0.006176194692193437,3.814538087587839e-05,0.0
2005-08-16,-0.013003119647109207,0.00016908112055703746,0.00016908112055703746
2005-08-17,-8.18732151042223e-05,6.703223351502254e-09,6.703223351502254e-09
2005-08-18,-8.206350613848556e-05,6.734419039741258e-09,6.734419039741258e-09
2005-08-19,0.0022916324707329405,5.251579380917561e-06,0.0
2005-08-22,0.0,0.0,0.0
2005-08-23,-0.0018779874210380632,3.5268367535771954e-06,3.5268367535771954e-06
2005-08-24,-0.008916485670608876,7.950371671417342e-05,7.950371671417342e-05
2005-08-25,0.003631902858403757,1.3190718372881381e-05,0.0
2005-08-26,-0.0068263431622404,4.6598960968666265e-05,4.6598960968666265e-05
2005-08-29,0.007701360719251982,5.93109569280374e-05,0.0
2005-08-30,-0.005259693931164877,2.766438024953264e-05,2.766438024953264e-05
2005-08-31,0.012639508204620675,0.00015975716765467336,0.0
2005-09-01,-0.0007341772360400789,5.390162139194497e-07,5.390162139194497e-07
2005-09-02,-0.0017961775320114448,3.226253726502725e-06,3.226253726502725e-06
2005-09-06,0.011695703636671606,0.00013678948355685342,0.0
2005-09-07,0.0016976298290998226,2.881947036649493e-06,0.0
2005-09-08,-0.003309117708324205,1.0950260007544839e-05,1.0950260007544839e-05
2005-09-09,0.008906442795321823,7.932472326634001e-05,0.0
2005-09-12,-0.0020060399962045228,4.024196466372241e-06,4.024196466372241e-06
2005-09-13,-0.0055486041395238495,3.0787007897141195e-05,3.0787007897141195e-05
2005-09-14,-0.0036392792158967957,1.3244353211258395e-05,1.3244353211258395e-05
2005-09-15,-0.00048679716326627265,2.369714781640901e-07,2.369714781640901e-07
2005-09-16,0.007110955091744087,5.056568231680115e-05,0.0
2005-09-19,-0.00331986857274591,1.1021527340305964e-05,1.1021527340305964e-05
2005-09-20,-0.008449049623704297,7.138643954381772e-05,7.138643954381772e-05
2005-09-21,-0.009340577930871286,8.72463960826797e-05,8.72463960826797e-05
2005-09-22,0.0035566204272139412,1.2649548863275478e-05,0.0
2005-09-23,0.000824052691505095,6.790628383767912e-07,0.0
2005-09-26,0.0011530181879053636,1.3294509416405684e-06,0.0
2005-09-27,-0.00024731574678282797,6.116507860674788e-08,6.116507860674788e-08
2005-09-28,0.0009874860540337593,9.751287069111647e-07,0.0
2005-09-29,0.008136841114760207,6.620818332685213e-05,0.0
2005-09-30,0.0030978297343755568,9.596549063181332e-06,0.0
2005-10-03,-0.003575935824702059,1.2787317022387594e-05,1.2787317022387594e-05
2005-10-04,-0.011256459096405713,0.00012670787138905493,0.00012670787138905493
2005-10-05,-0.01311635497889263,0.0001720387679323215,0.0001720387679323215
2005-10-06,-0.003594394809401491,1.2919674045852382e-05,1.2919674045852382e-05
2005-10-07,0.003439910268099311,1.1832982652575073e-05,0.0
2005-10-10,-0.00844422654900312,7.130496201088914e-05,7.130496201088914e-05
2005-10-11,-0.001433687368002201,2.0554594691690787e-06,2.0554594691690787e-06
2005-10-12,-0.007852509871872249,6.166191128785112e-05,6.166191128785112e-05
2005-10-13,-0.0005956504210761215,3.547994241281609e-07,3.547994241281609e-07
2005-10-14,0.010559644915448807,0.00011150610074036384,0.0
2005-10-17,0.0037076171479386577,1.3746424915688786e-05,0.0
2005-10-18,-0.010830445430236257,0.00011729854821732543,0.00011729854821732543
2005-10-19,0.016635378672578804,0.0002767358235800897,0.0
2005-10-20,-0.017615255756493364,0.0003102972353666726,0.0003102972353666726
2005-10-21,0.0039088488976788405,1.5279099704885086e-05,0.0
2005-10-24,0.015491593508846435,0.000239989469443333,0.0
2005-10-25,-0.0020008691010372504,4.003477159485615e-06,4.003477159485615e-06
2005-10-26,-0.0029231194669624427,8.544627418134796e-06,8.544627418134796e-06
2005-10-27,-0.010639174856435618,0.00011319204162581186,0.00011319204162581186
2005-10-28,0.014394638122851244,0.0002072056066878424,0.0
2005-10-31,0.002753994658156511,7.584486577154599e-06,0.0
2005-11-01,0.0029969180056734768,8.98151753272989e-06,0.0
2005-11-02,0.01045722272368721,0.00010935350709280015,0.0
2005-11-03,0.004271067219102642,1.8242015190093177e-05,0.0
2005-11-04,-0.0013085292556866968,1.7122488129879806e-06,1.7122488129879806e-06
2005-11-07,0.000983231642478044,9.667444627700723e-07,0.0
2005-11-08,0.0,0.0,0.0
2005-11-09,0.0013084998299379702,1.712171804947697e-06,0.0
2005-11-10,0.007762162231225833,6.0251162503868803e-05,0.0
2005-11-11,0.0034054073928240225,1.1596799511100506e-05,0.0
2005-11-14,-0.0005658823314930173,3.2022281309597305e-07,3.2022281309597305e-07
2005-11-15,-0.003638055759139669,1.3235449706609312e-05,1.3235449706609312e-05
2005-11-16,0.0020285521754912494,4.115023928690281e-06,0.0
2005-11-17,0.009312883376762837,8.672979678918559e-05,0.0
2005-11-18,0.00393060956485658,1.544969155134203e-05,0.0
2005-11-21,0.005034772898294904,2.5348938137404863e-05,0.0
2005-11-22,0.004294573284011394,1.8443359691744406e-05,0.0
2005-11-23,0.005779023839689312,3.33971165396974e-05,0.0
2005-11-25,0.0007877573070886879,6.205615748716212e-07,0.0
2005-11-28,-0.007078963509217551,5.011172436483366e-05,5.011172436483366e-05
2005-11-29,-0.001109530155258165,1.2310571654272075e-06,1.2310571654272075e-06
2005-11-30,-0.00539285464034156,2.9082881171853495e-05,2.9082881171853495e-05
2005-12-01,0.010206663606989297,0.00010417598198623976,0.0
2005-12-02,0.0012625237373418141,1.593966187351542e-06,0.0
2005-12-05,-0.002128086542186103,4.528752331033603e-06,4.528752331033603e-06
2005-12-06,0.0018959607635129494,3.5946672167806062e-06,0.0
2005-12-07,-0.005834860475150694,3.4045596764475784e-05,3.4045596764475784e-05
2005-12-08,-0.0006349361032977896,4.0314385527098135e-07,4.0314385527098135e-07
2005-12-09,0.002619456813535148,6.861553997975712e-06,0.0
2005-12-12,0.0009495910392558482,9.017231418350019e-07,0.0
2005-12-13,0.006800889542784239,4.625209857315201e-05,0.0
2005-12-14,0.003927578009353283,1.5425869019555496e-05,0.0
2005-12-15,-0.0028951386176080396,8.38182761516539e-06,8.38182761516539e-06
2005-12-16,-0.003218633030609097,1.03595985857279e-05,1.03595985857279e-05
2005-12-19,-0.005143421849663987,2.645478832360091e-05,2.645478832360091e-05
2005-12-20,0.0009543688314699317,9.108198664812828e-07,0.0
2005-12-21,0.0015898339632332004,2.527572030649785e-06,0.0
2005-12-22,0.005236405221964668,2.741993964861885e-05,0.0
2005-12-23,0.0005528619904224819,3.0565638045390844e-07,0.0
2005-12-27,-0.010176891708391866,0.00010356912484433512,0.00010356912484433512
2005-12-28,0.002231533660471463,4.979742477817167e-06,0.0
2005-12-29,-0.004453130011427886,1.9830366898679724e-05,1.9830366898679724e-05
2005-12-30,-0.005431914601683019,2.950569623997719e-05,2.950569623997719e-05
2006-01-03,0.017588801562838263,0.0003093659404169017,0.0
2006-01-04,0.004736050696534599,2.2430176200145864e-05,0.0
2006-01-05,0.000627804412697941,3.941383806030066e-07,0.0
2006-01-06,0.008321890120207565,6.925385517280827e-05,0.0
2006-01-09,0.002569033364215656,6.5999324264532115e-06,0.0
2006-01-10,0.0010099495344482179,1.019998062132172e-06,0.0
2006-01-11,0.0031808249233518104,1.011764719301605e-05,0.0
2006-01-12,-0.003944220351864258,1.5556874184060214e-05,1.5556874184060214e-05
2006-01-13,-0.0009313868036370243,8.674813779891929e-07,8.674813779891929e-07
2006-01-17,-0.0027201782414406628,7.399369665207217e-06,7.399369665207217e-06
2006-01-18,-0.0039739084284191595,1.5791948197460834e-05,1.5791948197460834e-05
2006-01-19,0.003833124815121769,1.4692845848302295e-05,0.0
2006-01-20,-0.018236815708094545,0.0003325814471710039,0.0003325814471710039
2006-01-23,0.0035719817204289406,1.2759053411078494e-05,0.0
2006-01-24,0.001028459555313832,1.0577290569163251e-06,0.0
2006-01-25,0.0008692801436782638,7.556479681933029e-07,0.0
2006-01-26,0.005526595457721273,3.05432573533054e-05,0.0
2006-01-27,0.009264849813575005,8.583744206810079e-05,0.0
2006-01-30,-0.0007777689803118992,6.049245867354115e-07,6.049245867354115e-07
2006-01-31,-0.007318777957420419,5.3564510790023e-05,5.3564510790023e-05
2006-02-01,0.0069807679655191635,4.873112138841856e-05,0.0
2006-02-02,-0.011605131135913549,0.0001346790686817501,0.0001346790686817501
2006-02-03,-0.004965070360531509,2.4651923685028494e-05,2.4651923685028494e-05
2006-02-06,0.002613711726708434,6.8314889903331845e-06,0.0
2006-02-07,-0.00884690134658428,7.826766343619474e-05,7.826766343619474e-05
2006-02-08,0.009085338749980076,8.254338020188954e-05,0.0
2006-02-09,-0.001658537338720123,2.7507461039288278e-06,2.7507461039288278e-06
2006-02-10,0.0018193268429154141,3.309950161352568e-06,0.0
2006-02-13,-0.0018160229036994213,3.2979391867608777e-06,3.2979391867608777e-06
2006-02-14,0.010600507941921133,0.00011237076862673302,0.0
2006-02-15,0.003522211466625569,1.240597361562864e-05,0.0
2006-02-16,0.007488307725481258,5.607475259150229e-05,0.0
2006-02-17,-0.0027096401130997094,7.342149542519006e-06,7.342149542519006e-06
2006-02-21,-0.002484367684347122,6.17208279102828e-06,6.17208279102828e-06
2006-02-22,0.006070220130762305,3.684757243591193e-05,0.0
2006-02-23,-0.0014693989671747953,2.159133324734355e-06,2.159133324734355e-06
2006-02-24,0.0025562093628173077,6.5342063065548666e-06,0.0
2006-02-27,0.00038661353842828206,1.4947002809603672e-07,0.0
2006-02-28,-0.00950102700931954,9.026951423181941e-05,9.026951423181941e-05
2006-03-01,0.008890495515631258,7.904091051345951e-05,0.0
2006-03-02,-7.74668178786797e-05,6.00110787224853e-09,6.00110787224853e-09
2006-03-03,-0.004638148251884244,2.151241920645687e-05,2.151241920645687e-05
2006-03-06,-0.004581927089553406,2.0994055853983344e-05,2.0994055853983344e-05
2006-03-07,-0.0015607211460985093,2.4358504958790444e-06,2.4358504958790444e-06
2006-03-08,0.0021096245956979676,4.450515934773813e-06,0.0
2006-03-09,-0.006706297624490487,4.497442782824675e-05,4.497442782824675e-05
2006-03-10,0.009499516903493044,9.024082139975007e-05,0.0
2006-03-13,0.001866247617075878,3.4828801682413927e-06,0.0
2006-03-14,0.010479176961972758,0.0001098131498003406,0.0
2006-03-15,0.004454962477586255,1.9846690676701466e-05,0.0
2006-03-16,0.0020651223906205107,4.264730488242173e-06,0.0
2006-03-17,0.0008354038947187004,6.978996673111734e-07,0.0
2006-03-20,-0.0016079031089685225,2.5853524078306404e-06,2.5853524078306404e-06
2006-03-21,-0.006287947731036692,3.9538286668249475e-05,3.9538286668249475e-05
2006-03-22,0.006096307603625117,3.716496639801742e-05,0.0
2006-03-23,-0.0020710005430657485,4.289043249378625e-06,4.289043249378625e-06
2006-03-24,0.0007683171948162926,5.903113118503769e-07,0.0
2006-03-27,-0.0014590474027647016,2.1288193235144215e-06,2.1288193235144215e-06
2006-03-28,-0.006152920881909885,3.785843537904271e-05,3.785843537904271e-05
2006-03-29,0.006268691484733413,3.92964929307692e-05,0.0
2006-03-30,-0.0017693314073730093,3.1305336291165537e-06,3.1305336291165537e-06
2006-03-31,0.0002316510736306565,5.366221991423585e-08,0.0
2006-04-03,-0.0007706559841467175,5.939106459011458e-07,5.939106459011458e-07
2006-04-04,0.006398281325615596,4.0938003921721265e-05,0.0
2006-04-05,0.0034469088309778684,1.1881180489073215e-05,0.0
2006-04-06,-0.0010689132259386058,1.142575484586477e-06,1.142575484586477e-06
2006-04-07,-0.01016334309694833,0.00010329354290628726,0.00010329354290628726
2006-04-10,0.0015444218631290862,2.385238891311118e-06,0.0
2006-04-11,-0.008478321487680796,7.18819352484699e-05,7.18819352484699e-05
2006-04-12,0.0018657034210327605,3.480849255253346e-06,0.0
2006-04-13,-0.0013189393769608149,1.7396010800977825e-06,1.7396010800977825e-06
2006-04-17,-0.0003888099432167724,1.511731719442298e-07,1.511731719442298e-07
2006-04-18,0.015855715875645826,0.0002514037259292071,0.0
2006-04-19,0.001913011449872437,3.6596128073430437e-06,0.0
2006-04-20,0.0013744036898213352,1.888985502594501e-06,0.0
2006-04-21,0.00015267071206093163,2.3308346321191896e-08,0.0
2006-04-24,-0.0018302500075945138,3.349815090299718e-06,3.349815090299718e-06
2006-04-25,-0.004124725783340333,1.701336278775252e-05,1.701336278775252e-05
2006-04-26,0.00022978928144623545,5.280311386757721e-08,0.0
2006-04-27,0.004831595174939585,2.3344311934499476e-05,0.0
2006-04-28,0.003357686945164584,1.1274061621728676e-05,0.0
2006-05-01,-0.008138722772893181,6.623880837401006e-05,6.623880837401006e-05
2006-05-02,0.007516041030071641,5.649087276572037e-05,0.0
2006-05-03,-0.00373007002325787,1.3913422378406966e-05,1.3913422378406966e-05
2006-05-04,0.0035906621477599376,1.2892854659356009e-05,0.0
2006-05-05,0.008830888911223855,7.798459896237645e-05,0.0
2006-05-08,-0.001207469055004462,1.4579815187933685e-06,1.4579815187933685e-06
2006-05-09,0.001964603360737005,3.859666365019135e-06,0.0
2006-05-10,-0.0005278849421114229,2.786625121079803e-07,2.786625121079803e-07
2006-05-11,-0.012070954617158125,0.00014570794536949104,0.00014570794536949104
2006-05-12,-0.013058483019357747,0.00017052397876685463,0.00017052397876685463
2006-05-15,0.0020118596536295996,4.047579265902612e-06,0.0
2006-05-16,-0.0014673025262471606,2.1529767035312996e-06,2.1529767035312996e-06
2006-05-17,-0.0190242263839292,0.00036192118950698787,0.00036192118950698787
2006-05-18,-0.005045067366585276,2.5452704733383696e-05,2.5452704733383696e-05
2006-05-19,0.007051453655355866,4.97229986536316e-05,0.0
2006-05-22,-0.007631602433635587,5.8241355705072615e-05,5.8241355705072615e-05
2006-05-23,-0.007610886402455663,5.792559183108451e-05,5.792559183108451e-05
2006-05-24,0.007988694383016748,6.381923794524334e-05,0.0
2006-05-25,0.012364439813206785,0.00015287937189441302,0.0
2006-05-26,0.005088718792251257,2.589505894661109e-05,0.0
2006-05-30,-0.017760038370634224,0.00031541896292639995,0.00031541896292639995
2006-05-31,0.011181961983101951,0.00012503627379153732,0.0
2006-06-01,0.00956775885973915,9.1542009598117e-05,0.0
2006-06-02,0.0020975460799899093,4.399699557681035e-06,0.0
2006-06-05,-0.014573420998968523,0.0002123845996131767,0.0002123845996131767
2006-06-06,-0.00243908448101704,5.949133105538162e-06,5.949133105538162e-06
2006-06-07,-0.0074911835317711395,5.611783070667912e-05,5.611783070667912e-05
2006-06-08,-0.0008741886694701995,7.642058298300777e-07,7.642058298300777e-07
2006-06-09,-0.0031810572117707547,1.0119124984558728e-05,1.0119124984558728e-05
2006-06-12,-0.01084980916402889,0.00011771835889584527,0.00011771835889584527
2006-06-13,-0.011613775621772904,0.0001348797841928866,0.0001348797841928866
2006-06-14,0.0077520394887684585,6.0094116235425545e-05,0.0
2006-06-15,0.02121496562369085,0.00045007476641438455,0.0
2006-06-16,-0.007287261463673644,5.310417963994295e-05,5.310417963994295e-05
2006-06-19,-0.007861824650806315,6.180828684002584e-05,6.180828684002584e-05
2006-06-20,0.0033960144094071776,1.1532913868901181e-05,0.0
2006-06-21,0.007413927269124043,5.496631755186109e-05,0.0
2006-06-22,-0.004399631198830356,1.9356754685721436e-05,1.9356754685721436e-05
2006-06-23,-0.00016067587621249046,2.581673719665156e-08,2.581673719665156e-08
2006-06-26,0.004419429481527626,1.953135694219554e-05,0.0
2006-06-27,-0.008640237966201392,7.465371211258796e-05,7.465371211258796e-05
2006-06-28,0.0067788737018184,4.5953128665205096e-05,0.0
2006-06-29,0.020200573167129976,0.0004080631562805716,0.0
2006-06-30,7.852086430082394e-05,6.1655261305484086e-09,0.0
2006-07-03,0.004085621015346597,1.6692299081041754e-05,0.0
2006-07-05,-0.00571213088104372,3.26284392021733e-05,3.26284392021733e-05
2006-07-06,0.0029115788389373343,8.477291335347675e-06,0.0
2006-07-07,-0.006512862105095385,4.241737279998749e-05,4.241737279998749e-05
2006-07-10,0.0018957171099955872,3.5937433611300213e-06,0.0
2006-07-11,0.004414767718091461,1.9490174004702487e-05,0.0
2006-07-12,-0.010674194080359745,0.00011393841926518701,0.00011393841926518701
2006-07-13,-0.016263585803327762,0.00026450422318220437,0.00026450422318220437
2006-07-14,-0.003871148776972144,1.4985792853452928e-05,1.4985792853452928e-05
2006-07-17,-0.0014568205506964027,2.12232611693137e-06,2.12232611693137e-06
2006-07-18,0.0051075615333153745,2.60871848166029e-05,0.0
2006-07-19,0.013874610620626004,0.00019250481987398793,0.0
2006-07-20,-0.0068426769007168264,4.682222716760364e-05,4.682222716760364e-05
2006-07-21,-0.007049315285405644,4.969284599305366e-05,4.969284599305366e-05
2006-07-24,0.018233035504360284,0.0003324435837032627,0.0
2006-07-25,0.003565385597836146,1.2711974461257412e-05,0.0
2006-07-26,0.001342414639626588,1.8020770646837818e-06,0.0
2006-07-27,-0.0009462142525475947,8.953214117242034e-07,8.953214117242034e-07
2006-07-28,0.01002300560083813,0.00010046064127443253,0.0
2006-07-31,-0.0010155387064364474,1.0313188642706128e-06,1.0313188642706128e-06
2006-08-01,-0.004927904979388442,2.4284247485881404e-05,2.4284247485881404e-05
2006-08-02,0.006759518788844954,4.569109425674795e-05,0.0
2006-08-03,0.0026550634384154836,7.04936186201065e-06,0.0
2006-08-04,-0.001713104905046503,2.934728415694388e-06,2.934728415694388e-06
2006-08-07,-0.0023405140725631934,5.4780061238663455e-06,5.4780061238663455e-06
2006-08-08,-0.0038307254886504882,1.4674457769396522e-05,1.4674457769396522e-05
2006-08-09,-0.0033751083231715606,1.1391356193141944e-05,1.1391356193141944e-05
2006-08-10,0.0030715639075145074,9.43450483794579e-06,0.0
2006-08-11,-0.0028263481424587455,7.988243822380001e-06,7.988243822380001e-06
2006-08-14,0.0007870761625661249,6.194888856798171e-07,0.0
2006-08-15,0.011958344208193417,0.00014300199620163304,0.0
2006-08-16,0.008318040036815244,6.918979005406135e-05,0.0
2006-08-17,0.002544935639241963,6.476697407883899e-06,0.0
2006-08-18,0.005075340810529294,2.575908434302415e-05,0.0
2006-08-21,-0.004285051033729448,1.836166236166581e-05,1.836166236166581e-05
2006-08-22,-7.654113976174326e-05,5.858546076026715e-09,5.858546076026715e-09
2006-08-23,-0.002767123199515664,7.656970801297806e-06,7.656970801297806e-06
2006-08-24,-0.0008473252957296173,7.179601567832835e-07,7.179601567832835e-07
2006-08-25,0.0012336960401391206,1.5220059194549467e-06,0.0
2006-08-28,0.00477660201753638,2.2815926833932614e-05,0.0
2006-08-29,0.0011496153067358517,1.3216153534813664e-06,0.0
2006-08-30,0.0006129191269075296,3.756698561290884e-07,0.0
2006-08-31,-0.00015288294394688595,2.337319454986667e-08,2.337319454986667e-08
2006-09-01,0.005970430970639651,3.564604597517312e-05,0.0
2006-09-05,0.001902206992717037,3.6183914431415938e-06,0.0
2006-09-06,-0.00881015576616484,7.761884462408758e-05,7.761884462408758e-05
2006-09-07,-0.004596911067571208,2.113159136315866e-05,2.113159136315866e-05
2006-09-08,0.0028481825089432533,8.112143604250285e-06,0.0
2006-09-11,0.0009973563671092922,9.947197230134452e-07,0.0
2006-09-12,0.009815519566828579,9.634442436679469e-05,0.0
2006-09-13,0.004024521283854332,1.619677156419652e-05,0.0
2006-09-14,7.59145726896282e-05,5.763022346648844e-09,0.0
2006-09-15,0.002346673785929898,5.506877857570561e-06,0.0
2006-09-18,0.0013642403759788202,1.8611518034508327e-06,0.0
2006-09-19,-0.0024968835652148247,6.234427538239894e-06,6.234427538239894e-06
2006-09-20,0.005310201894365374,2.8198244158921607e-05,0.0
2006-09-21,-0.004830148817691504,2.3330337601046635e-05,2.3330337601046635e-05
2006-09-22,-0.0030329753296653994,9.198939350358939e-06,9.198939350358939e-06
2006-09-25,0.007682269926779339,5.9017271227898235e-05,0.0
2006-09-26,0.008303186710992838,6.894290955760807e-05,0.0
2006-09-27,0.0011979057385245184,1.4349781583899718e-06,0.0
2006-09-28,-0.00037394378720179144,1.398339559868187e-07,1.398339559868187e-07
2006-09-29,-0.00082283638463021,6.77059715871315e-07,6.77059715871315e-07
2006-10-02,-0.003742931908580771,1.4009539272272094e-05,1.4009539272272094e-05
2006-10-03,0.002103778203317974,4.4258827287558036e-06,0.0
2006-10-04,0.011698664204881082,0.00013685874417856592,0.0
2006-10-05,0.001926621541963991,3.711870565959706e-06,0.0
2006-10-06,-0.001258059558160829,1.5827138518798202e-06,1.5827138518798202e-06
2006-10-09,0.0005928120081482025,3.5142607700470445e-07,0.0
2006-10-10,0.0013323871500645623,1.7752555176571666e-06,0.0
2006-10-11,-0.0011829394297221407,1.3993456943913435e-06,1.3993456943913435e-06
2006-10-12,0.008659966743961078,7.499502400651184e-05,0.0
2006-10-13,0.002567933066633943,6.5942802347120055e-06,0.0
2006-10-16,0.0015368776366158077,2.3619928699297905e-06,0.0
2006-10-17,-0.003142309386565012,9.874108280894582e-06,9.874108280894582e-06
2006-10-18,0.0013194942978593804,1.7410652020834193e-06,0.0
2006-10-19,0.0016108131767520462,2.5947190903980186e-06,0.0
2006-10-20,0.0002191390760974965,4.802193467286436e-08,0.0
2006-10-23,0.004604279290202573,2.119938778218831e-05,0.0
2006-10-24,0.00298195775513288,8.892072053397126e-06,0.0
2006-10-25,0.0034094012850116595,1.1624017122239156e-05,0.0
2006-10-26,0.003107694449743681,9.65776479296768e-06,0.0
2006-10-27,-0.006269091201124066,3.930150448801119e-05,3.930150448801119e-05
2006-10-30,-0.0007251146513966855,5.257912576701367e-07,5.257912576701367e-07
2006-10-31,-0.00014471424071693662,2.0942211466279476e-08,2.0942211466279476e-08
2006-11-01,-0.006749850388559797,4.5560480267940845e-05,4.5560480267940845e-05
2006-11-02,-0.0005845582833785556,3.417083866664838e-07,3.417083866664838e-07
2006-11-03,-0.0017544599742361777,3.0781298011968096e-06,3.0781298011968096e-06
2006-11-06,0.01127893668135349,0.0001272144126619813,0.0
2006-11-07,0.0038381525006223605,1.473141461803368e-05,0.0
2006-11-08,0.002164516211237366,4.685130428709362e-06,0.0
2006-11-09,-0.005255087117017276,2.761594060744095e-05,2.761594060744095e-05
2006-11-10,0.0004341708753350382,1.8850434898919326e-07,0.0
2006-11-13,0.0024596306649828925,6.049783008124186e-06,0.0
2006-11-14,0.007504538946280448,5.631810479624006e-05,0.0
2006-11-15,0.0028649341923108196,8.207847926271648e-06,0.0
2006-11-16,0.002570714428748788,6.608572674177208e-06,0.0
2006-11-17,0.00028514564659820607,8.130803977390903e-08,0.0
2006-11-20,0.0005693475111903101,3.241565884986003e-07,0.0
2006-11-21,0.0009968061914256143,9.936225832644386e-07,0.0
2006-11-22,0.001991081123432714,3.964404040090079e-06,0.0
2006-11-24,-0.004045398639286324,1.636525015073964e-05,1.636525015073964e-05
2006-11-27,-0.013751040312541152,0.00018909110967713186,0.00018909110967713186
2006-11-28,0.004334657495012495,1.8789255599068e-05,0.0
2006-11-29,0.010430526519621175,0.00010879588347652062,0.0
2006-11-30,0.000427014692491845,1.8234154760390493e-07,0.0
2006-12-01,-0.0022062115827395923,4.8673695478143366e-06,4.8673695478143366e-06
2006-12-04,0.007631204974658301,5.8235289365249604e-05,0.0
2006-12-05,0.004317026567691062,1.8636718386150476e-05,0.0
2006-12-06,-0.0008454232229936354,7.147404259769461e-07,7.147404259769461e-07
2006-12-07,-0.0043732117914392354,1.9124981372783166e-05,1.9124981372783166e-05
2006-12-08,0.0018420004546133573,3.3929656747958147e-06,0.0
2006-12-11,0.0028991346267364104,8.404981583942066e-06,0.0
2006-12-12,-0.0007753021408284377,6.010934095731587e-07,6.010934095731587e-07
2006-12-13,0.0010581982732735806,1.1197835855591876e-06,0.0
2006-12-14,0.008810621056538182,7.762704340191399e-05,0.0
2006-12-15,9.159371999745147e-05,8.389409542971541e-09,0.0
2006-12-18,-0.002739819255773712,7.506609554308418e-06,7.506609554308418e-06
2006-12-19,0.001901831759014927,3.6169640395978112e-06,0.0
2006-12-20,-0.000562555366716122,3.1646854062111054e-07,3.1646854062111054e-07
2006-12-21,-0.0036582843455346126,1.338304435278361e-05,1.338304435278361e-05
2006-12-22,-0.006143073080223216,3.7737346868963146e-05,3.7737346868963146e-05
2006-12-26,0.005896983380340837,3.477441298801604e-05,0.0
2006-12-27,0.006568978278621573,4.315147562500205e-05,0.0
2006-12-28,-0.002105709881740858,4.4340141060610986e-06,4.4340141060610986e-06
2006-12-29,-0.004148582159278713,1.721073393228563e-05,1.721073393228563e-05
2007-01-03,-0.0017652986969050044,3.1162794892945067e-06,3.1162794892945067e-06
2007-01-04,0.0021219193855834817,4.50254187891498e-06,0.0
2007-01-05,-0.007975808761700787,6.361352540322303e-05,6.361352540322303e-05
2007-01-08,0.004624720036774166,2.138803541854044e-05,0.0
2007-01-09,-0.0008497571029817408,7.220871340679208e-07,7.220871340679208e-07
2007-01-10,0.003331316556347108,1.1097669998592355e-05,0.0
2007-01-11,0.004380943293602169,1.9192664141757816e-05,0.0
2007-01-12,0.007597316153144629,5.77192127308323e-05,0.0
2007-01-16,-0.0019557596206922767,3.824995693930398e-06,3.824995693930398e-06
2007-01-17,0.00041999980465123876,1.7639983590707872e-07,0.0
2007-01-18,-0.0033556893403888788,1.1260650949199548e-05,1.1260650949199548e-05
2007-01-19,0.0019639869900209828,3.85724489697168e-06,0.0
2007-01-22,-0.0030803685320892615,9.488670293485751e-06,9.488670293485751e-06
2007-01-23,0.002949673955983334,8.700576446606372e-06,0.0
2007-01-24,0.008052949898816664,6.485000207285131e-05,0.0
2007-01-25,-0.011740420463787538,0.00013783747266652119,0.00013783747266652119
2007-01-26,-0.000913684742952503,8.348198095041815e-07,8.348198095041815e-07
2007-01-29,-0.0005622976004951985,3.1617859152265786e-07,3.1617859152265786e-07
2007-01-30,0.005208902110240166,2.713266119406445e-05,0.0
2007-01-31,0.006722952812431737,4.5198094518183804e-05,0.0
2007-02-01,0.0059829916658236115,3.5796189273314796e-05,0.0
2007-02-02,0.0013826919168686835,1.9118369369739945e-06,0.0
2007-02-05,0.00027632227705232104,7.635400079537967e-08,0.0
2007-02-06,0.0002764718813936806,7.643670120136141e-08,0.0
2007-02-07,0.0022083026457317967,4.876600575146053e-06,0.0
2007-02-08,-0.001308163819703112,1.7112925791802362e-06,1.7112925791802362e-06
2007-02-09,-0.007447487368180239,5.546506809920422e-05,5.546506809920422e-05
2007-02-12,-0.003404345426885058,1.1589567785553209e-05,1.1589567785553209e-05
2007-02-13,0.00843495298139385,7.1148431798325e-05,0.0
2007-02-14,0.0065674982400878434,4.313203313355692e-05,0.0
2007-02-15,0.0013050194288242167,1.7030757096086848e-06,0.0
2007-02-16,-0.00048065437232003294,2.3102862563036484e-07,2.3102862563036484e-07
2007-02-20,0.0021273794157496972,4.5257431785555234e-06,0.0
2007-02-21,-0.000410917727712401,1.6885337894832293e-07,1.6885337894832293e-07
2007-02-22,-0.0007534969454714435,5.677576468347955e-07,5.677576468347955e-07
2007-02-23,-0.00390740801123346,1.526783736625142e-05,1.526783736625142e-05
2007-02-26,-0.000894868459817233,8.007895603756667e-07,8.007895603756667e-07
2007-02-27,-0.039057643076683024,0.0015254994827055654,0.0015254994827055654
2007-02-28,0.010250943824264835,0.00010508184928823337,0.0
2007-03-01,-0.0029799465704255512,8.880081562591004e-06,8.880081562591004e-06
2007-03-02,-0.013095535617445586,0.00017149305310778596,0.00017149305310778596
2007-03-05,-0.00951876872612678,9.060695806148925e-05,9.060695806148925e-05
2007-03-06,0.017109618983171204,0.00029273906174929245,0.0
2007-03-07,-0.0010025036039919,1.0050134760167483e-06,1.0050134760167483e-06
2007-03-08,0.008455416712492392,7.149407178189564e-05,0.0
2007-03-09,0.00028400300373454535,8.065770613024418e-08,0.0
2007-03-12,0.0014920647417393518,2.2262571935417185e-06,0.0
2007-03-13,-0.019433866305442415,0.00037767515957781006,0.00037767515957781006
2007-03-14,0.00744999772745647,5.550246613910657e-05,0.0
2007-03-15,0.0013641734543767825,1.8609692136262835e-06,0.0
2007-03-16,-0.0028004228440604573,7.84236810553566e-06,7.84236810553566e-06
2007-03-19,0.012055092410008239,0.00014532525301383826,0.0
2007-03-20,0.005492553017602431,3.0168138651173567e-05,0.0
2007-03-21,0.01645709768412984,0.00027083606418499173,0.0
2007-03-22,-0.0007677188044091787,5.893921626434588e-07,5.893921626434588e-07
2007-03-23,0.0014667227644298286,2.1512756676966787e-06,0.0
2007-03-26,-0.0013246871874841304,1.7547961446846155e-06,1.7547961446846155e-06
2007-03-27,-0.002374791351167138,5.6396339615782415e-06,5.6396339615782415e-06
2007-03-28,-0.007279609995630376,5.2992721688481684e-05,5.2992721688481684e-05
2007-03-29,0.001057552362748071,1.1184169999540275e-06,0.0
2007-03-30,0.00021177685989925976,4.48494383887907e-08,0.0
2007-04-02,0.0011263041567579624,1.2685610535302647e-06,0.0
2007-04-03,0.010762719151578892,0.00011583612353576307,0.0
2007-04-04,0.001113284359004707,1.2394020640045213e-06,0.0
2007-04-05,0.002711453284121035,7.351978911970745e-06,0.0
2007-04-09,0.001386638028414211,1.9227650218444504e-06,0.0
2007-04-10,0.0011767883150177738,1.3848307383623713e-06,0.0
2007-04-11,-0.00407984218929669,1.6645112289565207e-05,1.6645112289565207e-05
2007-04-12,0.004443612513548523,1.974569217056502e-05,0.0
2007-04-13,0.004562388179613963,2.0815385901481214e-05,0.0
2007-04-16,0.0094961523314403,9.017690910191904e-05,0.0
2007-04-17,0.0026587029766214076,7.068701517895533e-06,0.0
2007-04-18,0.0012237716648619834,1.4976170877190707e-06,0.0
2007-04-19,-0.000271518485576161,7.372228800957194e-08,7.372228800957194e-08
2007-04-20,0.009441151019670135,8.913533257621844e-05,0.0
2007-04-23,-0.003767971837267514,1.4197611766441126e-05,1.4197611766441126e-05
2007-04-24,0.0004045174144675645,1.6363433860752337e-07,0.0
2007-04-25,0.009182030755687576,8.430968879839256e-05,0.0
2007-04-26,0.0011371838097997689,1.2931870172707168e-06,0.0
2007-04-27,-0.0008015285604905387,6.424480332820351e-07,6.424480332820351e-07
2007-04-30,-0.008292545320256917,6.87663078885149e-05,6.87663078885149e-05
2007-05-01,0.002562415555511288,6.5659734791262235e-06,0.0
2007-05-02,0.005851888823248386,3.4244602799659377e-05,0.0
2007-05-03,0.005416893493798369,2.9342735123155103e-05,0.0
2007-05-04,0.003790743062102697,1.4369732962879732e-05,0.0
2007-05-07,0.00019921785930865354,3.968775546752248e-08,0.0
2007-05-08,-0.0013252151369080867,1.7561951590903188e-06,1.7561951590903188e-06
2007-05-09,0.0027196112579839227,7.396285394552895e-06,0.0
2007-05-10,-0.01045235905359665,0.00010925180978530384,0.00010925180978530384
2007-05-11,0.008557243724719443,7.32264201642503e-05,0.0
2007-05-14,-0.002187730056842696,4.786162801612946e-06,4.786162801612946e-06
2007-05-15,0.0002657105034620244,7.060207165004248e-08,0.0
2007-05-16,0.006841256297131171,4.6802787723036895e-05,0.0
2007-05-17,-0.0019792280680830387,3.917343745487718e-06,3.917343745487718e-06
2007-05-18,0.008724466382127982,7.611631365288132e-05,0.0
2007-05-21,-0.0005242146889469224,2.7480104010771857e-07,2.7480104010771857e-07
2007-05-22,-0.0007863426688877739,6.183347929135472e-07,6.183347929135472e-07
2007-05-23,0.0001304592379041125,1.7019612754521827e-08,0.0
2007-05-24,-0.009052404983890927,8.19460359923733e-05,8.19460359923733e-05
2007-05-25,0.004170418470397896,1.739239021823593e-05,0.0
2007-05-29,0.0036261710092562183,1.3149116188370261e-05,0.0
2007-05-30,0.008144715770018074,6.63363949743811e-05,0.0
2007-05-31,-0.0010417761068455267,1.0852974567942222e-06,1.0852974567942222e-06
2007-06-01,0.0049564850281014206,2.456674383379354e-05,0.0
2007-06-04,0.0001294768781514577,1.6764261975847423e-08,0.0
2007-06-05,-0.003958123178056772,1.5666739092670236e-05,1.5666739092670236e-05
2007-06-06,-0.010750015574295002,0.00011556283484758511,0.00011556283484758511
2007-06-07,-0.018045243637338282,0.00032563081793089775,0.00032563081793089775
2007-06-08,0.01301109918120913,0.00016928870190326088,0.0
2007-06-11,0.0017216102116499599,2.9639417208574195e-06,0.0
2007-06-12,-0.01090576252002795,0.0001189356561432464,0.0001189356561432464
2007-06-13,0.014968304442896319,0.00022405013789522966,0.0
2007-06-14,0.006386483324313685,4.078716925173678e-05,0.0
2007-06-15,0.005689778380633559,3.2373578020725044e-05,0.0
2007-06-18,-0.0011760754350714775,1.383153428978565e-06,1.383153428978565e-06
2007-06-19,0.0024852697172217386,6.176565567339421e-06,0.0
2007-06-20,-0.013896560611131314,0.00019311439681884634,0.00019311439681884634
2007-06-21,0.005557456917450132,3.088532738931432e-05,0.0
2007-06-22,-0.009408738595732657,8.852436196282933e-05,8.852436196282933e-05
2007-06-25,-0.00478261282007586,2.287338538675397e-05,2.287338538675397e-05
2007-06-26,-0.010278487725474572,0.00010564730992273144,0.00010564730992273144
2007-06-27,0.014228704203683717,0.0002024560233159267,0.0
2007-06-28,-0.00013265121069050423,1.7596343697656544e-08,1.7596343697656544e-08
2007-06-29,0.00033217564688459156,1.1034066038319686e-07,0.0
2007-07-02,0.009041138846754393,8.174219164629136e-05,0.0
2007-07-03,0.003622983611004882,1.3126010245609973e-05,0.0
2007-07-05,-0.001049826191338421,1.102135032020135e-06,1.102135032020135e-06
2007-07-06,0.005256851374881855,2.7634486377597245e-05,0.0
2007-07-09,0.0007846057716687227,6.156062169358719e-07,0.0
2007-07-10,-0.014239458050034237,0.00020276216555868484,0.00020276216555868484
2007-07-11,0.0070895918548909975,5.0262312668936777e-05,0.0
2007-07-12,0.015791202709267926,0.0002493620830051907,0.0
2007-07-13,0.0029792757642286283,8.876084079320078e-06,0.0
2007-07-16,-0.0001293281886193265,1.672578037155609e-08,1.672578037155609e-08
2007-07-17,-0.000516471247065442,2.6674254904533283e-07,2.6674254904533283e-07
2007-07-18,-0.0018094573774243283,3.274136000715328e-06,3.274136000715328e-06
2007-07-19,0.0038844173780172575,1.5088698366642466e-05,0.0
2007-07-20,-0.01012463683724285,0.00010250827108605492,0.00010250827108605492
2007-07-23,0.003061677528345408,9.373869287575245e-06,0.0
2007-07-24,-0.017340982785219783,0.00030070968395728883,0.00030070968395728883
2007-07-25,0.0020489400116014966,4.198155171141541e-06,0.0
2007-07-26,-0.023678870919250028,0.0005606889280105046,0.0005606889280105046
2007-07-27,-0.019659756573023768,0.00038650602851055124,0.00038650602851055124
2007-07-30,0.015643171452093707,0.00024470881307959953,0.0
2007-07-31,-0.011263481605143233,0.00012686601786939997,0.00012686601786939997
2007-08-01,0.0048726827137222095,2.3743036828607238e-05,0.0
2007-08-02,0.007989842608908004,6.383758491512186e-05,0.0
2007-08-03,-0.02574532777416172,0.0006628219021990228,0.0006628219021990228
2007-08-06,0.016759794190004174,0.00028089070129129766,0.0
2007-08-07,0.010669424331334332,0.00011383661556206905,0.0
2007-08-08,0.013940731591330469,0.00019434399730151934,0.0
2007-08-09,-0.029633811408911193,0.0008781627786189152,0.0008781627786189152
2007-08-10,-0.004677090198165423,2.187517272177508e-05,2.187517272177508e-05
2007-08-13,0.003593141189237814,1.2910663605797332e-05,0.0
2007-08-14,-0.015285626506340133,0.00023365037769132807,0.00023365037769132807
2007-08-15,-0.01377582721727899,0.00018977341552032462,0.00018977341552032462
2007-08-16,0.0075158842929548,5.648851670508467e-05,0.0
2007-08-17,0.018367411889537166,0.00033736181951991124,0.0
2007-08-20,-0.00048380566877292974,2.340679251368218e-07,2.340679251368218e-07
2007-08-21,0.0020051262894451582,4.020531436624108e-06,0.0
2007-08-22,0.011867606681029708,0.00014084008833562095,0.0
2007-08-23,-0.0008860517526525502,7.85087708378656e-07,7.85087708378656e-07
2007-08-24,0.01235296015810361,0.00015259562466769515,0.0
2007-08-27,-0.00930429802988264,8.656996182887798e-05,8.656996182887798e-05
2007-08-28,-0.02197937555628726,0.00048309294984431796,0.00048309294984431796
2007-08-29,0.01962125925118463,0.00038499381460219844,0.0
2007-08-30,-0.0026616270241747175,7.084258415817162e-06,7.084258415817162e-06
2007-08-31,0.00985312952476547,9.7084161431805e-05,0.0
2007-09-04,0.010095740934432218,0.00010192398501517032,0.0
2007-09-05,-0.008653312737914365,7.4879821340151e-05,7.4879821340151e-05
2007-09-06,0.0023006789004968997,5.293123403191623e-06,0.0
2007-09-07,-0.01390685243513623,0.00019340054465265448,0.00019340054465265448
2007-09-10,-0.0019169826022773506,3.6748222974340432e-06,3.6748222974340432e-06
2007-09-11,0.011660684240710983,0.0001359715569615655,0.0
2007-09-12,0.002576115641903076,6.636371800457698e-06,0.0
2007-09-13,0.007033665099174691,4.947244472734811e-05,0.0
2007-09-14,-6.713456942797347e-05,4.50705041227939e-09,4.50705041227939e-09
2007-09-17,-0.005372506707913227,2.886382832657262e-05,2.886382832657262e-05
2007-09-18,0.029439228645163018,0.0008666681832221868,0.0
2007-09-19,0.005903409412669314,3.485024269359265e-05,0.0
2007-09-20,-0.007042615204858493,4.959842892370404e-05,4.959842892370404e-05
2007-09-21,0.0026988509101921743,7.283796235445127e-06,0.0
2007-09-24,-0.0018425032762658944,3.394818323050555e-06,3.394818323050555e-06
2007-09-25,-0.0019775873434410007,3.910851700938035e-06,3.910851700938035e-06
2007-09-26,0.0052842292384296385,2.7923078644274676e-05,0.0
2007-09-27,0.005913553774969049,3.497011824945069e-05,0.0
2007-09-28,-0.0033311826025314017,1.1096777531407884e-05,1.1096777531407884e-05
2007-10-01,0.011272934272833712,0.00012707904711962894,0.0
2007-10-02,-0.0013612719050255517,1.8530611994118948e-06,1.8530611994118948e-06
2007-10-03,-0.002012056124010675,4.04836984616886e-06,4.04836984616886e-06
2007-10-04,0.0015608907755984003,2.4363800133481758e-06,0.0
2007-10-05,0.0118817143445622,0.00014117513576577514,0.0
2007-10-08,-0.005325365126932047,2.8359513735143975e-05,2.8359513735143975e-05
2007-10-09,0.009417612853915847,8.869143186624098e-05,0.0
2007-10-10,-0.001661403685518037,2.7602622062529164e-06,2.7602622062529164e-06
2007-10-11,-0.0048010879855964195,2.3050445845438284e-05,2.3050445845438284e-05
2007-10-12,0.0055319013653862825,3.0601932716362615e-05,0.0
2007-10-15,-0.008443381287005614,7.129068755775657e-05,7.129068755775657e-05
2007-10-16,-0.007935640693140122,6.297439321062144e-05,6.297439321062144e-05
2007-10-17,0.003056589800621179,9.342741209261417e-06,0.0
2007-10-18,-0.003630328499946156,1.3179285017521307e-05,1.3179285017521307e-05
2007-10-19,-0.026156699173717324,0.0006841729116643445,0.0006841729116643445
2007-10-22,0.005812894373173005,3.378974099366639e-05,0.0
2007-10-23,0.008104181474952954,6.567775737897063e-05,0.0
2007-10-24,-0.0018446270173678725,3.402648833203493e-06,3.402648833203493e-06
2007-10-25,0.002376066537540522,5.645692190819806e-06,0.0
2007-10-26,0.011722462114184484,0.00013741611801849056,0.0
2007-10-29,0.0033201113017109485,1.1023139055748769e-05,0.0
2007-10-30,-0.006941721190547145,4.818749308729128e-05,4.818749308729128e-05
2007-10-31,0.010387437313094772,0.00010789885393347354,0.0
2007-11-01,-0.02340746849563724,0.0005479095813742499,0.0005479095813742499
2007-11-02,0.0011255158346874516,1.2667858941321909e-06,0.0
2007-11-05,-0.007605747451011724,5.784739428857134e-05,5.784739428857134e-05
2007-11-06,0.013462355467269704,0.0001812350147271265,0.0
2007-11-07,-0.02735581659225861,0.0007483407014292914,0.0007483407014292914
2007-11-08,-0.005070607678648309,2.5711062230767192e-05,2.5711062230767192e-05
2007-11-09,-0.013726293668018474,0.00018841113786068406,0.00018841113786068406
2007-11-12,-0.009921658000827116,9.843929748537673e-05,9.843929748537673e-05
2007-11-13,0.030479965925467756,0.0009290283228176755,0.0
2007-11-14,-0.0027687657049736414,7.666063529038185e-06,7.666063529038185e-06
2007-11-15,-0.014423919717301281,0.00020804946001115268,0.00020804946001115268
2007-11-16,0.001717331433720659,2.9492272532450544e-06,0.0
2007-11-19,-0.013923681514989239,0.00019386890693085302,0.00019386890693085302
2007-11-20,0.006121073499022911,3.746754078044058e-05,0.0
2007-11-21,-0.020464177192714095,0.00041878254817479975,0.00041878254817479975
2007-11-23,0.01729271185823622,0.0002990378834119836,0.0
2007-11-26,-0.02206368088224242,0.00048680601407342965,0.00048680601407342965
2007-11-27,0.011493348400899439,0.0001320970574644577,0.0
2007-11-28,0.03198439326624647,0.0010230014126099125,0.0
2007-11-29,0.0003396666290236272,1.1537341887227439e-07,0.0
2007-11-30,0.010055869028166242,0.00010112050191163309,0.0
2007-12-03,-0.0065924536354471375,4.346044493552018e-05,4.346044493552018e-05
2007-12-04,-0.008938004895559404,7.988793151304387e-05,7.988793151304387e-05
2007-12-05,0.016738878846135563,0.0002801900650256046,0.0
2007-12-06,0.01431429418477781,0.00020489901800836382,0.0
2007-12-07,-0.00019939762654752613,3.9759413472786694e-08,3.9759413472786694e-08
2007-12-10,0.007753226800703672,6.0112525823149694e-05,0.0
2007-12-11,-0.027419727141671513,0.0007518414365237174,0.0007518414365237174
2007-12-12,0.00987141001828129,9.744473574902423e-05,0.0
2007-12-13,-0.002075778681938978,4.30885713639232e-06,4.30885713639232e-06
2007-12-14,-0.01267981865002954,0.00016077780099763695,0.00016077780099763695
2007-12-17,-0.014268713088836149,0.00020359617321152404,0.00020359617321152404
2007-12-18,0.00558324530568477,3.117262814345102e-05,0.0
2007-12-19,0.0,0.0,0.0
2007-12-20,0.006306269930615782,3.976904043778878e-05,0.0
2007-12-21,0.014415366414861408,0.00020780278887471424,0.0
2007-12-24,0.007425991186082337,5.514534509577255e-05,0.0
2007-12-26,0.00214442173646634,4.598544583829312e-06,0.0
2007-12-27,-0.012571053508216745,0.00015803138630644855,0.00015803138630644855
2007-12-28,-0.0025050191051682047,6.275120717257713e-06,6.275120717257713e-06
2007-12-31,-0.00740012916139543,5.476191160533503e-05,5.476191160533503e-05
2008-01-02,-0.008754491384702634,7.664111940483265e-05,7.664111940483265e-05
2008-01-03,-0.00048349941831515864,2.3377168751109676e-07,2.3377168751109676e-07
2008-01-04,-0.024505949838290908,0.0006005415774768301,0.0006005415774768301
2008-01-07,-0.0008494179637421606,7.215108771278784e-07,7.215108771278784e-07
2008-01-08,-0.016148489112312148,0.00026077370061046396,0.00026077370061046396
2008-01-09,0.010510083742928389,0.00011046186028336761,0.0
2008-01-10,0.0065543932840474994,4.2960071321966964e-05,0.0
2008-01-11,-0.008068037673838457,6.509323190647667e-05,6.509323190647667e-05
2008-01-14,0.008062506204970177,6.50040063051826e-05,0.0
2008-01-15,-0.02201305997887304,0.00048457480963346193,0.00048457480963346193
2008-01-16,-0.008612639302839509,7.417755576081582e-05,7.417755576081582e-05
2008-01-17,-0.025916469377203266,0.0006716633849795146,0.0006716633849795146
2008-01-18,-0.010267492169794057,0.00010542139545678228,0.00010542139545678228
2008-01-22,-0.010146413488796746,0.00010294970668563656,0.00010294970668563656
2008-01-23,0.02402045183618462,0.0005769821064144651,0.0
2008-01-24,0.008442002442979435,7.126740524727075e-05,0.0
2008-01-25,-0.014446061843906843,0.0002086887027979812,0.0002086887027979812
2008-01-28,0.01653656163635575,0.0002734578707529928,0.0
2008-01-29,0.0049542724580564634,2.4544815588656833e-05,0.0
2008-01-30,-0.007357888947893132,5.41385297695279e-05,5.41385297695279e-05
2008-01-31,0.018234447754207128,0.00033249508490090936,0.0
2008-02-01,0.01608782908890216,0.00025881824479372654,0.0
2008-02-04,-0.012609193059529566,0.0001589917496124886,0.0001589917496124886
2008-02-05,-0.02677399872244235,0.0007168470075893446,0.0007168470075893446
2008-02-06,-0.008052151679215913,6.483714666509965e-05,6.483714666509965e-05
2008-02-07,0.006614304396311832,4.374902264707003e-05,0.0
2008-02-08,-0.006421045635682798,4.122982705552111e-05,4.122982705552111e-05
2008-02-11,0.005109759616719778,2.6109643340660252e-05,0.0
2008-02-12,0.009271416575870495,8.595916532332616e-05,0.0
2008-02-13,0.01022238779737572,0.00010449721227993603,0.0
2008-02-14,-0.008799214978003511,7.742618422912132e-05,7.742618422912132e-05
2008-02-15,-0.00022211943464234274,4.9337043245833966e-08,4.9337043245833966e-08
2008-02-19,0.002812262068171867,7.908817940078306e-06,0.0
2008-02-20,0.0029514666240912923,8.71115523312485e-06,0.0
2008-02-21,-0.008313817634731269,6.911956366356863e-05,6.911956366356863e-05
2008-02-22,0.006157649560627698,3.7916648111498484e-05,0.0
2008-02-25,0.01260892699647198,0.00015898504000235993,0.0
2008-02-26,0.007500043093386255,5.6250646402650866e-05,0.0
2008-02-27,-0.0010116007779116254,1.0233361338714056e-06,1.0233361338714056e-06
2008-02-28,-0.009766985397801187,9.53940037608616e-05,9.53940037608616e-05
2008-02-29,-0.022283994819240704,0.0004965764251039466,0.0004965764251039466
2008-03-03,-0.0023912809613855224,5.718224636284868e-06,5.718224636284868e-06
2008-03-04,-0.0038204574359110843,1.4595895019608298e-05,1.4595895019608298e-05
2008-03-05,0.006316863825188035,3.990276858596921e-05,0.0
2008-03-06,-0.02069841451766352,0.000428424363545024,0.000428424363545024
2008-03-07,-0.01030073561388034,0.0001061051541870628,0.0001061051541870628
2008-03-10,-0.0131831824268277,0.00017379629889901867,0.00017379629889901867
2008-03-11,0.0359374665270622,0.001291501500383716,0.0
2008-03-12,-0.009351581816990695,8.745208247987098e-05,8.745208247987098e-05
2008-03-13,0.0022079096281071298,4.874864925888164e-06,0.0
2008-03-14,-0.015495927697603995,0.00024012377520937065,0.00024012377520937065
2008-03-17,-0.010107140699573303,0.00010215429312097111,0.00010215429312097111
2008-03-18,0.04154355859320913,0.0017258672605874,0.0
2008-03-19,-0.024770020435948004,0.0006135539123972817,0.0006135539123972817
2008-03-20,0.018522596184865847,0.00034308656942760683,0.0
2008-03-24,0.019988135799341666,0.00039952557273292393,0.0
2008-03-25,0.0009650627963309066,9.31346200862029e-07,0.0
2008-03-26,-0.012236134175480307,0.00014972297956035712,0.00014972297956035712
2008-03-27,-0.0031529214935991368,9.940913944799412e-06,9.940913944799412e-06
2008-03-28,-0.009564860074336878,9.148654824164368e-05,9.148654824164368e-05
2008-03-31,0.0034983398203853877,1.2238381498894067e-05,0.0
2008-04-01,0.0351590603725469,0.0012361595262803979,0.0
2008-04-02,0.0006588169865862081,4.3403982181453195e-07,0.0
2008-04-03,0.0024871042576046776,6.185687588195314e-06,0.0
2008-04-04,-0.0010947904509943651,1.1985661315884453e-06,1.1985661315884453e-06
2008-04-07,0.0005117891761845517,2.6192816085966206e-07,0.0
2008-04-08,-0.001021731781282953,1.043935832883636e-06,1.043935832883636e-06
2008-04-09,-0.007236248972958048,5.236329919863641e-05,5.236329919863641e-05
2008-04-10,0.0013989620310657092,1.9570947643634944e-06,0.0
2008-04-11,-0.019409301149812097,0.0003767209711240972,0.0003767209711240972
2008-04-14,-0.003373696815908822,1.1381830205673325e-05,1.1381830205673325e-05
2008-04-15,0.002332008809419195,5.43826508720873e-06,0.0
2008-04-16,0.027094006872395937,0.0007340852084014382,0.0
2008-04-17,0.0014619807888667236,2.1373878270153674e-06,0.0
2008-04-18,0.010433885735648518,0.00010886597154456962,0.0
2008-04-21,0.0005054508179498374,2.5548052936615966e-07,0.0
2008-04-22,-0.004402978122274526,1.9386216345228106e-05,1.9386216345228106e-05
2008-04-23,-0.0015947679187310326,2.5432847146137094e-06,2.5432847146137094e-06
2008-04-24,0.004356687255283154,1.8980723840346658e-05,0.0
2008-04-25,0.009253970129029954,8.563596314897865e-05,0.0
2008-04-28,0.00021469842849475285,4.60954151981165e-08,0.0
2008-04-29,-0.003938855226689131,1.5514580496816283e-05,1.5514580496816283e-05
2008-04-30,-0.005896087511868098,3.476384794760694e-05,3.476384794760694e-05
2008-05-01,0.02068577351787715,0.0004279012260329075,0.0
2008-05-02,0.0027636608842855903,7.63782148333021e-06,0.0
2008-05-05,-0.004805282783186704,2.3090742626390555e-05,2.3090742626390555e-05
2008-05-06,0.008663164013187341,7.50504107193842e-05,0.0
2008-05-07,-0.01781095277702427,0.00031723003882538854,0.00031723003882538854
2008-05-08,-0.0025802271104061747,6.657571941274998e-06,6.657571941274998e-06
2008-05-09,-0.0018686201560978999,3.4917412877753396e-06,3.4917412877753396e-06
2008-05-12,0.011231099158433011,0.0001261375883065547,0.0
2008-05-13,0.00014250892501976864,2.030879371029004e-08,0.0
2008-05-14,0.0020642640364187947,4.261186012052015e-06,0.0
2008-05-15,0.012503173456734684,0.00015632934648919476,0.0
2008-05-16,0.000912106700256432,8.319386326526768e-07,0.0
2008-05-19,0.0027338265592471434,7.473807656045074e-06,0.0
2008-05-20,-0.008109304084522817,6.576081273525844e-05,6.576081273525844e-05
2008-05-21,-0.016914744426785755,0.00028610857902347975,0.00028610857902347975
2008-05-22,0.00014365272351435365,2.0636104973091336e-08,0.0
2008-05-23,-0.013404082833849085,0.00017966943661668771,0.00017966943661668771
2008-05-27,0.007410277777197161,5.4912216735222094e-05,0.0
2008-05-28,0.004615333527451915,2.1301303569621733e-05,0.0
2008-05-29,0.005025676230514753,2.5257421573960974e-05,0.0
2008-05-30,0.0024998918916283586,6.2494594698292125e-06,0.0
2008-06-02,-0.010331487315576537,0.00010673963015191888,0.00010673963015191888
2008-06-03,-0.005831445189948048,3.400575300336823e-05,3.400575300336823e-05
2008-06-04,-0.0005067241484043583,2.5676936257612217e-07,2.5676936257612217e-07
2008-06-05,0.019996676243061007,0.00039986706076980047,0.0
2008-06-06,-0.03189358261793507,0.0010172006122070498,0.0010172006122070498
2008-06-09,0.002421464863069156,5.863492083078526e-06,0.0
2008-06-10,-0.004977199376088759,2.477251362933833e-05,2.477251362933833e-05
2008-06-11,-0.014712498473034574,0.00021645761131904468,0.00021645761131904468
2008-06-12,0.0038076905019013285,1.4498506958269591e-05,0.0
2008-06-13,0.0126440245122601,0.00015987135586663424,0.0
2008-06-16,0.0005873762716896991,3.450108845440912e-07,0.0
2008-06-17,-0.00484420272591346,2.3466300049747396e-05,2.3466300049747396e-05
2008-06-18,-0.009737060297616007,9.481034323940993e-05,9.481034323940993e-05
2008-06-19,0.0012663259786656056,1.6035814842434038e-06,0.0
2008-06-20,-0.016231370192927308,0.00026345737833984907,0.00026345737833984907
2008-06-23,-0.0009877693918353136,9.756883714467054e-07,9.756883714467054e-07
2008-06-24,-0.0019781375380842903,3.913028119578177e-06,3.913028119578177e-06
2008-06-25,0.004726204245135701,2.2337006566738723e-05,0.0
2008-06-26,-0.027160626537603427,0.0007376996339151675,0.0007376996339151675
2008-06-27,-0.0054589959959864265,2.9800637284195836e-05,2.9800637284195836e-05
2008-06-30,0.0035287717183327683,1.2452229840105199e-05,0.0
2008-07-01,0.003125223486253992,9.767021839033555e-06,0.0
2008-07-02,-0.01713670620676888,0.0002936666996171111,0.0002936666996171111
2008-07-03,0.0010305465737960873,1.0620262407628544e-06,0.0
2008-07-07,-0.01021324316020944,0.00010431033584956491,0.00010431033584956491
2008-07-08,0.01775725931870964,0.0003153202585119003,0.0
2008-07-09,-0.01925489761674881,0.00037075108223147906,0.00037075108223147906
2008-07-10,0.004087108936652983,1.670445946006868e-05,0.0
2008-07-11,-0.011652109394487242,0.00013577165334109785,0.00013577165334109785
2008-07-14,-0.009043983634745234,8.179363998553961e-05,8.179363998553961e-05
2008-07-15,-0.014097085485780037,0.00019872781919339018,0.00019872781919339018
2008-07-16,0.024547067260180855,0.0006025585110758428,0.0
2008-07-17,0.01000329904132724,0.00010006599171021849,0.0
2008-07-18,0.006229984926089616,3.881271217930383e-05,0.0
2008-07-21,0.0005561209461195649,3.0927050671291994e-07,0.0
2008-07-22,0.011344417654152616,0.00012869581191184956,0.0
2008-07-23,0.0054125784963230394,2.9296005978858574e-05,0.0
2008-07-24,-0.020753716381735732,0.00043071674365352606,0.00043071674365352606
2008-07-25,-0.00023879545690375092,5.7023270237871165e-08,5.7023270237871165e-08
2008-07-28,-0.014663480839820942,0.00021501767033979587,0.00021501767033979587
2008-07-29,0.021351975857426986,0.00045590687301614484,0.0
2008-07-30,0.017817584797380936,0.00031746632801186027,0.0
2008-07-31,-0.013226169646315955,0.00017493156351312952,0.00017493156351312952
2008-08-01,-0.005282691961151831,2.7906834356418178e-05,2.7906834356418178e-05
2008-08-04,-0.009274367438963371,8.601389139290401e-05,8.601389139290401e-05
2008-08-05,0.026962423310606054,0.0007269722707803128,0.0
2008-08-06,0.004440340087317862,1.9716620091042e-05,0.0
2008-08-07,-0.014891663305740988,0.0002217616360115526,0.0002217616360115526
2008-08-08,0.01858150493581512,0.0003452723256797216,0.0
2008-08-11,0.0103572922331705,0.00010727350240329398,0.0
2008-08-12,-0.010404468943026823,0.0001082529739864097,0.0001082529739864097
2008-08-13,-0.006030104443317863,3.636215959732184e-05,3.636215959732184e-05
2008-08-14,0.00754430077359225,5.691647416242462e-05,0.0
2008-08-15,0.004863691458882213,2.3655494607203792e-05,0.0
2008-08-18,-0.01367442107541006,0.0001869897917476188,0.0001869897917476188
2008-08-19,-0.010904302882341788,0.00011890382134984741,0.00011890382134984741
2008-08-20,0.004646086654126025,2.158612119764796e-05,0.0
2008-08-21,0.00172441598127282,2.9736104764691026e-06,0.0
2008-08-22,0.014475627377322109,0.00020954378796707735,0.0
2008-08-25,-0.02028514261220682,0.0004114870107975689,0.0004114870107975689
2008-08-26,0.00291263619375437,8.483449597167943e-06,0.0
2008-08-27,0.009733789567689666,9.474665934806417e-05,0.0
2008-08-28,0.012128128416001083,0.00014709149887501293,0.0
2008-08-29,-0.010753621042062234,0.00011564036551628363,0.00011564036551628363
2008-09-02,-0.00621163073340858,3.858435636822601e-05,3.858435636822601e-05
2008-09-03,-0.0008595288840398396,7.387899024987721e-07,7.387899024987721e-07
2008-09-04,-0.03010657109641146,0.000906405623183278,0.000906405623183278
2008-09-05,0.003144462367820955,9.887643582642166e-06,0.0
2008-09-08,0.020656057787079574,0.0004266727233031707,0.0
2008-09-09,-0.029687367942469733,0.0008813398153515796,0.0008813398153515796
2008-09-10,0.004057590012043644,1.6464036705836335e-05,0.0
2008-09-11,0.014468160104018413,0.00020932765679551008,0.0
2008-09-12,0.004621190637866146,2.1355402911501717e-05,0.0
2008-09-15,-0.047585327213995,0.002264363366062973,0.002264363366062973
2008-09-16,0.016737730805374662,0.00028015163251318795,0.0
2008-09-17,-0.044962913665459125,0.002021663605287531,0.002021663605287531
2008-09-18,0.029671637132301365,0.0008804060501109652,0.0
2008-09-19,0.03971369417018655,0.0015771775046431093,0.0
2008-09-22,-0.022639559659664132,0.0005125496615834915,0.0005125496615834915
2008-09-23,-0.02275145083460206,0.0005176285150793148,0.0005176285150793148
2008-09-24,0.0032049734057384427,1.0271854531490672e-05,0.0
2008-09-25,0.015639507213132564,0.0002445941858696255,0.0
2008-09-26,0.000496976587540443,2.4698572856334365e-07,0.0
2008-09-29,-0.07836157892867801,0.0061405370521954335,0.0061405370521954335
2008-09-30,0.041389918754973776,0.00171312537454333,0.0
2008-10-01,0.0006034513636201666,3.6415354825503854e-07,0.0
2008-10-02,-0.036274191637526876,0.0013158169789560248,0.0013158169789560248
2008-10-03,-0.0135006222521048,0.00018226680119402727,0.00018226680119402727
2008-10-06,-0.050933322375368295,0.0025942033281931925,0.0025942033281931925
2008-10-07,-0.04478599475675371,0.002005785326351971,0.002005785326351971
2008-10-08,-0.02519271918925381,0.0006346731001485971,0.0006346731001485971
2008-10-09,-0.0698386944509537,0.004877443242613671,0.004877443242613671
2008-10-10,-0.024255814204927395,0.0005883445227439576,0.0005883445227439576
2008-10-13,0.14519750902209205,0.021082316626220503,0.0
2008-10-14,-0.014800471885533129,0.00021905396803445655,0.00021905396803445655
2008-10-15,-0.098447250489894,0.009691861129019935,0.009691861129019935
2008-10-16,0.04165729586888389,0.001735330299107731,0.0
2008-10-17,-0.005971688316215529,3.566106134602506e-05,3.566106134602506e-05
2008-10-20,0.060078690542315405,0.0036094490572792983,0.0
2008-10-21,-0.0298549734509459,0.0008913194397566844,0.0008913194397566844
2008-10-22,-0.05445449748504094,0.0029652922963483304,0.0029652922963483304
2008-10-23,0.011584166835641563,0.00013419292127597786,0.0
2008-10-24,-0.05071379170042922,0.002571888668634524,0.002571888668634524
2008-10-27,-0.03550150913729344,0.0012603571510253298,0.0012603571510253298
2008-10-28,0.11685528163249104,0.013655156845408797,0.0
2008-10-29,-0.007252263169229778,5.259532107576674e-05,5.259532107576674e-05
2008-10-30,0.03459381226026936,0.0011967318466987629,0.0
2008-10-31,0.005503611132310793,3.0289735495695287e-05,0.0
2008-11-03,0.0028914317051715877,8.360377305671476e-06,0.0
2008-11-04,0.03398256548151224,0.0011548147567052671,0.0
2008-11-05,-0.04202820474853797,0.0017663699943850292,0.0017663699943850292
2008-11-06,-0.05541094040360017,0.00307037231641133,0.00307037231641133
2008-11-07,0.03301774517539591,0.0010901714964673798,0.0
2008-11-10,-0.013104784690016524,0.0001717353817716915,0.0001717353817716915
2008-11-11,-0.030875231752918952,0.0009532799357964548,0.0009532799357964548
2008-11-12,-0.04400113937357941,0.0019361002661731604,0.0019361002661731604
2008-11-13,0.062339592634019336,0.0038862248097754778,0.0
2008-11-14,-0.04990642732819339,0.0024906514886642484,0.0024906514886642484
2008-11-17,-0.013276656206986481,0.00017626960003851267,0.00017626960003851267
2008-11-18,0.018837342571328186,0.0003548454751495732,0.0
2008-11-19,-0.06407955396384557,0.004106189236205397,0.004106189236205397
2008-11-20,-0.07423303691879302,0.005510543770186887,0.005510543770186887
2008-11-21,0.053943007614744465,0.0029098480705243793,0.0
2008-11-24,0.0692906521858474,0.004801194480340079,0.0
2008-11-25,0.0074091090876962085,5.4894897473382544e-05,0.0
2008-11-26,0.03864145663694041,0.0014931621710245458,0.0
2008-11-28,0.012588203587236224,0.00015846286955370695,0.0
2008-12-01,-0.08857778205378497,0.007846023473567831,0.007846023473567831
2008-12-02,0.03848520461427696,0.0014811109742027644,0.0
2008-12-03,0.024041171356883995,0.0005779779202110594,0.0
2008-12-04,-0.02313339037484552,0.0005351537502349953,0.0005351537502349953
2008-12-05,0.030832000386672442,0.0009506122478437697,0.0
2008-12-08,0.03491422781045572,0.0012190033036003998,0.0
2008-12-09,-0.016483590336981102,0.00027170875039741674,0.00027170875039741674
2008-12-10,0.006815041230145313,4.6444786968580543e-05,0.0
2008-12-11,-0.02408085808889815,0.0005798877262976514,0.0005798877262976514
2008-12-12,0.011940130460789122,0.00014256671542066426,0.0
2008-12-15,-0.013934626303990338,0.00019417381023185943,0.00019417381023185943
2008-12-16,0.04706521207530168,0.002215134187693123,0.0
2008-12-17,-0.00968652271462267,9.382872230090093e-05,9.382872230090093e-05
2008-12-18,-0.018682845324438868,0.0003490487094169073,0.0003490487094169073
2008-12-19,-0.0043012878355498385,1.8501077044249013e-05,1.8501077044249013e-05
2008-12-22,-0.01281366579114096,0.0001641900310070561,0.0001641900310070561
2008-12-23,-0.0103375185882566,0.00010686429056255073,0.00010686429056255073
2008-12-24,0.005803088793480127,3.3675839545014636e-05,0.0
2008-12-26,0.005769788295455047,3.329045697437006e-05,0.0
2008-12-29,-0.002868824425209082,8.23015358267622e-06,8.23015358267622e-06
2008-12-30,0.023703220700521443,0.0005618426715776283,0.0
2008-12-31,0.014274382891196424,0.00020375800692448118,0.0
2009-01-02,0.030141769987491074,0.0009085262979788176,0.0
2009-01-05,-0.0011833415395748892,1.400297199283469e-06,1.400297199283469e-06
2009-01-06,0.0066775734713886425,4.458998746579337e-05,0.0
2009-01-07,-0.029956456270959442,0.0008973892723139052,0.0008973892723139052
2009-01-08,0.0040808185493304006,1.6653080032559076e-05,0.0
2009-01-09,-0.021419169324742193,0.00045878081456197695,0.00045878081456197695
2009-01-12,-0.02402029598427813,0.000576974619172328,0.000576974619172328
2009-01-13,0.00183953884979271,3.383903179896687e-06,0.0
2009-01-14,-0.03145398580373182,0.000989353222941363,0.000989353222941363
2009-01-15,0.0003553678993752918,1.2628634390640752e-07,0.0
2009-01-16,0.007819653978638375,6.114698834563496e-05,0.0
2009-01-20,-0.05278543350778686,0.002786301990604988,0.002786301990604988
2009-01-21,0.04319148340932877,0.0018655042390983221,0.0
2009-01-22,-0.015466682894267225,0.0002392182797518184,0.0002392182797518184
2009-01-23,0.004350237849616301,1.8924569348234256e-05,0.0
2009-01-26,0.00685819455077219,4.703483249624136e-05,0.0
2009-01-27,0.010158034987863607,0.00010318567481466119,0.0
2009-01-28,0.03383414477693081,0.0011447493527863143,0.0
2009-01-29,-0.03249789527682645,0.0010561131974235788,0.0010561131974235788
2009-01-30,-0.020342803347189742,0.00041382964802243416,0.00041382964802243416
2009-02-02,-0.003018667691031096,9.112354628875009e-06,9.112354628875009e-06
2009-02-03,0.014047165529375905,0.00019732285940968664,0.0
2009-02-04,-0.004895918789476483,2.3970020793148872e-05,2.3970020793148872e-05
2009-02-05,0.01488014285178152,0.00022141865128942465,0.0
2009-02-06,0.028497514101640142,0.0008121083099731787,0.0
2009-02-09,0.0013793586947097314,1.902630408671334e-06,0.0
2009-02-10,-0.045809432754935986,0.002098504129329002,0.002098504129329002
2009-02-11,0.005894984068988363,3.475083717362659e-05,0.0
2009-02-12,0.0007188467273768762,5.167406174604449e-07,0.0
2009-02-13,-0.010758077012565925,0.00011573622100829938,0.00011573622100829938
2009-02-17,-0.04277458758677799,0.0018296653432189416,0.0018296653432189416
2009-02-18,-0.002398099740642645,5.7508823660703224e-06,5.7508823660703224e-06
2009-02-19,-0.010755384259975243,0.00011567829057972319,0.00011567829057972319
2009-02-20,-0.009721271116252761,9.45031121156902e-05,9.45031121156902e-05
2009-02-23,-0.0357786810386197,0.0012801140168632846,0.0012801140168632846
2009-02-24,0.037910204944054504,0.0014371836389002145,0.0
2009-02-25,-0.007872833725376394,6.198151086742394e-05,6.198151086742394e-05
2009-02-26,-0.01626167484188512,0.00026444206866319946,0.00026444206866319946
2009-02-27,-0.022348822888593967,0.0004994698845057415,0.0004994698845057415
2009-03-02,-0.045042087356306215,0.00202878963341312,0.00202878963341312
2009-03-03,-0.0075071207755084135,5.6356862338070045e-05,5.6356862338070045e-05
2009-03-04,0.023690947467727153,0.0005612609919186075,0.0
2009-03-05,-0.04084776981518279,0.001668540298874158,0.001668540298874158
2009-03-06,0.0017438462356493822,3.040999693588521e-06,0.0
2009-03-09,-0.01175269062637918,0.00013812573695938106,0.00013812573695938106
2009-03-10,0.0596092606091021,0.003553263950363851,0.0
2009-03-11,0.006512711577617569,4.2415412093233926e-05,0.0
2009-03-12,0.03937203340385098,0.0015501570143539574,0.0
2009-03-13,0.007814694954185741,6.106945722697608e-05,0.0
2009-03-16,-0.003022680689848567,9.13659855278341e-06,9.13659855278341e-06
2009-03-17,0.03058262811696011,0.000935297142540279,0.0
2009-03-18,0.022384550749345866,0.0005010681122500406,0.0
2009-03-19,-0.012386154908428981,0.00015341683341559933,0.00015341683341559933
2009-03-20,-0.021294009682600534,0.0004534348483626853,0.0004534348483626853
2009-03-23,0.07182928656942456,0.005159446409072514,0.0
2009-03-24,-0.019702982171465377,0.00038820750644908255,0.00038820750644908255
2009-03-25,0.010545404458259355,0.00011120555518827628,0.0
2009-03-26,0.020380846054255164,0.00041537888588724826,0.0
2009-03-27,-0.018048788046231445,0.0003257587499377871,0.0003257587499377871
2009-03-30,-0.034554345943548004,0.0011940028235863924,0.0011940028235863924
2009-03-31,0.00926520043834489,8.584393916270633e-05,0.0
2009-04-01,0.019365707091190787,0.00037503061114179715,0.0
2009-04-02,0.029238025249003874,0.000854862120461388,0.0
2009-04-03,0.009948142838444474,9.896554593409407e-05,0.0
2009-04-06,-0.007832940650980058,6.135495924177589e-05,6.135495924177589e-05
2009-04-07,-0.02332489345177491,0.000544050654536652,0.000544050654536652
2009-04-08,0.010777636318783701,0.00011615744461996548,0.0
2009-04-09,0.039742484080324436,0.0015794650408748412,0.0
2009-04-13,0.00023358050103872152,5.455985046550018e-08,0.0
2009-04-14,-0.017243532238560455,0.00029733940406227375,0.00029733940406227375
2009-04-15,0.010670091891316291,0.00011385086096913366,0.0
2009-04-16,0.014662692293846868,0.00021499454530403634,0.0
2009-04-17,0.006705449470598479,4.496305260274942e-05,0.0
2009-04-20,-0.041915705974671424,0.0017569264073551058,0.0017569264073551058
2009-04-21,0.019537351639404843,0.0003817081090817551,0.0
2009-04-22,-0.00611387903223537,3.7379516820807303e-05,3.7379516820807303e-05
2009-04-23,0.009818635783615859,9.640560865130181e-05,0.0
2009-04-24,0.015110673982688061,0.00022833246821108588,0.0
2009-04-27,-0.009462247092541287,8.953412004030604e-05,8.953412004030604e-05
2009-04-28,-0.003145759491645528,9.89580277927793e-06,9.89580277927793e-06
2009-04-29,0.021269313811278945,0.00045238371000266126,0.0
2009-04-30,0.0003429663379608261,1.1762590897425958e-07,0.0
2009-05-01,0.005376524197922894,2.890701245085042e-05,0.0
2009-05-04,0.03401975950742564,0.001157344036943077,0.0
2009-05-05,-0.003411088632081505,1.1635525655915672e-05,1.1635525655915672e-05
2009-05-06,0.017334206931251872,0.00030047472993546045,0.0
2009-05-07,-0.013891603362144678,0.0001929766439711493,0.0001929766439711493
2009-05-08,0.023333213318863066,0.0005444388437835688,0.0
2009-05-11,-0.018714552725172084,0.0003502344837032459,0.0003502344837032459
2009-05-12,-0.002958272423539965,8.751375731877018e-06,8.751375731877018e-06
2009-05-13,-0.025174030197694153,0.0006337317963944171,0.0006337317963944171
2009-05-14,0.008570879830612999,7.34599810708087e-05,0.0
2009-05-15,-0.008162242080059112,6.66221957734877e-05,6.66221957734877e-05
2009-05-18,0.028407423996613446,0.0008069817381233694,0.0
2009-05-19,-0.0012058635499311299,1.4541069010525066e-06,1.4541069010525066e-06
2009-05-20,-0.0066945650567137305,4.481720129857251e-05,4.481720129857251e-05
2009-05-21,-0.014362877922536876,0.00020629226221769722,0.00020629226221769722
2009-05-22,-0.0021302506417585354,4.537967796712652e-06,4.537967796712652e-06
2009-05-26,0.025611979789471828,0.0006559735087363134,0.0
2009-05-27,-0.017852970717674665,0.00031872856344614906,0.00031872856344614906
2009-05-28,0.013939772483400281,0.00019431725688896364,0.0
2009-05-29,0.017708961565875425,0.000313607319741653,0.0
2009-06-01,0.02420773091791384,0.0005860142361941216,0.0
2009-06-02,0.0008440139118741641,7.123594834371292e-07,0.0
2009-06-03,-0.012651284158007314,0.00016005499084664683,0.00016005499084664683
2009-06-04,0.009396293780228326,8.829033680435753e-05,0.0
2009-06-05,0.00021170403621928457,4.4818598951536157e-08,0.0
2009-06-08,-0.004124114686129832,1.700832194435176e-05,1.700832194435176e-05
2009-06-09,0.005097107991763217,2.5980509879696453e-05,0.0
2009-06-10,-0.0025357393521552307,6.4299740620686296e-06,6.4299740620686296e-06
2009-06-11,0.004448604900253228,1.9790085558557033e-05,0.0
2009-06-12,0.00274242126696822,7.520874405519578e-06,0.0
2009-06-15,-0.022928050792918486,0.00052569551316265,0.00052569551316265
2009-06-16,-0.013562645025996134,0.00018394534010117766,0.00018394534010117766
2009-06-17,-0.0009824280353615267,9.651648446643091e-07,9.651648446643091e-07
2009-06-18,0.007318566955710537,5.35614222852182e-05,0.0
2009-06-19,0.003685851072922741,1.3585498131765723e-05,0.0
2009-06-22,-0.029987210289035837,0.0008992327809188567,0.0008992327809188567
2009-06-23,0.0007840036421815633,6.146617109539567e-07,0.0
2009-06-24,0.00861751523841603,7.426156888433248e-05,0.0
2009-06-25,0.021749214422944974,0.00047302832801523765,0.0
2009-06-26,-0.0026067388511530343,6.795087438110641e-06,6.795087438110641e-06
2009-06-29,0.009364392952777134,8.769185537402206e-05,0.0
2009-06-30,-0.008090309163595544,6.545310236255803e-05,6.545310236255803e-05
2009-07-01,0.004132337681868048,1.7076214716986592e-05,0.0
2009-07-02,-0.02729323712773246,0.0007449207929106337,0.0007449207929106337
2009-07-06,-0.00011165164869586519,1.2466090656504896e-08,1.2466090656504896e-08
2009-07-07,-0.01937631163649345,0.00037544145263451143,0.00037544145263451143
2009-07-08,-0.0006812294262028562,4.640735311246727e-07,4.640735311246727e-07
2009-07-09,0.0019316027221281118,3.7310890761327313e-06,0.0
2009-07-10,-0.002381504263177292,5.671562555531616e-06,5.671562555531616e-06
2009-07-13,0.024329184878089327,0.0005919092368322504,0.0
2009-07-14,0.005660204569219118,3.2037915765408985e-05,0.0
2009-07-15,0.02924634241215429,0.0008553485444889749,0.0
2009-07-16,-0.0016081686952683638,2.5862065524411517e-06,2.5862065524411517e-06
2009-07-17,0.010955002780536294,0.00012001208592155793,0.0
2009-07-20,0.01062334593049119,0.00011285547875888374,0.0
2009-07-21,0.00462512908643431,2.1391819066180672e-05,0.0
2009-07-22,-0.00020898038642358507,4.367280190975094e-08,4.367280190975094e-08
2009-07-23,0.022082193148830864,0.00048762325426227277,0.0
2009-07-24,0.0040959775248368135,1.677703188396831e-05,0.0
2009-07-27,0.002957693763431246,8.747952398240088e-06,0.0
2009-07-28,-0.004677298924709472,2.1877125231088385e-05,2.1877125231088385e-05
2009-07-29,-0.002452233404936388,6.013448672285911e-06,6.013448672285911e-06
2009-07-30,0.010445893444589904,0.00010911668985572634,0.0
2009-07-31,0.0014191004918655548,2.0138462060130593e-06,0.0
2009-08-03,0.016496096497952584,0.0002721211996697635,0.0
2009-08-04,0.0025886175063420946,6.700940594140764e-06,0.0
2009-08-05,-0.0028798453690606074,8.293509349699826e-06,8.293509349699826e-06
2009-08-06,-0.005178678977646678,2.681871595351964e-05,2.681871595351964e-05
2009-08-07,0.013113806026662678,0.00017197190850493438,0.0
2009-08-10,-0.0020744660767804124,4.303409503712716e-06,4.303409503712716e-06
2009-08-11,-0.012476351837416577,0.000155659355171008,0.000155659355171008
2009-08-12,0.0107286815733314,0.00011510460830194072,0.0
2009-08-13,0.007639356243855033,5.835976382052688e-05,0.0
2009-08-14,-0.007679553225123592,5.8975537737506165e-05,5.8975537737506165e-05
2009-08-17,-0.024606206434140576,0.000605465395079541,0.000605465395079541
2009-08-18,0.007934216133753447,6.295178565711349e-05,0.0
2009-08-19,0.008779598956281998,7.708135783314794e-05,0.0
2009-08-20,0.010304708191160916,0.00010618701090497888,0.0
2009-08-21,0.019605286717322645,0.00038436726726842775,0.0
2009-08-24,-9.668011128638465e-05,9.347043918347721e-09,9.347043918347721e-09
2009-08-25,0.0019426156083466317,3.773755401791954e-06,0.0
2009-08-26,9.630178135267009e-05,9.274033091697477e-09,0.0
2009-08-27,0.002229742113248223,4.971749891592652e-06,0.0
2009-08-28,-0.0001931552915611645,3.730896665807847e-08,3.730896665807847e-08
2009-08-31,-0.00889954633700718,7.920192500453792e-05,7.920192500453792e-05
2009-09-01,-0.022056828485279234,0.0004865036828290254,0.0004865036828290254
2009-09-02,-0.0037929241897496357,1.4386273909187931e-05,1.4386273909187931e-05
2009-09-03,0.008314813094389972,6.913611679463895e-05,0.0
2009-09-04,0.014009416631191929,0.000196263754346317,0.0
2009-09-08,0.008621950975188142,7.433803861854775e-05,0.0
2009-09-09,0.007674463118636954,5.889738415931884e-05,0.0
2009-09-10,0.010219098295765061,0.00010442996997850837,0.0
2009-09-11,-0.00019079021344758917,3.6400905547376635e-08,3.6400905547376635e-08
2009-09-14,0.004867853057587634,2.3695993390265283e-05,0.0
2009-09-15,0.004179025595697938,1.746425492949851e-05,0.0
2009-09-16,0.015134129276935138,0.00022904186897098526,0.0
2009-09-17,-0.0014903402128777499,2.221113950120497e-06,2.221113950120497e-06
2009-09-18,0.0006377707128519816,4.067514821717248e-07,0.0
2009-09-21,-0.002530195346644115,6.401888492179534e-06,6.401888492179534e-06
2009-09-22,0.005823918550299068,3.391802728051759e-05,0.0
2009-09-23,-0.008312218890734635,6.909298288748572e-05,6.909298288748572e-05
2009-09-24,-0.011018849091018024,0.00012141503529062873,0.00012141503529062873
2009-09-25,-0.005333165508614068,2.8442654342270756e-05,2.8442654342270756e-05
2009-09-28,0.017903630201957732,0.00032053997440845307,0.0
2009-09-29,-0.0030097251999281482,9.058445779082532e-06,9.058445779082532e-06
2009-09-30,-0.0038680030857146663,1.496144787109818e-05,1.496144787109818e-05
2009-10-01,-0.024813207650017932,0.0006156952738829084,0.0006156952738829084
2009-10-02,-0.004661265937104697,2.172740013641253e-05,2.172740013641253e-05
2009-10-05,0.014927660175309887,0.0002228350383095328,0.0
2009-10-06,0.014324630360805779,0.0002051950349737187,0.0
2009-10-07,0.002748582530778698,7.554705928501833e-06,0.0
2009-10-08,0.007655914864291624,5.861303240928144e-05,0.0
2009-10-09,0.006096977830223338,3.7173138662234884e-05,0.0
2009-10-12,0.0039158015937643675,1.5333502121727563e-05,0.0
2009-10-13,-0.0020435654557069416,4.17615977175872e-06,4.17615977175872e-06
2009-10-14,0.017216213246064704,0.00029639799853397377,0.0
2009-10-15,0.003659296015684932,1.3390447330407617e-05,0.0
2009-10-16,-0.007474122183409371,5.586250241253206e-05,5.586250241253206e-05
2009-10-19,0.008264936312333715,6.830917224693243e-05,0.0
2009-10-20,-0.005282679523339939,2.790670294631509e-05,2.790670294631509e-05
2009-10-21,-0.008973287184622758,8.051988289771503e-05,8.051988289771503e-05
2009-10-22,0.01016333624619703,0.00010329340365326233,0.0
2009-10-23,-0.01143332557762411,0.0001307209337639537,0.0001307209337639537
2009-10-26,-0.010825332205496419,0.00011718781735935796,0.00011718781735935796
2009-10-27,-0.004583118668385455,2.1004976728503267e-05,2.1004976728503267e-05
2009-10-28,-0.0188877050424775,0.0003567454017716299,0.0003567454017716299
2009-10-29,0.021453780820226864,0.0004602647114823341,0.0
2009-10-30,-0.028973061425885405,0.0008394382883881288,0.0008394382883881288
2009-11-02,0.007338578904237947,5.3854740333726225e-05,0.0
2009-11-03,0.0031634881700970396,1.0007657402343916e-05,0.0
2009-11-04,0.0025796551771213316,6.654620832848889e-06,0.0
2009-11-05,0.018395126998788314,0.00033838069730155075,0.0
2009-11-06,0.0026208083875103316,6.868636604044505e-06,0.0
2009-11-09,0.022775950936725797,0.0005187439410721407,0.0
2009-11-10,0.00018272764154247945,3.338939098367686e-08,0.0
2009-11-11,0.005109905883383448,2.6111138137036773e-05,0.0
2009-11-12,-0.010168134911022642,0.00010339096756875743,0.00010339096756875743
2009-11-13,0.005411413033487911,2.9283391019002832e-05,0.0
2009-11-16,0.014504938334111595,0.00021039323607638003,0.0
2009-11-17,0.0011687353047431515,1.3659422125530671e-06,0.0
2009-11-18,-0.0006284565456177171,3.949576297297538e-07,3.949576297297538e-07
2009-11-19,-0.013031954961356784,0.0001698318501148317,0.0001698318501148317
2009-11-20,-0.0035511477964053073,1.261065067191427e-05,1.261065067191427e-05
2009-11-23,0.012702389356227473,0.00016135069535720098,0.0
2009-11-24,0.0015339034964263476,2.352859936348974e-06,0.0
2009-11-25,0.003513897889346307,1.234747837675243e-05,0.0
2009-11-27,-0.01625067593879359,0.00026408446846768493,0.00026408446846768493
2009-11-30,0.003376896866286616,1.1403432445536368e-05,0.0
2009-12-01,0.01237047961165505,0.00015302876582237328,0.0
2009-12-02,-0.0004494413979945211,2.0199757023126952e-07,2.0199757023126952e-07
2009-12-03,-0.00782048923835088,6.116005192716194e-05,6.116005192716194e-05
2009-12-04,0.005708003952891172,3.258130912622124e-05,0.0
2009-12-07,-0.0015312780130180004,2.344812353152355e-06,2.344812353152355e-06
2009-12-08,-0.011097209141151532,0.0001231480507224571,0.0001231480507224571
2009-12-09,0.0037406109652073916,1.3992170393029773e-05,0.0
2009-12-10,0.005635314625866306,3.17567709325027e-05,0.0
2009-12-11,0.004248111643309516,1.8046452534021872e-05,0.0
2009-12-14,0.006840100927680393,4.6786980700854166e-05,0.0
2009-12-15,-0.004648462973535272,2.1608208016328386e-05,2.1608208016328386e-05
2009-12-16,0.0015264178185028232,2.3299513566429178e-06,0.0
2009-12-17,-0.012015502840033832,0.00014437230849886107,0.00014437230849886107
2009-12-18,0.00565744896514242,3.200672879319104e-05,0.0
2009-12-21,0.010162351630333966,0.0001032733906585514,0.0
2009-12-22,0.003592853080894187,1.2908593260890853e-05,0.0
2009-12-23,0.001969191603020004,3.877715569404493e-06,0.0
2009-12-24,0.004734140087371941,2.2412082366862007e-05,0.0
2009-12-28,0.0021339263016981747,4.5536414610792495e-06,0.0
2009-12-29,-0.0014197998549273505,2.0158316280517255e-06,2.0158316280517255e-06
2009-12-30,-0.00035502323363223454,1.2604149641868818e-07,1.2604149641868818e-07
2009-12-31,-0.009598389626332748,9.212908341889211e-05,9.212908341889211e-05
2010-01-04,0.016959832646423312,0.00028763592339468597,0.0
2010-01-05,0.002647153299907501,7.007420593211172e-06,0.0
2010-01-06,0.0007038099211198467,4.953484050667249e-07,0.0
2010-01-07,0.004221148175318934,1.7818091917998364e-05,0.0
2010-01-08,0.003328202920825696,1.1076934682192692e-05,0.0
2010-01-11,0.0013960708004019384,1.949013679734909e-06,0.0
2010-01-12,-0.00932591416020978,8.69726749236013e-05,8.69726749236013e-05
2010-01-13,0.008446278522391104,7.133962087780525e-05,0.0
2010-01-14,0.0027048557900788417,7.316244845123035e-06,0.0
2010-01-15,-0.011224575568262396,0.0001259910966876331,0.0001259910966876331
2010-01-19,0.012495733701660905,0.00015614336074282415,0.0
2010-01-20,-0.010168546718247407,0.0001033993423611801,0.0001033993423611801
2010-01-21,-0.019229307156287345,0.0003697662537108437,0.0003697662537108437
2010-01-22,-0.02229173973113252,0.0004969216602405522,0.0004969216602405522
2010-01-25,0.005128029913351817,2.6296690792231045e-05,0.0
2010-01-26,-0.00419095933304503,1.7564140131237245e-05,1.7564140131237245e-05
2010-01-27,0.004757012209150258,2.2629165158004612e-05,0.0
2010-01-28,-0.011472051801363459,0.00013160797253316658,0.00013160797253316658
2010-01-29,-0.010868763836184292,0.00011813002732674748,0.00011813002732674748
2010-02-01,0.015550763259006173,0.00024182623793765628,0.0
2010-02-02,0.012103470320148357,0.00014649399379071217,0.0
2010-02-03,-0.004982818856043902,2.4828483752146664e-05,2.4828483752146664e-05
2010-02-04,-0.030865822975210788,0.0009526990279370501,0.0009526990279370501
2010-02-05,0.0020664828128291735,4.2703512157183724e-06,0.0
2010-02-08,-0.00721854120560772,5.210733713705656e-05,5.210733713705656e-05
2010-02-09,0.012560319966140598,0.00015776163765183015,0.0
2010-02-10,-0.0019587732762837984,3.836792747883566e-06,3.836792747883566e-06
2010-02-11,0.010466051941156351,0.00010953824323498263,0.0
2010-02-12,-0.0008323557596673359,6.928161106513878e-07,6.928161106513878e-07
2010-02-16,0.015734731564009063,0.0002475817773914231,0.0
2010-02-17,0.00473865349690894,2.2454836963767324e-05,0.0
2010-02-18,0.005895102555147025,3.475223413570098e-05,0.0
2010-02-19,0.002074172665219143,4.302192245142282e-06,0.0
2010-02-22,0.00018019347204756286,3.2469687368555816e-08,0.0
2010-02-23,-0.012145003953149991,0.0001475011210220289,0.0001475011210220289
2010-02-24,0.009197371663504317,8.459164551663216e-05,0.0
2010-02-25,-0.0013530017183038812,1.830613649733255e-06,1.830613649733255e-06
2010-02-26,0.0006321084488596362,3.9956109111973536e-07,0.0
2010-03-01,0.010384936391052868,0.00010784690384621417,0.0
2010-03-02,0.002770303038498234,7.674578925112549e-06,0.0
2010-03-03,0.0008917269298343022,7.951769173917106e-07,0.0
2010-03-04,0.003027458962669538,9.165507770648115e-06,0.0
2010-03-05,0.014293121391653285,0.00020429331911653675,0.0
2010-03-08,0.00017475158967572568,3.05381180941932e-08,0.0
2010-03-09,0.001663025973676291,2.7656553891219756e-06,0.0
2010-03-10,0.004455715521570092,1.9853400809160632e-05,0.0
2010-03-11,0.00417479749328975,1.7428934109978383e-05,0.0
2010-03-12,8.668898974573125e-05,7.514980943135497e-09,0.0
2010-03-15,0.0002598673445826094,6.753103678041665e-08,0.0
2010-03-16,0.007966339147744916,6.34625594168932e-05,0.0
2010-03-17,0.005927028662819689,3.512966876988615e-05,0.0
2010-03-18,-0.0005120192257326295,2.6216368751984137e-07,2.6216368751984137e-07
2010-03-19,-0.00506184805843557,2.5622305766687946e-05,2.5622305766687946e-05
2010-03-22,0.005345878628170375,2.8578418307128773e-05,0.0
2010-03-23,0.007033350870720323,4.946802447066233e-05,0.0
2010-03-24,-0.004854898892837078,2.357004325967069e-05,2.357004325967069e-05
2010-03-25,-0.001625962278198001,2.6437533301228336e-06,2.6437533301228336e-06
2010-03-26,-0.0005997754682233181,3.597306122825004e-07,3.597306122825004e-07
2010-03-29,0.006347270383797676,4.02878413250351e-05,0.0
2010-03-30,0.0006821753592463065,4.653632207628273e-07,0.0
2010-03-31,-0.003407597640194826,1.1611721677461347e-05,1.1611721677461347e-05
2010-04-01,0.006837627959701109,4.675315611528635e-05,0.0
2010-04-05,0.00814937892023515,6.641237678557302e-05,0.0
2010-04-06,0.0023578492272693374,5.559452978534612e-06,0.0
2010-04-07,-0.005712955420850485,3.2637859640624946e-05,3.2637859640624946e-05
2010-04-08,0.003464431089596154,1.2002282774560394e-05,0.0
2010-04-09,0.006567545442466738,4.313265313886562e-05,0.0
2010-04-12,0.0015894446703104137,2.5263343599781796e-06,0.0
2010-04-13,0.0007512033282515151,5.643064403761536e-07,0.0
2010-04-14,0.011349481498033276,0.00012881073027419965,0.0
2010-04-15,0.0008254681713384393,6.81397701892827e-07,0.0
2010-04-16,-0.015912620555688095,0.0002532114929493073,0.0002532114929493073
2010-04-19,0.003770023049691762,1.4213073795207173e-05,0.0
2010-04-20,0.008930829367777227,7.975971319635217e-05,0.0
2010-04-21,-0.0018194072010526696,3.3102425632423095e-06,3.3102425632423095e-06
2010-04-22,0.0029830833170767512,8.898786076621633e-06,0.0
2010-04-23,0.006527801730483729,4.2612195432506364e-05,0.0
2010-04-26,-0.0037764392748681486,1.4261493596766668e-05,1.4261493596766668e-05
2010-04-27,-0.023650289757872645,0.0005593362056313358,0.0005593362056313358
2010-04-28,0.0075963912114835885,5.77051594379051e-05,0.0
2010-04-29,0.01239722423346179,0.00015369116869473227,0.0
2010-04-30,-0.016961980979580793,0.0002877087987516606,0.0002877087987516606
2010-05-03,0.012961942124182446,0.00016801194363065533,0.0
2010-05-04,-0.023514847506674985,0.0005529480532621788,0.0005529480532621788
2010-05-05,-0.005955953493142929,3.547338201248146e-05,3.547338201248146e-05
2010-05-06,-0.0332139014401025,0.001103163248872843,0.001103163248872843
2010-05-07,-0.014874948335536597,0.00022126408798488298,0.00022126408798488298
2010-05-10,0.04404090553214424,0.0019396013600912528,0.0
2010-05-11,-0.002840967853783516,8.071098346231316e-06,8.071098346231316e-06
2010-05-12,0.013986192236706163,0.00019561357328209974,0.0
2010-05-13,-0.012431129834780896,0.00015453298896917972,0.00015453298896917972
2010-05-14,-0.018104517312349744,0.0003277735471131716,0.0003277735471131716
2010-05-17,0.0005267942313842422,2.775121622197145e-07,0.0
2010-05-18,-0.013602862078849087,0.00018503785673619052,0.00018503785673619052
2010-05-19,-0.005693659747241342,3.2417761317356343e-05,3.2417761317356343e-05
2010-05-20,-0.03775986771265394,0.0014258076096771253,0.0014258076096771253
2010-05-21,0.014599613322737737,0.00021314870917346122,0.0
2010-05-24,-0.012831077126147061,0.00016463654021713433,0.00016463654021713433
2010-05-25,0.00102084065093333,1.042115634597985e-06,0.0
2010-05-26,-0.006028337586904908,3.634085406169049e-05,3.634085406169049e-05
2010-05-27,0.03349820652195601,0.001122129840187616,0.0
2010-05-28,-0.012549484828329405,0.0001574895694564699,0.0001574895694564699
2010-06-01,-0.01682400804649542,0.00028304724674854263,0.00028304724674854263
2010-06-02,0.026039611309855992,0.0006780613571683801,0.0
2010-06-03,0.0034442640108414135,1.1862954576377381e-05,0.0
2010-06-04,-0.0351372604268293,0.0012346270703028242,0.0012346270703028242
2010-06-07,-0.012450422194082544,0.0001550130128109032,0.0001550130128109032
2010-06-08,0.010711518247954022,0.000114736623176252,0.0
2010-06-09,-0.0053460269564428176,2.8580004219013255e-05,2.8580004219013255e-05
2010-06-10,0.02923170473204717,0.0008544925615415889,0.0
2010-06-11,0.004855351039156464,2.357443371343775e-05,0.0
2010-06-14,-0.0015496134831038955,2.401301947017387e-06,2.401301947017387e-06
2010-06-15,0.022737619714558344,0.0005169993502838723,0.0
2010-06-16,-0.0003571529861953193,1.2755825554823396e-07,1.2755825554823396e-07
2010-06-17,0.0016075353195370568,2.584169803559107e-06,0.0
2010-06-18,0.001084102907794371,1.1752791146882103e-06,0.0
2010-06-21,-0.002864170552278278,8.203472952538055e-06,8.203472952538055e-06
2010-06-22,-0.01651514925517028,0.0002727501549205515,0.0002727501549205515
2010-06-23,-0.0031034607763026356,9.631468790048958e-06,9.631468790048958e-06
2010-06-24,-0.016570541360814484,0.0002745828409904635,0.0002745828409904635
2010-06-25,0.004189421505533586,1.7551252551027297e-05,0.0
2010-06-28,-0.0031521830819345453,9.936258182034369e-06,9.936258182034369e-06
2010-06-29,-0.03087499991754683,0.0009532656199085168,0.0009532656199085168
2010-06-30,-0.009500086198237612,9.025163777394475e-05,9.025163777394475e-05
2010-07-01,-0.004456385905977633,1.9859375342996092e-05,1.9859375342996092e-05
2010-07-02,-0.005449677527630925,2.9698985155165513e-05,2.9698985155165513e-05
2010-07-06,0.006556371279310413,4.2986004352166466e-05,0.0
2010-07-07,0.03149565192551962,0.0009919760902134876,0.0
2010-07-08,0.009895105446027452,9.791311178800215e-05,0.0
2010-07-09,0.0074654160354159504,5.573243658184561e-05,0.0
2010-07-12,0.000648926647730752,4.2110579413507156e-07,0.0
2010-07-13,0.015088030865650248,0.00022764867540281457,0.0
2010-07-14,-9.092344680072806e-05,8.267073178124826e-09,8.267073178124826e-09
2010-07-15,0.0002730723747139674,7.456852183192542e-08,0.0
2010-07-16,-0.027534163530040234,0.0007581301612989977,0.0007581301612989977
2010-07-19,0.005906200940983153,3.488320955527028e-05,0.0
2010-07-20,0.011091577146489229,0.00012302308359652214,0.0
2010-07-21,-0.012997582533714969,0.0001689371517207324,0.0001689371517207324
2010-07-22,0.0223216605166785,0.0004982565282218439,0.0
2010-07-23,0.008679429760724222,7.533250097134533e-05,0.0
2010-07-26,0.01041526615470767,0.00010847776907339909,0.0
2010-07-27,-8.928408424457857e-05,7.971647699393002e-09,7.971647699393002e-09
2010-07-28,-0.006454825577096424,4.166477323073818e-05,4.166477323073818e-05
2010-07-29,-0.004872205071642655,2.3738382260140403e-05,2.3738382260140403e-05
2010-07-30,-0.00018181873306244434,3.305805169243239e-08,3.305805169243239e-08
2010-08-02,0.02258132515285105,0.0005099162456587835,0.0
2010-08-03,-0.00478872244631201,2.2931862667812484e-05,2.2931862667812484e-05
2010-08-04,0.006683287375217173,4.4666330139737246e-05,0.0
2010-08-05,-0.001062072538451142,1.1279980769320524e-06,1.1279980769320524e-06
2010-08-06,-0.004076549447500577,1.661825539791726e-05,1.661825539791726e-05
2010-08-09,0.005338850244425597,2.8503321932403256e-05,0.0
2010-08-10,-0.00539892139947773,2.9148352277738565e-05,2.9148352277738565e-05
2010-08-11,-0.027407127827857702,0.0007511506557725321,0.0007511506557725321
2010-08-12,-0.006129735120721569,3.7573652650207465e-05,3.7573652650207465e-05
2010-08-13,-0.0029457188342154605,8.677259450251692e-06,8.677259450251692e-06
2010-08-16,-0.00046149975914633323,2.1298202769212358e-07,2.1298202769212358e-07
2010-08-17,0.01228494973385752,0.00015091998996340594,0.0
2010-08-18,0.0018249929914646579,3.330599418895121e-06,0.0
2010-08-19,-0.017396666138138506,0.0003026439927218549,0.0003026439927218549
2010-08-20,-0.00324478353566815,1.05286201933431e-05,1.05286201933431e-05
2010-08-23,-0.0038128242707533566,1.4537628919645866e-05,1.4537628919645866e-05
2010-08-24,-0.014842948842556658,0.00022031313034275404,0.00022031313034275404
2010-08-25,0.0038852756751150963,1.5095367071641067e-05,0.0
2010-08-26,-0.006702139391529638,4.491867242349326e-05,4.491867242349326e-05
2010-08-27,0.015489792728946128,0.00023993367878571233,0.0
2010-08-30,-0.014504701326384706,0.00021038636056762625,0.00021038636056762625
2010-08-31,0.0,0.0,0.0
2010-09-01,0.029911592366934858,0.0008947033579256757,0.0
2010-09-02,0.009312243754942662,8.67178837514686e-05,0.0
2010-09-03,0.012971856822512562,0.0001682690694237657,0.0
2010-09-07,-0.011272438056508238,0.00012706785973781522,0.00012706785973781522
2010-09-08,0.00702298877981633,4.932237140142607e-05,0.0
2010-09-09,0.004618718276540035,2.133255851804495e-05,0.0
2010-09-10,0.00504912923052192,2.549370598651088e-05,0.0
2010-09-13,0.011122794939897318,0.00012371656727500538,0.0
2010-09-14,-0.0006209838422844838,3.856209323784006e-07,3.856209323784006e-07
2010-09-15,0.0038171780658653454,1.45708483865235e-05,0.0
2010-09-16,-0.00026559587204511015,7.054116724740253e-08,7.054116724740253e-08
2010-09-17,0.00037385110920218345,1.397646518517029e-07,0.0
2010-09-20,0.015290001746256277,0.00023378415340052,0.0
2010-09-21,-0.0020135600477634297,4.054424065949065e-06,4.054424065949065e-06
2010-09-22,-0.004913141508414598,2.413895948170647e-05,2.413895948170647e-05
2010-09-23,-0.008111759652197792,6.580064465502404e-05,6.580064465502404e-05
2010-09-24,0.020622454311088223,0.0004252856218129212,0.0
2010-09-27,-0.004790472354934905,2.2948625383395573e-05,2.2948625383395573e-05
2010-09-28,0.003500910508394073,1.2256374387784045e-05,0.0
2010-09-29,-0.0017439968695599495,3.0415250810349035e-06,3.0415250810349035e-06
2010-09-30,-0.002970555419374965,8.824199499577974e-06,8.824199499577974e-06
2010-10-01,0.004205944788176819,1.7689971561191744e-05,0.0
2010-10-04,-0.007503939062351472,5.630910145148429e-05,5.630910145148429e-05
2010-10-05,0.020131700861002466,0.00040528537955688746,0.0
2010-10-06,-8.60748296873659e-05,7.408876305709047e-09,7.408876305709047e-09
2010-10-07,-0.0012063674450348838,1.4553224124399934e-06,1.4553224124399934e-06
2010-10-08,0.005608800351424081,3.14586413821349e-05,0.0
2010-10-11,0.000943971344091521,8.910818984659526e-07,0.0
2010-10-12,0.0030857717358376835,9.52198720569471e-06,0.0
2010-10-13,0.007777264787053317,6.048584756793948e-05,0.0
2010-10-14,-0.003900674970533591,1.5215265225747229e-05,1.5215265225747229e-05
2010-10-15,0.0020431378293006563,4.174412189519398e-06,0.0
2010-10-18,0.004927579717799668,2.428104187527066e-05,0.0
2010-10-19,-0.013104269715924932,0.0001717218847877073,0.0001717218847877073
2010-10-20,0.009765834955360209,9.537153237533532e-05,0.0
2010-10-21,0.0022056796486098484,4.865022712291664e-06,0.0
2010-10-22,0.0018630440771689738,3.4709332334743933e-06,0.0
2010-10-25,0.0029569666063413713,8.743651511018006e-06,0.0
2010-10-26,0.00016829183196187536,2.8322140705084094e-08,0.0
2010-10-27,-0.002863875580761732,8.20178334208335e-06,8.20178334208335e-06
2010-10-28,0.00016900220332893845,2.8561744730035855e-08,0.0
2010-10-29,0.0007600834704275528,5.777268820171924e-07,0.0
2010-11-01,0.00033786074098163255,1.1414988029665779e-07,0.0
2010-11-02,0.007930328278329624,6.289010660207449e-05,0.0
2010-11-03,0.004017949716026203,1.614391992051505e-05,0.0
2010-11-04,0.019257746182418156,0.00037086078802644107,0.0
2010-11-05,0.0037623733808724857,1.4155453457097859e-05,0.0
2010-11-08,-0.0018738480425531945,3.5113064865804384e-06,3.5113064865804384e-06
2010-11-09,-0.007184528714170524,5.161745284474076e-05,5.161745284474076e-05
2010-11-10,0.004029211952411682,1.623454895745716e-05,0.0
2010-11-11,-0.003767716683950373,1.4195689010517995e-05,1.4195689010517995e-05
2010-11-12,-0.011837659827713565,0.00014013019019666354,0.00014013019019666354
2010-11-15,-0.0014144740041661663,2.000736708461868e-06,2.000736708461868e-06
2010-11-16,-0.015579238061186662,0.00024271265856712715,0.00024271265856712715
2010-11-17,0.0005077798734585137,2.578403998895442e-07,0.0
2010-11-18,0.01471814275363137,0.0002166237261162716,0.0
2010-11-19,0.0027505899342423756,7.565744986355477e-06,0.0
2010-11-22,-0.0008306722328574878,6.900163584404444e-07,6.900163584404444e-07
2010-11-23,-0.014477067417537626,0.00020958548101192954,0.00020958548101192954
2010-11-24,0.014773970059968278,0.00021827019133283907,0.0
2010-11-26,-0.01164725304100589,0.00013565850340122094,0.00013565850340122094
2010-11-29,0.00303018142826339,9.181999488192357e-06,0.0
2010-11-30,-0.00562277971377334,3.161565170962101e-05,3.161565170962101e-05
2010-12-01,0.021267619135677096,0.0004523116237002186,0.0
2010-12-02,0.012809053074572585,0.0001640718406672174,0.0
2010-12-03,0.0026925672414022106,7.24991834947231e-06,0.0
2010-12-06,-0.001057666094420373,1.1186575672864455e-06,1.1186575672864455e-06
2010-12-07,0.0005698691985576154,3.247509034646989e-07,0.0
2010-12-08,0.0036635972852552268,1.3421945068529467e-05,0.0
2010-12-09,0.0038937742860138957,1.5161478190423024e-05,0.0
2010-12-10,0.0058176409480614755,3.3844946200561624e-05,0.0
2010-12-13,0.0006425577945758931,4.1288051937023567e-07,0.0
2010-12-14,0.0008830305368516811,7.797429290125681e-07,0.0
2010-12-15,-0.004571894602921955,2.0902220260226905e-05,2.0902220260226905e-05
2010-12-16,0.005801621497779186,3.36588120034936e-05,0.0
2010-12-17,0.0010711080061225342,1.1472723607797907e-06,0.0
2010-12-20,0.0024136051087797483,5.825489621127701e-06,0.0
2010-12-21,0.006340182626356494,4.019791573555273e-05,0.0
2010-12-22,0.0031104191605657583,9.674707354414596e-06,0.0
2010-12-23,-0.0014312186450126108,2.0483868098317335e-06,2.0483868098317335e-06
2010-12-27,0.0003980108080769984,1.5841260334610525e-07,0.0
2010-12-28,0.0014330987073065682,2.0537719048837568e-06,0.0
2010-12-29,0.0007148864994177551,5.110627070497719e-07,0.0
2010-12-30,-0.0015883953265872774,2.5229997135243036e-06,2.5229997135243036e-06
2010-12-31,0.00023892943662495725,5.7087275685919464e-08,0.0
2011-01-03,0.010338086515965905,0.00010687603281159606,0.0
2011-01-04,-0.0005514552405053719,3.0410288228083753e-07,3.0410288228083753e-07
2011-01-05,0.005197972544358054,2.7018918571900138e-05,0.0
2011-01-06,-0.0019590331142577133,3.837810742758275e-06,3.837810742758275e-06
2011-01-07,-0.0019622488259327664,3.85042045487452e-06,3.85042045487452e-06
2011-01-10,-0.0012585859455692683,1.5840385823844892e-06,1.5840385823844892e-06
2011-01-11,0.0035440362992695817,1.2560193290540432e-05,0.0
2011-01-12,0.009024594598996183,8.144330767623108e-05,0.0
2011-01-13,-0.0016330430665496554,2.666829657205902e-06,2.666829657205902e-06
2011-01-14,0.007244379521635258,5.248103465348829e-05,0.0
2011-01-18,0.0017018788671356866,2.896391678403048e-06,0.0
2011-01-19,-0.009805637482937946,9.61505264467976e-05,9.61505264467976e-05
2011-01-20,-0.0013253217284359131,1.7564776838643563e-06,1.7564776838643563e-06
2011-01-21,0.0022640919232437273,5.12611223689748e-06,0.0
2011-01-24,0.00568653410323261,3.23366701072275e-05,0.0
2011-01-25,0.0005425434102681592,2.9435335202540413e-07,0.0
2011-01-26,0.0038705696294645264,1.4981309256533162e-05,0.0
2011-01-27,0.0024679042167388143,6.09055122299722e-06,0.0
2011-01-28,-0.01746287878150976,0.0003049521353377038,0.0003049521353377038
2011-01-31,0.007516357570405363,5.649563112619001e-05,0.0
2011-02-01,0.016008727726730898,0.00025627936342860263,0.0
2011-02-02,-0.001912198677250898,3.6565037812800843e-06,3.6565037812800843e-06
2011-02-03,0.0022222772014011127,4.938515959867162e-06,0.0
2011-02-04,0.0028294341185428618,8.005697431174421e-06,0.0
2011-02-07,0.006252342162876623,3.909178252168473e-05,0.0
2011-02-08,0.004546654912189307,2.067207089053516e-05,0.0
2011-02-09,-0.0022631138310560406,5.121684212317149e-06,5.121684212317149e-06
2011-02-10,0.00037794012173231195,1.4283873561503477e-07,0.0
2011-02-11,0.005970122337839667,3.564236072877217e-05,0.0
2011-02-14,0.002403899929370512,5.778734870427553e-06,0.0
2011-02-15,-0.003147744806269781,9.908297365398382e-06,9.908297365398382e-06
2011-02-16,0.006315745674757789,3.9888643428221715e-05,0.0
2011-02-17,0.002988355040698165,8.930265849266132e-06,0.0
2011-02-18,0.002085429261685423,4.3490152054938085e-06,0.0
2011-02-22,-0.020069648373863935,0.0004027907858505393,0.0004027907858505393
2011-02-23,-0.006144267420324145,3.775202213245673e-05,3.775202213245673e-05
2011-02-24,-0.000687257085880022,4.7232230209229993e-07,4.7232230209229993e-07
2011-02-25,0.0106931597425175,0.00011434366527899692,0.0
2011-02-28,0.006196362479211848,3.8394907973784394e-05,0.0
2011-03-01,-0.01667307589350353,0.00027799145975052856,0.00027799145975052856
2011-03-02,0.0021388463615146236,4.574663758164344e-06,0.0
2011-03-03,0.017224555354845128,0.000296685307172124,0.0
2011-03-04,-0.007492795172568623,5.614197949806765e-05,5.614197949806765e-05
2011-03-07,-0.00785066636473053,6.163296237031127e-05,6.163296237031127e-05
2011-03-08,0.008750164584322206,7.656538025272661e-05,0.0
2011-03-09,-0.0014335100441744686,2.054951046749087e-06,2.054951046749087e-06
2011-03-10,-0.018505770368199226,0.0003424635369205205,0.0003424635369205205
2011-03-11,0.0069266066725974795,4.7977879996871926e-05,0.0
2011-03-14,-0.006038112052622502,3.645879716002512e-05,3.645879716002512e-05
2011-03-15,-0.011456893197461349,0.00013126040173803613,0.00013126040173803613
2011-03-16,-0.018512955395555974,0.0003427295174778451,0.0003427295174778451
2011-03-17,0.013235041836208161,0.0001751663324061803,0.0
2011-03-18,0.00363723596102683,1.3229485436186768e-05,0.0
2011-03-21,0.015497538423095092,0.00024017369717530871,0.0
2011-03-22,-0.0034682585287229006,1.2028817222059139e-05,1.2028817222059139e-05
2011-03-23,0.00286178417851235,8.189808684383605e-06,0.0
2011-03-24,0.009563515206809203,9.146082311087088e-05,0.0
2011-03-25,0.0030553725260511477,9.335301272948171e-06,0.0
2011-03-28,-0.0024367612925828563,5.937805597030073e-06,5.937805597030073e-06
2011-03-29,0.006718415103393438,4.513710150150506e-05,0.0
2011-03-30,0.006901154714688884,4.762593639607261e-05,0.0
2011-03-31,-0.0013557183630629188,1.8379722799460002e-06,1.8379722799460002e-06
2011-04-01,0.004223633479745192,1.7839079771224484e-05,0.0
2011-04-04,0.0008262091537225569,6.826215656949436e-07,0.0
2011-04-05,-0.00014997325277232854,2.2491976547112748e-08,2.2491976547112748e-08
2011-04-06,0.003151783784350881,9.933741023297162e-06,0.0
2011-04-07,-0.0025432605239243955,6.468174092552191e-06,6.468174092552191e-06
2011-04-08,-0.0034506771216302745,1.1907172597742596e-05,1.1907172597742596e-05
2011-04-11,-0.0030105997636482584,9.06371093687895e-06,9.06371093687895e-06
2011-04-12,-0.00747393832258092,5.5859754049743695e-05,5.5859754049743695e-05
2011-04-13,-7.600759225490084e-05,5.777154080387261e-09,5.777154080387261e-09
2011-04-14,0.0007605133856432023,5.783806097424861e-07,0.0
2011-04-15,0.0036486765703365176,1.3312840714922653e-05,0.0
2011-04-18,-0.011208878676653988,0.00012563896118794845,0.00012563896118794845
2011-04-19,0.00574473769243089,3.300201115483619e-05,0.0
2011-04-20,0.01363204650003369,0.00018583269177908078,0.0
2011-04-21,0.005108668904268754,2.609849797344251e-05,0.0
2011-04-25,-0.0010465529902428106,1.0952731613861683e-06,1.0952731613861683e-06
2011-04-26,0.008604992622755603,7.404589803767835e-05,0.0
2011-04-27,0.006529031925504691,4.26282578842595e-05,0.0
2011-04-28,0.00324322972024893,1.0518539018305953e-05,0.0
2011-04-29,0.0023507206916080214,5.525887769954094e-06,0.0
2011-05-02,-0.0015392278090082812,2.3692222480244334e-06,2.3692222480244334e-06
2011-05-03,-0.0035972881136330237,1.2940481772485438e-05,1.2940481772485438e-05
2011-05-04,-0.006630618094255247,4.396509631186509e-05,4.396509631186509e-05
2011-05-05,-0.009048432670430984,8.187413379132278e-05,8.187413379132278e-05
2011-05-06,0.004415610575708051,1.9497616756304787e-05,0.0
2011-05-09,0.0038751175779883074,1.5016536243233965e-05,0.0
2011-05-10,0.008536157664976285,7.286598768133338e-05,0.0
2011-05-11,-0.010524744247032092,0.00011077024146543512,0.00011077024146543512
2011-05-12,0.004760734374129827,2.2664591781021313e-05,0.0
2011-05-13,-0.007699445525225723,5.928146139591841e-05,5.928146139591841e-05
2011-05-16,-0.006340944263799275,4.020757415660893e-05,4.020757415660893e-05
2011-05-17,-0.0001507265868432306,2.2718503981409934e-08,2.2718503981409934e-08
2011-05-18,0.00893618813993502,7.98554584723153e-05,0.0
2011-05-19,0.002381412854235432,5.671127182317746e-06,0.0
2011-05-20,-0.007944607813234028,6.311679330609917e-05,6.311679330609917e-05
2011-05-23,-0.011600849544975311,0.00013457971016515388,0.00013457971016515388
2011-05-24,-0.0008328773220386276,6.936846335662359e-07,6.936846335662359e-07
2011-05-25,0.003334437650502231,1.111847444508684e-05,0.0
2011-05-26,0.004607787951872666,2.12317098094229e-05,0.0
2011-05-27,0.003834420813385586,1.470278297412458e-05,0.0
2011-05-31,0.010411176417324697,0.00010839259439265791,0.0
2011-06-01,-0.022461230685643874,0.00050450688391371,0.00050450688391371
2011-06-02,-0.0010614087129079408,1.1265884558368915e-06,1.1265884558368915e-06
2011-06-03,-0.009944541369355853,9.889390304682997e-05,9.889390304682997e-05
2011-06-06,-0.010581071411841503,0.00011195907222248953,0.00011195907222248953
2011-06-07,-0.0006200527775925835,3.844654470002778e-07,3.844654470002778e-07
2011-06-08,-0.004187159552832886,1.7532305120879698e-05,1.7532305120879698e-05
2011-06-09,0.007630859346001273,5.823001435845497e-05,0.0
2011-06-10,-0.0139102562816793,0.00019349522982199844,0.00019349522982199844
2011-06-13,0.0007837542407065357,6.142707098254782e-07,0.0
2011-06-14,0.012686046669792894,0.0001609357801081634,0.0
2011-06-15,-0.017785430967024674,0.00031632155468280023,0.00031632155468280023
2011-06-16,0.002204265210349332,4.8587851175563855e-06,0.0
2011-06-17,0.0029840774183531593,8.904718038725256e-06,0.0
2011-06-20,0.005116000946984833,2.6173465689549712e-05,0.0
2011-06-21,0.013704093391296635,0.0001878021756773801,0.0
2011-06-22,-0.006025626022748254,3.630816896602094e-05,3.630816896602094e-05
2011-06-23,-0.0028755165441984865,8.268595395959206e-06,8.268595395959206e-06
2011-06-24,-0.0116133566802602,0.00013487005338294424,0.00013487005338294424
2011-06-27,0.008910921879659472,7.94045287453939e-05,0.0
2011-06-28,0.013052903635755175,0.00017037829332431067,0.0
2011-06-29,0.008564138880330585,7.334447476159001e-05,0.0
2011-06-30,0.009562732630962412,9.144585537127329e-05,0.0
2011-07-01,0.014776185281788257,0.0002183356514817359,0.0
2011-07-05,-0.0008220049280240893,6.756921016958883e-07,6.756921016958883e-07
2011-07-06,0.0011962357399515344,1.4309799455373951e-06,0.0
2011-07-07,0.010375256280204415,0.00010764594287992114,0.0
2011-07-08,-0.007092288622184029,5.030055790036103e-05,5.030055790036103e-05
2011-07-11,-0.018080061717723694,0.0003268886317166979,0.0003268886317166979
2011-07-12,-0.004319640771604183,1.8659296395705182e-05,1.8659296395705182e-05
2011-07-13,0.0033486604451051782,1.121352677661201e-05,0.0
2011-07-14,-0.006901983322825211,4.763737378855735e-05,4.763737378855735e-05
2011-07-15,0.005804486222131144,3.3692060302910284e-05,0.0
2011-07-18,-0.008200918234911758,6.725505989570819e-05,6.725505989570819e-05
2011-07-19,0.01623141520907434,0.0002634588396893698,0.0
2011-07-20,-0.0006027598979213566,3.6331949454216426e-07,3.6331949454216426e-07
2011-07-21,0.013871239960829174,0.00019241129805090413,0.0
2011-07-22,0.0006694708513912406,4.481912208625126e-07,0.0
2011-07-25,-0.005573173832669864,3.10602665691561e-05,3.10602665691561e-05
2011-07-26,-0.003735876250843373,1.3956771361615537e-05,1.3956771361615537e-05
2011-07-27,-0.02047566146936175,0.00041925271260790536,0.00041925271260790536
2011-07-28,-0.002909462194447321,8.46497026091822e-06,8.46497026091822e-06
2011-07-29,-0.006834744620093036,4.67137340218907e-05,4.67137340218907e-05
2011-08-01,-0.004252896614234669,1.808712961136871e-05,1.808712961136871e-05
2011-08-02,-0.025547533651449794,0.0006526764756719596,0.0006526764756719596
2011-08-03,0.005419051751829551,2.9366121889006927e-05,0.0
2011-08-04,-0.046842096602750516,0.0021941820141414114,0.0021941820141414114
2011-08-05,-0.0014966319379884352,2.2399071578070195e-06,2.2399071578070195e-06
2011-08-08,-0.06512302126385983,0.004241007898533139,0.004241007898533139
2011-08-09,0.04649954230382436,0.002162207434465151,0.0
2011-08-10,-0.044177969374964765,0.0019516929780953247,0.0019516929780953247
2011-08-11,0.044883992531616235,0.002014572785578182,0.0
2011-08-12,0.006732978522825395,4.533299978882803e-05,0.0
2011-08-15,0.02116492264376091,0.0004479539505163832,0.0
2011-08-16,-0.008539159618024317,7.29172469820972e-05,7.29172469820972e-05
2011-08-17,0.0006689882736008457,4.4754531021543996e-07,0.0
2011-08-18,-0.04311865507541257,0.0018592184155124022,0.0018592184155124022
2011-08-19,-0.01633052915362887,0.0002666861824375225,0.0002666861824375225
2011-08-22,0.0007990708519483025,6.38514226433386e-07,0.0
2011-08-23,0.03291021943817851,0.0010830825434690627,0.0
2011-08-24,0.01408458754600983,0.0001983756063412152,0.0
2011-08-25,-0.015243549267560774,0.00023236579427255262,0.00023236579427255262
2011-08-26,0.014533660918548463,0.00021122729969534295,0.0
2011-08-29,0.02873613304963496,0.0008257653426463227,0.0
2011-08-30,0.0026367616500557745,6.952511999204851e-06,0.0
2011-08-31,0.004437660297712753,1.969282891789604e-05,0.0
2011-09-01,-0.01047291608012857,0.00010968197122141556,0.00010968197122141556
2011-09-02,-0.025549703387481415,0.0006527873431882793,0.0006527873431882793
2011-09-06,-0.007297511073079743,5.3253667861721465e-05,5.3253667861721465e-05
2011-09-07,0.028207749276979666,0.0007956771192729468,0.0
2011-09-08,-0.010391556477399866,0.00010798444602299111,0.00010798444602299111
2011-09-09,-0.026209838592502033,0.0006869556390450089,0.0006869556390450089
2011-09-12,0.006469879254799693,4.1859337571687434e-05,0.0
2011-09-13,0.009171386642754298,8.411433295089196e-05,0.0
2011-09-14,0.013844029719472184,0.00019165715887362907,0.0
2011-09-15,0.017257491641373246,0.00029782101775206743,0.0
2011-09-16,0.005918371821128865,3.50271250131322e-05,0.0
2011-09-19,-0.009957178602052585,9.914540571317389e-05,9.914540571317389e-05
2011-09-20,-0.0011635246162872148,1.3537895327063105e-06,1.3537895327063105e-06
2011-09-21,-0.029458264607607365,0.0008677893536918127,0.0008677893536918127
2011-09-22,-0.03232454405191332,0.0010448761481640847,0.0010448761481640847
2011-09-23,0.006025385566184038,3.6305271221178944e-05,0.0
2011-09-26,0.02377989339516562,0.0005654833298854414,0.0
2011-09-27,0.011183714575913273,0.000125075471715495,0.0
2011-09-28,-0.020418418892748424,0.0004169118300797458,0.0004169118300797458
2011-09-29,0.007903399028912572,6.246371621021619e-05,0.0
2011-09-30,-0.024989300141546433,0.0006244651215642926,0.0006244651215642926
2011-10-03,-0.02845805560026804,0.0008098609285479471,0.0008098609285479471
2011-10-04,0.021923061398577914,0.000480620621085817,0.0
2011-10-05,0.018515400529534265,0.00034282005676907775,0.0
2011-10-06,0.018091579661232426,0.0003273052546387188,0.0
2011-10-07,-0.00669606348055829,4.48372661356664e-05,4.48372661356664e-05
2011-10-10,0.03344561127451695,0.0011186089135260954,0.0
2011-10-11,0.0010036902247514412,1.0073940672615986e-06,0.0
2011-10-12,0.008771770499415021,7.694395769440765e-05,0.0
2011-10-13,-0.0019876844911995706,3.950889636555296e-06,3.950889636555296e-06
2011-10-14,0.017094165683364304,0.0002922105004103098,0.0
2011-10-17,-0.019091330766247028,0.00036447891042625034,0.00036447891042625034
2011-10-18,0.019546003125565425,0.0003820462381846134,0.0
2011-10-19,-0.011829165591065505,0.00013992915858084811,0.00013992915858084811
2011-10-20,0.004375880605587357,1.914833107435557e-05,0.0
2011-10-21,0.018987028165291076,0.0003605072385495566,0.0
2011-10-24,0.012260840784364735,0.00015032821673954165,0.0
2011-10-25,-0.01944334784778423,0.0003780437755299357,0.0003780437755299357
2011-10-26,0.010158230186291028,0.00010318964051767426,0.0
2011-10-27,0.03483512634993047,0.00121348602781562,0.0
2011-10-28,-0.0002334028881113559,5.447690817872212e-08,5.447690817872212e-08
2011-10-31,-0.024105281131710066,0.0005810645784387773,0.0005810645784387773
2011-11-01,-0.02788880228810864,0.0007777852930652136,0.0007777852930652136
2011-11-02,0.01631181022430761,0.0002660751527938263,0.0
2011-11-03,0.018226930004941577,0.00033222097740503954,0.0
2011-11-04,-0.006099119816182275,3.71992625321473e-05,3.71992625321473e-05
2011-11-07,0.006216170154318412,3.8640771387438994e-05,0.0
2011-11-08,0.012830869539116163,0.000164631213129819,0.0
2011-11-09,-0.03690978242423559,0.0013623320386044106,0.0013623320386044106
2011-11-10,0.009418655342337434,8.87110684577415e-05,0.0
2011-11-11,0.018822593471472082,0.00035429002499230347,0.0
2011-11-14,-0.009473989402639216,8.975647520132016e-05,8.975647520132016e-05
2011-11-15,0.0049416518646594465,2.4419923151492184e-05,0.0
2011-11-16,-0.015862802617884975,0.0002516285068939784,0.0002516285068939784
2011-11-17,-0.015877162472810014,0.0002520842881880066,0.0002520842881880066
2011-11-18,-0.0010644722336470291,1.1331011362054954e-06,1.1331011362054954e-06
2011-11-21,-0.019019614435634935,0.0003617457332802128,0.0003617457332802128
2011-11-22,-0.003927672940911675,1.5426614730769768e-05,1.5426614730769768e-05
2011-11-23,-0.022065712596191167,0.00048689567237770955,0.00048689567237770955
2011-11-25,-0.0018873648212357486,3.562145968438249e-06,3.562145968438249e-06
2011-11-28,0.028966681732863542,0.0008390686506130104,0.0
2011-11-29,0.002840549565315653,8.068721833014947e-06,0.0
2011-11-30,0.041149135941902726,0.0016932513887651908,0.0
2011-12-01,-0.00015971174717854808,2.550784218682446e-08,2.550784218682446e-08
2011-12-02,-0.0008805318712999943,7.753363763750697e-07,7.753363763750697e-07
2011-12-05,0.010892443158806886,0.00011864531796783893,0.0
2011-12-06,0.0003166238564173973,1.0025066645262464e-07,0.0
2011-12-07,0.003722987967483826,1.3860639406029352e-05,0.0
2011-12-08,-0.021936759617597335,0.00048122142252024914,0.00048122142252024914
2011-12-09,0.016942249936595655,0.00028703983291407544,0.0
2011-12-12,-0.014597122645089056,0.00021307598951577172,0.00021307598951577172
2011-12-13,-0.009339032391240343,8.721752600463632e-05,8.721752600463632e-05
2011-12-14,-0.010646043683160689,0.0001133382461037656,0.0001133382461037656
2011-12-15,0.0036137093500314688,1.305889526650486e-05,0.0
2011-12-16,0.0014831635019318945,2.1997739734628807e-06,0.0
2011-12-19,-0.010691843455401195,0.00011431551647480538,0.00011431551647480538
2011-12-20,0.03026019824169235,0.0009156795976265207,0.0
2011-12-21,0.0019367578284095188,3.751030885905555e-06,0.0
2011-12-22,0.008858632787594356,7.847537486544174e-05,0.0
2011-12-23,0.008940686386524899,7.993587306219165e-05,0.0
2011-12-27,0.0007913404281256753,6.262196731861271e-07,0.0
2011-12-28,-0.013123535023420896,0.00017222717151095488,0.00017222717151095488
2011-12-29,0.010334092711830722,0.00010679347217671286,0.0
2011-12-30,-0.0049163459685472866,2.4170457682451157e-05,2.4170457682451157e-05
2012-01-03,0.015936623772861536,0.00025397597727773544,0.0
2012-01-04,0.0015684398236761599,2.4600034804933036e-06,0.0
2012-01-05,0.002662418322039617,7.08847132153225e-06,0.0
2012-01-06,-0.00257734943558674,6.642730113119287e-06,6.642730113119287e-06
2012-01-09,0.002427377073281667,5.892159455893471e-06,0.0
2012-01-10,0.008670927711560639,7.518498737911021e-05,0.0
2012-01-11,0.000541689851798477,2.934278955414559e-07,0.0
2012-01-12,0.0023991552905990865,5.755946108409587e-06,0.0
2012-01-13,-0.005173078306881407,2.6760739169127004e-05,2.6760739169127004e-05
2012-01-17,0.0038810050720061717,1.506220036893763e-05,0.0
2012-01-18,0.0110558262433742,0.0001222312939236817,0.0
2012-01-19,0.005276726248987229,2.7843839906750833e-05,0.0
2012-01-20,0.003727237563885266,1.3892299857637374e-05,0.0
2012-01-23,-0.0025770360907106937,6.641115012825455e-06,6.641115012825455e-06
2012-01-24,-0.0011392967698333756,1.2979971297527637e-06,1.2979971297527637e-06
2012-01-25,0.008367310686345997,7.001188812183991e-05,0.0
2012-01-26,-0.005129614552921824,2.6312945461547365e-05,2.6312945461547365e-05
2012-01-27,-0.00045503873302188413,2.0706024855016153e-07,2.0706024855016153e-07
2012-01-30,-0.003413710939347836,1.1653422377423085e-05,1.1653422377423085e-05
2012-01-31,-0.0003804841956657201,1.4476822315139e-07,1.4476822315139e-07
2012-02-01,0.008757159508460566,7.66878426566213e-05,0.0
2012-02-02,0.0015849862417323113,2.512181386480717e-06,0.0
2012-02-03,0.014018930229749094,0.00019653040478657298,0.0
2012-02-06,-0.0006690997167329016,4.4769443093204915e-07,4.4769443093204915e-07
2012-02-07,0.0025289723454227087,6.395701123912836e-06,0.0
2012-02-08,0.0029676619269607407,8.807017312732337e-06,0.0
2012-02-09,0.0012573827654007719,1.5810114187268924e-06,0.0
2012-02-10,-0.007387840439071258,5.45801863531766e-05,5.45801863531766e-05
2012-02-13,0.007442826856301155,5.5395671612877726e-05,0.0
2012-02-14,-0.0012558037394221344,1.577043031946616e-06,1.577043031946616e-06
2012-02-15,-0.00466016125443669,2.1717102917352943e-05,2.1717102917352943e-05
2012-02-16,0.011073424656574682,0.0001226207336248361,0.0
2012-02-17,0.002645682522428139,6.999636009481719e-06,0.0
2012-02-21,0.0004399275382975798,1.9353623895256855e-07,0.0
2012-02-22,-0.003224284892424878,1.0396013067519306e-05,1.0396013067519306e-05
2012-02-23,0.00441091529903459,1.9456173775257406e-05,0.0
2012-02-24,0.0021958800942518675,4.82188938833159e-06,0.0
2012-02-27,0.0016793747507868328,2.820299553580337e-06,0.0
2012-02-28,0.00291609750977595,8.503624686521496e-06,0.0
2012-02-29,-0.003924963879638588,1.5405341456467595e-05,1.5405341456467595e-05
2012-03-01,0.005181234262397139,2.684518848183802e-05,0.0
2012-03-02,-0.0030491952423257196,9.297591625821803e-06,9.297591625821803e-06
2012-03-05,-0.004078433627456524,1.6633620853568177e-05,1.6633620853568177e-05
2012-03-06,-0.014624991032668233,0.00021389036270562622,0.00021389036270562622
2012-03-07,0.0069756446016240314,4.8659617608166496e-05,0.0
2012-03-08,0.009948974514758513,9.898209389531438e-05,0.0
2012-03-09,0.0038678399171743205,1.4960185624887054e-05,0.0
2012-03-12,7.288144836636867e-05,5.311705515979663e-09,0.0
2012-03-13,0.0180256020079268,0.0003249223277481747,0.0
2012-03-14,-0.001071122100838151,1.1473025549039342e-06,1.1473025549039342e-06
2012-03-15,0.005789713950734576,3.3520787631330576e-05,0.0
2012-03-16,0.0013845250297561673,1.916909558021316e-06,0.0
2012-03-19,0.003920022099472176,1.5366573260350246e-05,0.0
2012-03-20,-0.0029110264776656125,8.474075153670263e-06,8.474075153670263e-06
2012-03-21,-0.0016372900573023985,2.6807187317412914e-06,2.6807187317412914e-06
2012-03-22,-0.007203255181266521,5.188688520644298e-05,5.188688520644298e-05
2012-03-23,0.003232385553217254,1.0448316364647614e-05,0.0
2012-03-26,0.01403482683096624,0.0001969763641752099,0.0
2012-03-27,-0.0031072288778134505,9.654871299117834e-06,9.654871299117834e-06
2012-03-28,-0.004958084351567527,2.458260043725878e-05,2.458260043725878e-05
2012-03-29,-0.0017087011511687233,2.9196596240053205e-06,2.9196596240053205e-06
2012-03-30,0.004135958407262885,1.7106151946608543e-05,0.0
2012-04-02,0.0073149067784747945,5.35078611777765e-05,0.0
2012-04-03,-0.004089080904258968,1.6720582641575343e-05,1.6720582641575343e-05
2012-04-04,-0.009910816494439256,9.822428358644923e-05,9.822428358644923e-05
2012-04-05,-0.0005003963393468425,2.503964964317203e-07,2.503964964317203e-07
2012-04-09,-0.011231331792691535,0.00012614281383752364,0.00012614281383752364
2012-04-10,-0.01678476992482747,0.0002817285014293927,0.0002817285014293927
2012-04-11,0.008094311520918884,6.551787899768019e-05,0.0
2012-04-12,0.013065807336006818,0.0001707153213416496,0.0
2012-04-13,-0.011888715262440841,0.00014134155059139378,0.00014134155059139378
2012-04-16,-0.000656188235052646,4.305829998215066e-07,4.305829998215066e-07
2012-04-17,0.014812097001275282,0.0002193982175751882,0.0
2012-04-18,-0.0033794300185505666,1.1420547250280682e-05,1.1420547250280682e-05
2012-04-19,-0.006420554917424326,4.1223525447661694e-05,4.1223525447661694e-05
2012-04-20,0.001669484045231595,2.7871769772828506e-06,0.0
2012-04-23,-0.00840870616943934,7.070633944396721e-05,7.070633944396721e-05
2012-04-24,0.0038016780332943423,1.4452755868832738e-05,0.0
2012-04-25,0.013691685158744082,0.00018746224248617296,0.0
2012-04-26,0.006968744889765066,4.856340533862673e-05,0.0
2012-04-27,0.0016406303190210636,2.6916678436911568e-06,0.0
2012-04-30,-0.003703426935684262,1.3715371067951722e-05,1.3715371067951722e-05
2012-05-01,0.006219694742356507,3.868460268809718e-05,0.0
2012-05-02,-0.0029838836796663992,8.90356181377949e-06,8.90356181377949e-06
2012-05-03,-0.0076257109692358105,5.815146778632336e-05,5.815146778632336e-05
2012-05-04,-0.016157748459883714,0.0002610728352928745,0.0002610728352928745
2012-05-07,0.0007300808883947685,5.330181035992944e-07,0.0
2012-05-08,-0.004011730964851856,1.6093985334351204e-05,1.6093985334351204e-05
2012-05-09,-0.005932283850878739,3.519199168739668e-05,3.519199168739668e-05
2012-05-10,0.002062986453264415,4.2559131063524895e-06,0.0
2012-05-11,-0.0030140357414565333,9.084411450777435e-06,9.084411450777435e-06
2012-05-14,-0.011061370595965458,0.00012235391946128924,0.00012235391946128924
2012-05-15,-0.005741672839254197,3.2966806993029356e-05,3.2966806993029356e-05
2012-05-16,-0.0038247360058848434,1.4628605514711945e-05,1.4628605514711945e-05
2012-05-17,-0.014831024192230147,0.00021995927859051588,0.00021995927859051588
2012-05-18,-0.00855847892963546,7.324756158901413e-05,7.324756158901413e-05
2012-05-21,0.017188302350499285,0.0002954377376921792,0.0
2012-05-22,0.0017425206450172315,3.0363781983112683e-06,0.0
2012-05-23,0.000529612442911942,2.8048933968715503e-07,0.0
2012-05-24,0.0019652775585881077,3.8623158822900335e-06,0.0
2012-05-25,-0.0032440533189483922,1.0523881936180079e-05,1.0523881936180079e-05
2012-05-29,0.012111924054674539,0.00014669870430620373,0.0
2012-05-30,-0.014510377504263872,0.00021055105531624704,0.00021055105531624704
2012-05-31,-0.002200768272784148,4.843380990493323e-06,4.843380990493323e-06
2012-06-01,-0.025176801921980796,0.0006338713550186559,0.0006338713550186559
2012-06-04,-0.0004684160914203428,2.1941363470151094e-07,2.1941363470151094e-07
2012-06-05,0.007572586618209476,5.7344068090285226e-05,0.0
2012-06-06,0.022468542154773896,0.0005048353865608516,0.0
2012-06-07,0.0006058815406015938,3.670924412417608e-07,0.0
2012-06-08,0.007951581927437834,6.322765514875597e-05,0.0
2012-06-11,-0.012696886175455835,0.0001612109185524815,0.0001612109185524815
2012-06-12,0.011490346315994993,0.0001320280584614997,0.0
2012-06-13,-0.006394554760744686,4.0890330588162534e-05,4.0890330588162534e-05
2012-06-14,0.01060022956910811,0.00011236486691779392,0.0
2012-06-15,0.010227232936945274,0.00010459629354653826,0.0
2012-06-18,0.0019381881215005947,3.756573194326004e-06,0.0
2012-06-19,0.009672555937263017,9.355833835948204e-05,0.0
2012-06-20,-0.0016208764703327105,2.627240532078226e-06,2.627240532078226e-06
2012-06-21,-0.022438843115770934,0.0005035016803741807,0.0005035016803741807
2012-06-22,0.007701927637470796,5.931968933283647e-05,0.0
2012-06-25,-0.016034985104014576,0.00025712074728596933,0.00025712074728596933
2012-06-26,0.005025776994811881,2.5258434401580345e-05,0.0
2012-06-27,0.009016372299381237,8.129496944104929e-05,0.0
2012-06-28,-0.002853628554253418,8.143195925650452e-06,8.143195925650452e-06
2012-06-29,0.024926821653890263,0.0006213464377648525,0.0
2012-07-02,0.003012602717796131,9.075775135272636e-06,0.0
2012-07-03,0.006592884484401207,4.346612582465817e-05,0.0
2012-07-05,-0.004512101027118631,2.0359055678925008e-05,2.0359055678925008e-05
2012-07-06,-0.009503555318086998,9.031756368393966e-05,9.031756368393966e-05
2012-07-09,-0.0012544592386177777,1.5736679813534947e-06,1.5736679813534947e-06
2012-07-10,-0.008720435847123453,7.604600136379574e-05,7.604600136379574e-05
2012-07-11,0.00014915832862905098,2.2248206999411972e-08,0.0
2012-07-12,-0.004845146428868574,2.3475443917177897e-05,2.3475443917177897e-05
2012-07-13,0.016778008128256916,0.00028150155675185515,0.0
2012-07-16,-0.002357512103190129,5.557863316687946e-06,5.557863316687946e-06
2012-07-17,0.006866960619207996,4.715514814575346e-05,0.0
2012-07-18,0.007407332376675679,5.486857293854777e-05,0.0
2012-07-19,0.0026202329709639205,6.865620822126413e-06,0.0
2012-07-20,-0.009147943172906237,8.368486429472182e-05,8.368486429472182e-05
2012-07-23,-0.010112213157530525,0.00010225685494333347,0.00010225685494333347
2012-07-24,-0.008586959534891636,7.373587405386638e-05,7.373587405386638e-05
2012-07-25,0.00022419723662903124,5.026440091209383e-08,0.0
2012-07-26,0.016497421293150127,0.0002721649093236832,0.0
2012-07-27,0.018432764959745773,0.0003397668240612316,0.0
2012-07-30,0.0,0.0,0.0
2012-07-31,-0.006994440176505412,4.892219338271306e-05,4.892219338271306e-05
2012-08-01,-0.0008711839965462875,7.589615558383619e-07,7.589615558383619e-07
2012-08-02,-0.0069049253432739155,4.76779939961864e-05,4.76779939961864e-05
2012-08-03,0.019833158892425207,0.00039335419165218506,0.0
2012-08-06,0.0019378979206705615,3.755448350939286e-06,0.0
2012-08-07,0.005013337294103248,2.513355082444648e-05,0.0
2012-08-08,0.0012118336015629616,1.4685406778770588e-06,0.0
2012-08-09,0.000853667950861059,7.287489703273193e-07,0.0
2012-08-10,0.0016355968520778141,2.675177062526855e-06,0.0
2012-08-13,-0.0004966321763643089,2.4664351860035e-07,2.4664351860035e-07
2012-08-14,0.00014185683059642074,2.012336038686161e-08,0.0
2012-08-15,0.0011364208691060362,1.2914523917397188e-06,0.0
2012-08-16,0.007378661278435006,5.444464226187612e-05,0.0
2012-08-17,0.0013380817321120286,1.7904627218119268e-06,0.0
2012-08-20,7.019082051828995e-05,4.926751285030794e-09,0.0
2012-08-21,-0.0030241501042321817,9.145483852927515e-06,9.145483852927515e-06
2012-08-22,0.00042355919543379805,1.7940239203652634e-07,0.0
2012-08-23,-0.008179537206640886,6.690482891482259e-05,6.690482891482259e-05
2012-08-24,0.006042793502840427,3.6515353317970474e-05,0.0
2012-08-27,0.00021198189878024465,4.493632541047789e-08,0.0
2012-08-28,-0.000988833038197412,9.777907774307244e-07,9.777907774307244e-07
2012-08-29,0.0007776650471100766,6.047629254967176e-07,0.0
2012-08-30,-0.007207453294558852,5.1947382993247254e-05,5.1947382993247254e-05
2012-08-31,0.004768424394132831,2.2737871202561053e-05,0.0
2012-09-04,-0.0009207969886224632,8.478670942561966e-07,8.478670942561966e-07
2012-09-05,-0.0008509514234193993,7.241183250195018e-07,7.241183250195018e-07
2012-09-06,0.020296786154664126,0.00041195952820816535,0.0
2012-09-07,0.003895469252225947,1.517468069503778e-05,0.0
2012-09-10,-0.005681633234016159,3.228095620587692e-05,3.228095620587692e-05
2012-09-11,0.0027868990126289628,7.766806106592288e-06,0.0
2012-09-12,0.0033358226624387033,1.112771283523964e-05,0.0
2012-09-13,0.015236547126360911,0.00023215236833381693,0.0
2012-09-14,0.0044339062513685246,1.9659524645924882e-05,0.0
2012-09-17,-0.003395671651591603,1.1530585965422846e-05,1.1530585965422846e-05
2012-09-18,-0.0008178387209845095,6.688601735415784e-07,6.688601735415784e-07
2012-09-19,0.0005452519297430847,2.9729966688855773e-07,0.0
2012-09-20,6.889013614608253e-05,4.745850858225786e-09,0.0
2012-09-21,-0.0004186163199102477,1.7523962329519888e-07,1.7523962329519888e-07
2012-09-24,-0.0015080213123422892,2.2741282784785603e-06,2.2741282784785603e-06
2012-09-25,-0.010641841151047382,0.00011324878308412547,0.00011324878308412547
2012-09-26,-0.005621544360958408,3.160176100222328e-05,3.160176100222328e-05
2012-09-27,0.009421847845712206,8.877121682775172e-05,0.0
2012-09-28,-0.004631901462943677,2.1454511162419777e-05,2.1454511162419777e-05
2012-10-01,0.0026393215907245526,6.9660184592647825e-06,0.0
2012-10-02,0.0010386998644000833,1.0788974083047515e-06,0.0
2012-10-03,0.004082728550375281,1.6668672416049443e-05,0.0
2012-10-04,0.0071685371769674155,5.138792525756396e-05,0.0
2012-10-05,6.839435349981215e-05,4.677787590657267e-09,0.0
2012-10-08,-0.0034214037441129275,1.1706003580229959e-05,1.1706003580229959e-05
2012-10-09,-0.009887437271390187,9.776141579567583e-05,9.776141579567583e-05
2012-10-10,-0.0063800543541526755,4.070509356194251e-05,4.070509356194251e-05
2012-10-11,0.0005582410066946597,3.116330215554671e-07,0.0
2012-10-12,-0.0032780638663647554,1.0745702711966249e-05,1.0745702711966249e-05
2012-10-15,0.008327944124575382,6.935465334204962e-05,0.0
2012-10-16,0.010133360158111948,0.0001026849880940106,0.0
2012-10-17,0.004534652803201089,2.0563076045579494e-05,0.0
2012-10-18,-0.0025988000651189225,6.7537617784621154e-06,6.7537617784621154e-06
2012-10-19,-0.01666490838699408,0.0002777191715469057,0.0002777191715469057
2012-10-22,0.00013987491822065046,1.9564992747233654e-08,0.0
2012-10-23,-0.013876646766457168,0.00019256132548102617,0.00019256132548102617
2012-10-24,-0.0028281212040607295,7.99826954485791e-06,7.99826954485791e-06
2012-10-25,0.002907014837912447,8.450735267843132e-06,0.0
2012-10-26,-0.0005654064044092744,3.196844021470239e-07,3.196844021470239e-07
2012-10-31,0.0,0.0,0.0
2012-11-01,0.010470214015650958,0.00010962538153353377,0.0
2012-11-02,-0.008891513255474659,7.905900797228157e-05,7.905900797228157e-05
2012-11-05,0.002048766465022833,4.197444028202156e-06,0.0
2012-11-06,0.00782486094778334,6.12284488521448e-05,0.0
2012-11-07,-0.022663192821357536,0.0005136203088580317,0.0005136203088580317
2012-11-08,-0.012024523665869258,0.00014458916939104986,0.00014458916939104986
2012-11-09,0.0008693230116383344,7.557224985639436e-07,0.0
2012-11-12,0.0007963681912954712,6.342022961072203e-07,0.0
2012-11-13,-0.003471787076787858,1.2053305506551178e-05,1.2053305506551178e-05
2012-11-14,-0.013498429212538965,0.0001822075912059253,0.0001822075912059253
2012-11-15,-0.001692392185713265,2.8641913102633227e-06,2.8641913102633227e-06
2012-11-16,0.004937696992927121,2.438085159396153e-05,0.0
2012-11-19,0.02023913606281358,0.0004096226285690811,0.0
2012-11-20,0.00043101266139666805,1.8577191428423883e-07,0.0
2012-11-21,0.0018680290382102616,3.489532487596755e-06,0.0
2012-11-23,0.013624978838783663,0.00018564004835730264,0.0
2012-11-26,-0.0021223120045060773,4.504208244470604e-06,4.504208244470604e-06
2012-11-27,-0.005104628840226888,2.6057235596476103e-05,2.6057235596476103e-05
2012-11-28,0.008052680222130126,6.48456587598857e-05,0.0
2012-11-29,0.004665509237727461,2.1766976447320272e-05,0.0
2012-11-30,0.00021097238869050017,4.450934878977548e-08,0.0
2012-12-03,-0.004924577455082457,2.425146311110641e-05,2.425146311110641e-05
2012-12-04,-0.0014134870674654687,1.9979456898921307e-06,1.9979456898921307e-06
2012-12-05,0.0017696851616666454,3.1317855714231007e-06,0.0
2012-12-06,0.0033924686580408814,1.1508843595789699e-05,0.0
2012-12-07,0.003028349962227228,9.170903493721653e-06,0.0
2012-12-10,0.00042156115816349704,1.7771381007214897e-07,0.0
2012-12-11,0.006808348867252345,4.6353614298216294e-05,0.0
2012-12-12,0.00048780625997357774,2.3795494726940972e-07,0.0
2012-12-13,-0.0061320223639651505,3.760169827216875e-05,3.760169827216875e-05
2012-12-14,-0.003715751804303835,1.3806811471187206e-05,1.3806811471187206e-05
2012-12-17,0.011752183452941933,0.00013811381591160218,0.0
2012-12-18,0.011128785356707027,0.00012384986351565675,0.0
2012-12-19,-0.007429534430972606,5.519798186100745e-05,5.519798186100745e-05
2012-12-20,0.005752476094659453,3.3090981219628474e-05,0.0
2012-12-21,-0.009077021677099562,8.239232252653534e-05,8.239232252653534e-05
2012-12-24,-0.0030813336029056337,9.494616772395414e-06,9.494616772395414e-06
2012-12-26,-0.004215087998465705,1.7766966834809626e-05,1.7766966834809626e-05
2012-12-27,-0.00134031041171645,1.7964319997555195e-06,1.7964319997555195e-06
2012-12-28,-0.010808065007059664,0.00011681426919682761,0.00011681426919682761
2012-12-31,0.016996371646675223,0.00028887664915190544,0.0
2013-01-02,0.025630126448604296,0.0006569033817714454,0.0
2013-01-03,-0.0022594914657694254,5.105301683884866e-06,5.105301683884866e-06
2013-01-04,0.004392161443790732,1.9291082148321886e-05,0.0
2013-01-07,-0.002733515125730279,7.472104942596224e-06,7.472104942596224e-06
2013-01-08,-0.0028770478332732496,8.2774042349423e-06,8.2774042349423e-06
2013-01-09,0.002542386362068827,6.463728414033564e-06,0.0
2013-01-10,0.007949449237470096,6.31937431791139e-05,0.0
2013-01-11,-6.825785190633926e-05,4.659134346867742e-09,4.659134346867742e-09
2013-01-14,-0.0006796855796065149,4.6197248712504405e-07,4.6197248712504405e-07
2013-01-15,0.0006801478663032157,4.6260112003681694e-07,0.0
2013-01-16,-0.00013587179294394236,1.8461144117801546e-08,1.8461144117801546e-08
2013-01-17,0.00646086305077942,4.174275136092675e-05,0.0
2013-01-18,0.0022294185621862805,4.9703071254207424e-06,0.0
2013-01-22,0.0053936256691917706,2.9091197859364373e-05,0.0
2013-01-23,0.001609033521456693,2.5889888731713263e-06,0.0
2013-01-24,0.00026788080236883616,7.176012427777146e-08,0.0
2013-01-25,0.005622189893664142,3.160901920041922e-05,0.0
2013-01-28,-0.0011984990372493343,1.4363999422875812e-06,1.4363999422875812e-06
2013-01-29,0.003931868356702006,1.5459588774434537e-05,0.0
2013-01-30,-0.0039164693149325025,1.5338731894807866e-05,1.5338731894807866e-05
2013-01-31,-0.0024654278668376772,6.07833456657978e-06,6.07833456657978e-06
2013-02-01,0.010287630085046517,0.00010583533276675422,0.0
2013-02-04,-0.011240638544648185,0.00012635195489143046,0.00012635195489143046
2013-02-05,0.010097744688401855,0.00010196444779214787,0.0
2013-02-06,0.0007283675103824105,5.305192301806709e-07,0.0
2013-02-07,-0.0013233522415130317,1.7512611551175653e-06,1.7512611551175653e-06
2013-02-08,0.0055643371269806785,3.0961847662695594e-05,0.0
2013-02-11,-0.0001973938568170519,3.896433470911079e-08,3.896433470911079e-08
2013-02-12,0.0016473202750411087,2.713664088561514e-06,0.0
2013-02-13,0.0008549778365529725,7.309871009968015e-07,0.0
2013-02-14,0.0009197888204772742,8.460114742749753e-07,0.0
2013-02-15,-0.0011816881486367281,1.396386880628498e-06,1.396386880628498e-06
2013-02-19,0.007494394993395437,5.616595631703059e-05,0.0
2013-02-20,-0.012463024609220441,0.00015532698241003433,0.00015532698241003433
2013-02-21,-0.00607927953868892,3.695763970952176e-05,3.695763970952176e-05
2013-02-22,0.009772788339408978,9.550739192688808e-05,0.0
2013-02-25,-0.019026751352570592,0.00036201726703254686,0.00036201726703254686
2013-02-26,0.006845633706628496,4.6862700845328196e-05,0.0
2013-02-27,0.012598026847477017,0.00015871028044975172,0.0
2013-02-28,-0.0019748492728400846,3.900029650437011e-06,3.900029650437011e-06
2013-03-01,0.003298055099894892,1.0877167441942706e-05,0.0
2013-03-04,0.005324898381031229,2.8354542768309003e-05,0.0
2013-03-05,0.00895889524193394,8.026180395594658e-05,0.0
2013-03-06,0.0013613880728733374,1.8533774849617794e-06,0.0
2013-03-07,0.0018122188345026657,3.2841371041262002e-06,0.0
2013-03-08,0.004263896036313497,1.8180809408489952e-05,0.0
2013-03-11,0.003795662772485775,1.44070558824344e-05,0.0
2013-03-12,-0.00224293826636901,5.0307720667424204e-06,5.0307720667424204e-06
2013-03-13,0.0014132877434591684,1.997382245811908e-06,0.0
2013-03-14,0.005323561546420441,2.8340307538526397e-05,0.0
2013-03-15,-0.0013199045069041127,1.7421479073457888e-06,1.7421479073457888e-06
2013-03-18,-0.005519279208147321,3.0462442977487317e-05,3.0462442977487317e-05
2013-03-19,-0.002322713208488758,5.394996648888141e-06,5.394996648888141e-06
2013-03-20,0.006985352090684627,4.879514383083209e-05,0.0
2013-03-21,-0.008542570666573712,7.297551359340564e-05,7.297551359340564e-05
2013-03-22,0.008033171173725595,6.453183910637585e-05,0.0
2013-03-25,-0.004177588093981499,1.7452242282975974e-05,1.7452242282975974e-05
2013-03-26,0.008002832008735528,6.404532016004192e-05,0.0
2013-03-27,0.0,0.0,0.0
2013-03-28,0.003073147148237698,9.444233394721498e-06,0.0
2013-04-01,-0.003957241450884719,1.5659759900600195e-05,1.5659759900600195e-05
2013-04-02,0.004934194901066169,2.4346279321707383e-05,0.0
2013-04-03,-0.010138976909841446,0.000102798852778298,0.000102798852778298
2013-04-04,0.004058461863410079,1.647111269675401e-05,0.0
2013-04-05,-0.004491195264113901,2.017083490039913e-05,2.017083490039913e-05
2013-04-08,0.006767093183993156,4.579355016084663e-05,0.0
2013-04-09,0.0034567794500379723,1.1949324166204827e-05,0.0
2013-04-10,0.01224873634052126,0.00015003154193960616,0.0
2013-04-11,0.0032772631669810703,1.0740453865650795e-05,0.0
2013-04-12,-0.0024494977715452393,6.000039332805093e-06,6.000039332805093e-06
2013-04-15,-0.02317417443336156,0.0005370423606678686,0.0005370423606678686
2013-04-16,0.014763456243750417,0.00021795964026113317,0.0
2013-04-17,-0.014611981350766134,0.0002135099989951373,0.0002135099989951373
2013-04-18,-0.006253342506283732,3.910429250089491e-05,3.910429250089491e-05
2013-04-19,0.00869250646956865,7.555966872349284e-05,0.0
2013-04-22,0.0044384440328884,1.9699785433082647e-05,0.0
2013-04-23,0.01030929981755957,0.00010628166272833378,0.0
2013-04-24,0.0006338957266081024,4.0182379221201417e-07,0.0
2013-04-25,0.004053587172025086,1.6431568961206334e-05,0.0
2013-04-26,-0.001766163926584463,3.1193350155682486e-06,3.1193350155682486e-06
2013-04-29,0.006698660781609744,4.487205626707647e-05,0.0
2013-04-30,0.002385242871544735,5.689383556254973e-06,0.0
2013-05-01,-0.008767147443787815,7.686287430111521e-05,7.686287430111521e-05
2013-05-02,0.009286960910370734,8.624764295075401e-05,0.0
2013-05-03,0.010140535120368721,0.00010283045252743148,0.0
2013-05-06,0.0025411717958736535,6.457554096143729e-06,0.0
2013-05-07,0.005068633533432454,2.5691045896235965e-05,0.0
2013-05-08,0.004550729302546186,2.0709137185052497e-05,0.0
2013-05-09,-0.002815833217978292,7.928916711469983e-06,7.928916711469983e-06
2013-05-10,0.0032533887410810536,1.0584538300592963e-05,0.0
2013-05-13,0.0007960184095645584,6.33645308365689e-07,0.0
2013-05-14,0.010334043097716794,0.00010679244674546811,0.0
2013-05-15,0.005386062089696608,2.9009664834066993e-05,0.0
2013-05-16,-0.004695430361480013,2.2047066279508324e-05,2.2047066279508324e-05
2013-05-17,0.00967731261682303,9.365037948372221e-05,0.0
2013-05-20,-6.027232318983611e-05,3.6327529427000554e-09,3.6327529427000554e-09
2013-05-21,0.0014379138743676467,2.0675963100989765e-06,0.0
2013-05-22,-0.0074177152992895845,5.502250026131477e-05,5.502250026131477e-05
2013-05-23,-0.002892582705949942,8.367034710760689e-06,8.367034710760689e-06
2013-05-24,-0.0008462089515240967,7.160695896395111e-07,7.160695896395111e-07
2013-05-28,0.0059888831609453685,3.586672151545499e-05,0.0
2013-05-29,-0.006495007821845977,4.2185126605840425e-05,4.2185126605840425e-05
2013-05-30,0.0036927754400040147,1.3636590450296845e-05,0.0
2013-05-31,-0.014352470806999196,0.00020599341826576414,0.00020599341826576414
2013-06-03,0.0055065135814305055,3.032169182247861e-05,0.0
2013-06-04,-0.004806638624740622,2.3103774868848423e-05,2.3103774868848423e-05
2013-06-05,-0.014000927680021036,0.0001960259759011792,0.0001960259759011792
2013-06-06,0.009053158303708342,8.19596752720033e-05,0.0
2013-06-07,0.012720035669561813,0.00016179930743492484,0.0
2013-06-10,0.0,0.0,0.0
2013-06-11,-0.010315046159210528,0.00010640017726664387,0.00010640017726664387
2013-06-12,-0.008277431894384346,6.851587876617123e-05,6.851587876617123e-05
2013-06-13,0.01520872212248725,0.0002313052285990331,0.0
2013-06-14,-0.0062724675079892656,3.934384863878107e-05,3.934384863878107e-05
2013-06-17,0.007721239187029605,5.9617534583321595e-05,0.0
2013-06-18,0.007905786191879871,6.250145531171844e-05,0.0
2013-06-19,-0.01381700566795585,0.0001909096456283241,0.0001909096456283241
2013-06-20,-0.024777731172688,0.0006139359620659946,0.0006139359620659946
2013-06-21,0.0032100500042480107,1.0304421029772654e-05,0.0
2013-06-24,-0.012636009130057024,0.00015966872673488447,0.00015966872673488447
2013-06-25,0.009613995430220346,9.242890813229769e-05,0.0
2013-06-26,0.00990086534697121,9.802713461885534e-05,0.0
2013-06-27,0.005869981356651177,3.445668112743239e-05,0.0
2013-06-28,-0.004096856438500329,1.6784232677681603e-05,1.6784232677681603e-05
2013-07-01,0.005859020543046212,3.4328121723837526e-05,0.0
2013-07-02,-0.0009296007009446106,8.641574631967113e-07,8.641574631967113e-07
2013-07-03,0.00043413075055043215,1.8846950857348155e-07,0.0
2013-07-05,0.010789213500114414,0.00011640712795105112,0.0
2013-07-08,0.005704529598667074,3.254165794206873e-05,0.0
2013-07-09,0.0071974567608845685,5.180338382480299e-05,0.0
2013-07-10,0.00036344306648228297,1.3209086257404515e-07,0.0
2013-07-11,0.013620246906355993,0.00018551112579009998,0.0
2013-07-12,0.00041820519965440894,1.7489558901798404e-07,0.0
2013-07-15,0.0038205477379331665,1.4596585017826236e-05,0.0
2013-07-16,-0.0037467093652796546,1.4037831067874272e-05,1.4037831067874272e-05
2013-07-17,0.0025669853807122056,6.5894139447901874e-06,0.0
2013-07-18,0.005477939764415796,3.0007824062567783e-05,0.0
2013-07-19,0.0017766312425906428,3.1564185721491714e-06,0.0
2013-07-22,0.0019506372471607136,3.804985670010727e-06,0.0
2013-07-23,-0.002124100644718019,4.511803548891503e-06,4.511803548891503e-06
2013-07-24,-0.0036654914488928325,1.3435827561906477e-05,1.3435827561906477e-05
2013-07-25,0.0024330793098266135,5.91987492790635e-06,0.0
2013-07-26,0.0010655775097814235,1.1354554293519796e-06,0.0
2013-07-29,-0.003074958297115793,9.455368529001258e-06,9.455368529001258e-06
2013-07-30,0.0,0.0,0.0
2013-07-31,0.0007118552740779105,5.06737931232537e-07,0.0
2013-08-01,0.01155831989473799,0.00013359475878909602,0.0
2013-08-02,0.001699459667268588,2.8881631606726597e-06,0.0
2013-08-05,-0.0014623816295125103,2.138560030335665e-06,2.138560030335665e-06
2013-08-06,-0.005683193218202542,3.229868515542337e-05,3.229868515542337e-05
2013-08-07,-0.0032402996730663824,1.0499541971274106e-05,1.0499541971274106e-05
2013-08-08,0.0036645123789345035,1.3428650975364214e-05,0.0
2013-08-09,-0.0028851804420043647,8.324266182924501e-06,8.324266182924501e-06
2013-08-12,-0.0011813051021906107,1.395481744461569e-06,1.395481744461569e-06
2013-08-13,0.002956586805291872,8.741405537225998e-06,0.0
2013-08-14,-0.005129381096265706,2.6310550430727975e-05,2.6310550430727975e-05
2013-08-15,-0.013985946956583506,0.00019560671227236744,0.00019560671227236744
2013-08-16,-0.0033057690559201713,1.092810905107934e-05,1.092810905107934e-05
2013-08-19,-0.006392155962776425,4.08596578524582e-05,4.08596578524582e-05
2013-08-20,0.004915931542350371,2.4166382929075302e-05,0.0
2013-08-21,-0.006160017495309256,3.794581554251612e-05,3.794581554251612e-05
2013-08-22,0.00911488897404511,8.308120100916912e-05,0.0
2013-08-23,0.0033726424418054624,1.1374717040267512e-05,0.0
2013-08-26,-0.003721498905145948,1.384955410100249e-05,1.384955410100249e-05
2013-08-27,-0.016083874160331635,0.00025869100800538365,0.00025869100800538365
2013-08-28,0.0035502925490458193,1.2604577183810261e-05,0.0
2013-08-29,0.001586836857986329,2.518051213863925e-06,0.0
2013-08-30,-0.003167602435932504,1.0033705192125533e-05,1.0033705192125533e-05
2013-09-03,0.004522151005333264,2.0449849715036648e-05,0.0
2013-09-04,0.008272733754790984,6.843812377765814e-05,0.0
2013-09-05,0.001267063221368936,1.605449206945825e-06,0.0
2013-09-06,0.0004824730320163173,2.3278022662301835e-07,0.0
2013-09-09,0.009575473768496323,9.168969789116117e-05,0.0
2013-09-10,0.007397360166202516,5.472093742851971e-05,0.0
2013-09-11,0.0031387114392313897,9.851509498761981e-06,0.0
2013-09-12,-0.002656889355773129,7.059061048820551e-06,7.059061048820551e-06
2013-09-13,0.0022494997388742277,5.060249075195219e-06,0.0
2013-09-16,0.005787498499803867,3.349513888523201e-05,0.0
2013-09-17,0.004462736491068764,1.9916016988716742e-05,0.0
2013-09-18,0.01157394301690906,0.000133956156958658,0.0
2013-09-19,-0.001675988588059285,2.808937747304956e-06,2.808937747304956e-06
2013-09-20,-0.006991337900309813,4.887880563630843e-05,4.887880563630843e-05
2013-09-23,-0.0046276366886481846,2.1415021322122735e-05,2.1415021322122735e-05
2013-09-24,-0.0023541614478259643,5.542076122430041e-06,5.542076122430041e-06
2013-09-25,-0.002889720164820475,8.350482630970074e-06,8.350482630970074e-06
2013-09-26,0.003845232258144815,1.4785811119077474e-05,0.0
2013-09-27,-0.004596692974453864,2.1129586301393513e-05,2.1129586301393513e-05
2013-09-30,-0.005328567730635059,2.839363405996526e-05,2.839363405996526e-05
2013-10-01,0.00791636902420545,6.266889852739954e-05,0.0
2013-10-02,-0.0009449005562053303,8.928370611171426e-07,8.928370611171426e-07
2013-10-03,-0.00922099014023503,8.502665916631164e-05,8.502665916631164e-05
2013-10-04,0.007576672461651501,5.740596559114822e-05,0.0
2013-10-07,-0.008644827460554616,7.473304182275917e-05,7.473304182275917e-05
2013-10-08,-0.011646628677727922,0.00013564395955687443,0.00013564395955687443
2013-10-09,0.0007253778338540684,5.261730018468205e-07,0.0
2013-10-10,0.02155791618130709,0.0004647437500802621,0.0
2013-10-11,0.006443198285335905,4.151480414415554e-05,0.0
2013-10-14,0.003993627634817809,1.5949061685580488e-05,0.0
2013-10-15,-0.00725349697448785,5.261321835890439e-05,5.261321835890439e-05
2013-10-16,0.013965571244822339,0.00019503718019420858,0.0
2013-10-17,0.006683130644314694,4.466423520897814e-05,0.0
2013-10-18,0.006754749149452621,4.562663607203091e-05,0.0
2013-10-21,5.711538219310697e-05,3.2621668830646805e-09,0.0
2013-10-22,0.00579155987098301,3.354216573918073e-05,0.0
2013-10-23,-0.004789117132631193,2.293564291006162e-05,2.293564291006162e-05
2013-10-24,0.003322619509789071,1.1039800406830965e-05,0.0
2013-10-25,0.004567675745078548,2.0863661712178866e-05,0.0
2013-10-28,0.0015910784237862519,2.5315305506381435e-06,0.0
2013-10-29,0.005334066863337261,2.8452269302552607e-05,0.0
2013-10-30,-0.004967061009677254,2.467169507385602e-05,2.467169507385602e-05
2013-10-31,-0.0028363769479011758,8.04503419058519e-06,8.04503419058519e-06
2013-11-01,0.002389329378442495,5.7088948786884006e-06,0.0
2013-11-04,0.0035186570063270306,1.2380947128174302e-05,0.0
2013-11-05,-0.003166963687753266,1.0029658999547765e-05,1.0029658999547765e-05
2013-11-06,0.005105864315434472,2.6069850407627127e-05,0.0
2013-11-07,-0.012642903338168976,0.00015984300481828423,0.00015984300481828423
2013-11-08,0.013490768024540412,0.000182000821891962,0.0
2013-11-11,0.0001695046682674839,2.8731832564469762e-08,0.0
2013-11-12,-0.002030400801524057,4.122527414829534e-06,4.122527414829534e-06
2013-11-13,0.008024056975876714,6.438549035211577e-05,0.0
2013-11-14,0.004989313315500565,2.4893247360231243e-05,0.0
2013-11-15,0.004351264067879557,1.8933498988419747e-05,0.0
2013-11-18,-0.003499037896042334,1.2243266197940364e-05,1.2243266197940364e-05
2013-11-19,-0.002173390389800245,4.723625786476061e-06,4.723625786476061e-06
2013-11-20,-0.003128151619367192,9.785332553749587e-06,9.785332553749587e-06
2013-11-21,0.008068423079738762,6.509945099366114e-05,0.0
2013-11-22,0.005002771306484188,2.5027720744981512e-05,0.0
2013-11-25,-0.000995762146062229,9.915422515304559e-07,9.915422515304559e-07
2013-11-26,0.00027686465092569,7.665403493220418e-08,0.0
2013-11-27,0.0024351266947109096,5.9298420192936795e-06,0.0
2013-11-29,-0.0006624266205170759,4.388090275696741e-07,4.388090275696741e-07
2013-12-02,-0.0025969564043384352,6.744182566034414e-06,6.744182566034414e-06
2013-12-03,-0.004320474981628242,1.8666504066875554e-05,1.8666504066875554e-05
2013-12-04,-0.00011114056131145134,1.2352224368624473e-08,1.2352224368624473e-08
2013-12-05,-0.004395228579384569,1.9318034265038896e-05,1.9318034265038896e-05
2013-12-06,0.011176319447619099,0.00012491011639522887,0.0
2013-12-09,0.0025427706540592787,6.465682599145052e-06,0.0
2013-12-10,-0.003583231154632216,1.2839545507526924e-05,1.2839545507526924e-05
2013-12-11,-0.011230872253725765,0.00012613249157950726,0.00012613249157950726
2013-12-12,-0.003301620009294237,1.0900694685772078e-05,1.0900694685772078e-05
2013-12-13,-0.00011204502041206599,1.2554086599140284e-08,1.2554086599140284e-08
2013-12-16,0.006232166074005452,3.8839893973984526e-05,0.0
2013-12-17,-0.003180834313663561,1.0117706930979536e-05,1.0117706930979536e-05
2013-12-18,0.01707264049738022,0.0002914750535527871,0.0
2013-12-19,-0.0011556503318287392,1.335527689455875e-06,1.335527689455875e-06
2013-12-20,0.005817072664318079,3.383833438195664e-05,0.0
2013-12-23,0.005342357004217924,2.8540778360516307e-05,0.0
2013-12-24,0.002191375896804848,4.802128321097252e-06,0.0
2013-12-26,0.005083875346370448,2.584578853743324e-05,0.0
2013-12-27,-5.449566160242725e-05,2.9697771334862634e-09,2.9697771334862634e-09
2013-12-30,-0.00016288124840380114,2.653030108158077e-08,2.653030108158077e-08
2013-12-31,0.0047328296989699314,2.2399676959451813e-05,0.0
2014-01-02,-0.009583823323662033,9.184966949916838e-05,9.184966949916838e-05
2014-01-03,-0.00016412120917586037,2.6935771301346516e-08,2.6935771301346516e-08
2014-01-06,-0.0028979253898261392,8.397971564998981e-06,8.397971564998981e-06
2014-01-07,0.006141739423475068,3.7720963145867855e-05,0.0
2014-01-08,0.0002181261943692281,4.757903667000227e-08,0.0
2014-01-09,0.0006538253761829704,4.2748762254080277e-07,0.0
2014-01-10,0.0027228171337387863,7.4137331437815e-06,0.0
2014-01-13,-0.013305155960164905,0.00017702717512431168,0.00017702717512431168
2014-01-14,0.010897555370950496,0.000118756713062932,0.0
2014-01-15,0.005390193244467545,2.9054183212703557e-05,0.0
2014-01-16,-0.0012997820131750437,1.6894332817733695e-06,1.6894332817733695e-06
2014-01-17,-0.004229380849240183,1.788766236791961e-05,1.788766236791961e-05
2014-01-21,0.0029406507090923295,8.64742659288522e-06,0.0
2014-01-22,0.0006517891581714341,4.2482910670982675e-07,0.0
2014-01-23,-0.008193663961674313,6.71361291168404e-05,6.71361291168404e-05
2014-01-24,-0.021335788316437343,0.0004552158630838242,0.0004552158630838242
2014-01-27,-0.004919587671846859,2.4202342860987597e-05,2.4202342860987597e-05
2014-01-28,0.005955269721230172,3.546523745260089e-05,0.0
2014-01-29,-0.009605259449073755,9.226100908402066e-05,9.226100908402066e-05
2014-01-30,0.010600652677880129,0.00011237383719704715,0.0
2014-01-31,-0.005858825784339716,3.4325839571243894e-05,3.4325839571243894e-05
2014-02-03,-0.022504885231543592,0.0005064698592849489,0.0005064698592849489
2014-02-04,0.007004409506921938,4.906175254065843e-05,0.0
2014-02-05,-0.0012539032126746008,1.5722732667556853e-06,1.5722732667556853e-06
2014-02-06,0.013186760255305963,0.00017389064603091697,0.0
2014-02-07,0.012395723368789469,0.00015365395783555332,0.0
2014-02-10,0.001836524479358781,3.3728221632840412e-06,0.0
2014-02-11,0.010943599714746677,0.00011976237471660354,0.0
2014-02-12,0.0004948035280185614,2.448305313396153e-07,0.0
2014-02-13,0.005163024420095974,2.665682116250737e-05,0.0
2014-02-14,0.005519025504897801,3.045964252371243e-05,0.0
2014-02-18,0.001195098468970146,1.428260350534787e-06,0.0
2014-02-19,-0.0066217766156022595,4.384792554693691e-05,4.384792554693691e-05
2014-02-20,0.005901225225088069,3.482445915721573e-05,0.0
2014-02-21,-0.0011410754528726752,1.3020531891485807e-06,1.3020531891485807e-06
2014-02-24,0.00554730799936709,3.0772626039842114e-05,0.0
2014-02-25,-0.0003785904213873259,1.43330707166233e-07,1.43330707166233e-07
2014-02-26,5.3697260145701975e-05,2.8833957471551936e-09,0.0
2014-02-27,0.00524778477582033,2.7539245053331632e-05,0.0
2014-02-28,0.0025295160887846,6.398451643420142e-06,0.0
2014-03-03,-0.007032261071403312,4.9452695776374456e-05,4.9452695776374456e-05
2014-03-04,0.014055592950028117,0.0001975596931768801,0.0
2014-03-05,0.0009062464638966983,8.212826533252697e-07,0.0
2014-03-06,0.00229034840641118,5.245695822750232e-06,0.0
2014-03-07,0.0004249560706917066,1.8058766201773475e-07,0.0
2014-03-10,-0.0005311195116941558,2.820879357022385e-07,2.820879357022385e-07
2014-03-11,-0.004942466677036461,2.4427976853615838e-05,2.4427976853615838e-05
2014-03-12,0.00026697031941891325,7.127315145063657e-08,0.0
2014-03-13,-0.011213280511319867,0.00012573765982554596,0.00012573765982554596
2014-03-14,-0.0028080828442410555,7.885329260120936e-06,7.885329260120936e-06
2014-03-17,0.009043806549926314,8.17904369124901e-05,0.0
2014-03-18,0.0071376928016506636,5.0946658530735696e-05,0.0
2014-03-19,-0.005328678446597124,2.8394813987228735e-05,2.8394813987228735e-05
2014-03-20,0.005839521965380845,3.410001678416537e-05,0.0
2014-03-21,-0.003878505202587812,1.5042802606500725e-05,1.5042802606500725e-05
2014-03-24,-0.004135396080109821,1.7101500739387672e-05,1.7101500739387672e-05
2014-03-25,0.004745648221367915,2.252117704097246e-05,0.0
2014-03-26,-0.007192136868092613,5.172683272937702e-05,5.172683272937702e-05
2014-03-27,-0.0021086663134144423,4.446473621328855e-06,4.446473621328855e-06
2014-03-28,0.004930042764285991,2.4305321657688656e-05,0.0
2014-03-31,0.00819469124238359,6.715296455799829e-05,0.0
2014-04-01,0.006630589085562466,4.39647116215801e-05,0.0
2014-04-02,0.0033466969458788576,1.1200380447554873e-05,0.0
2014-04-03,-0.0013236308764476012,1.751998697085445e-06,1.751998697085445e-06
2014-04-04,-0.011822300766512583,0.00013976679541388403,0.00013976679541388403
2014-04-07,-0.011051337177696574,0.00012213205341513847,0.00012213205341513847
2014-04-08,0.004122804670850577,1.6997518353987337e-05,0.0
2014-04-09,0.01075068936104695,0.00011557732173772807,0.0
2014-04-10,-0.02100568424122673,0.00044123877044212096,0.00044123877044212096
2014-04-11,-0.009008088555291671,8.114565941997679e-05,8.114565941997679e-05
2014-04-14,0.007877989357033544,6.206271630953379e-05,0.0
2014-04-15,0.006887162887198484,4.743301263480415e-05,0.0
2014-04-16,0.010478385416136549,0.00010979656092910311,0.0
2014-04-17,0.0013963781812409426,1.949872025045763e-06,0.0
2014-04-21,0.0034876368865788265,1.216361105262525e-05,0.0
2014-04-22,0.0045445964846044795,2.0653357207879392e-05,0.0
2014-04-23,-0.0023422557609561467,5.486162049732258e-06,5.486162049732258e-06
2014-04-24,0.0020274518257619167,4.110560905785329e-06,0.0
2014-04-25,-0.008198918384478948,6.722226267534689e-05,6.722226267534689e-05
2014-04-28,0.003166808321835246,1.0028674947244968e-05,0.0
2014-04-29,0.004655549162956296,2.167413800870307e-05,0.0
2014-04-30,0.0029828863797634053,8.897611154578034e-06,0.0
2014-05-01,0.00010644598657805204,1.1330748058574836e-08,0.0
2014-05-02,-0.0014340302762293478,2.0564428331424194e-06,2.0564428331424194e-06
2014-05-05,0.0019143873990234983,3.664879113539955e-06,0.0
2014-05-06,-0.008704069595138253,7.576082751701019e-05,7.576082751701019e-05
2014-05-07,0.0058897375830171406,3.4689008796804586e-05,0.0
2014-05-08,-0.001064899698325017,1.1340113674927122e-06,1.1340113674927122e-06
2014-05-09,0.0014916496096084586,2.225018557845067e-06,0.0
2014-05-12,0.009736249552697807,9.479455535240824e-05,0.0
2014-05-13,0.0008960064432634862,8.028275463696829e-07,0.0
2014-05-14,-0.004737702859678894,2.244582838660957e-05,2.244582838660957e-05
2014-05-15,-0.008780824727462555,7.710288289441785e-05,7.710288289441785e-05
2014-05-16,0.003468840371906756,1.2032853525770202e-05,0.0
2014-05-19,0.0036690383063313625,1.3461842093326914e-05,0.0
2014-05-20,-0.0063047521742906065,3.974989997922213e-05,3.974989997922213e-05
2014-05-21,0.008424213224375032,7.096736844973517e-05,0.0
2014-05-22,0.002432289638870433,5.916032887356461e-06,0.0
2014-05-23,0.004008539682960333,1.6068390389867723e-05,0.0
2014-05-27,0.006146514722437546,3.7779643233141507e-05,0.0
2014-05-28,-0.0007304794279134885,5.336001946048174e-07,5.336001946048174e-07
2014-05-29,0.005172647419814602,2.675628132971466e-05,0.0
2014-05-30,0.0016114359315317905,2.5967257614317295e-06,0.0
2014-06-02,0.001141624832553978,1.3033072583038982e-06,0.0
2014-06-03,-0.0005181077189690964,2.6843560845536014e-07,2.6843560845536014e-07
2014-06-04,0.0020227373652830227,4.0914664489121045e-06,0.0
2014-06-05,0.006522044658476833,4.253706652716619e-05,0.0
2014-06-06,0.0047828854109410734,2.287599285419296e-05,0.0
2014-06-09,0.0010234460707549964,1.047441859743841e-06,0.0
2014-06-10,0.00010258511616512145,1.0523706058611462e-08,0.0
2014-06-11,-0.0034769911286397504,1.2089467308639526e-05,1.2089467308639526e-05
2014-06-12,-0.007079350270890461,5.0117200257956845e-05,5.0117200257956845e-05
2014-06-13,0.0030483728641335084,9.292577118785529e-06,0.0
2014-06-16,0.000824202678325392,6.793100549587495e-07,0.0
2014-06-17,0.002779405319792705,7.725093931691989e-06,0.0
2014-06-18,0.0073395860473854935,5.386952334697581e-05,0.0
2014-06-19,0.0011210868370321592,1.256835696166771e-06,0.0
2014-06-20,0.002029706357758343,4.1197078987246386e-06,0.0
2014-06-23,-0.00030591551264991246,9.358430087985875e-08,9.358430087985875e-08
2014-06-24,-0.006024054489440656,3.628923249175012e-05,3.628923249175012e-05
2014-06-25,0.00451971152058217,2.0427792229283195e-05,0.0
2014-06-26,-0.0007157208499759538,5.122563350903017e-07,5.122563350903017e-07
2014-06-27,0.0019443623803356846,3.7805450660646496e-06,0.0
2014-06-30,-0.0005107114556515135,2.608261909336879e-07,2.608261909336879e-07
2014-07-01,0.006693557475958345,4.480371168395785e-05,0.0
2014-07-02,0.001014297435879996,1.028799288432735e-06,0.0
2014-07-03,0.004918459655989693,2.419124538759825e-05,0.0
2014-07-07,-0.003481302335110792,1.2119465948447852e-05,1.2119465948447852e-05
2014-07-08,-0.006429659618260586,4.1340522806690864e-05,4.1340522806690864e-05
2014-07-09,0.004483956106071441,2.0105862361175356e-05,0.0
2014-07-10,-0.003957069984604544,1.565840286305821e-05,1.565840286305821e-05
2014-07-11,0.0013751455650699018,1.8910253251314195e-06,0.0
2014-07-14,0.0050356241960543,2.5357511043887517e-05,0.0
2014-07-15,-0.0018730540962540454,3.5083316474940587e-06,3.5083316474940587e-06
2014-07-16,0.0037016655507988716,1.3702327849971113e-05,0.0
2014-07-17,-0.011366080944746892,0.0001291877960425384,0.0001291877960425384
2014-07-18,0.010219305087635355,0.00010443419647416986,0.0
2014-07-21,-0.0018711629196370705,3.501250671824726e-06,3.501250671824726e-06
2014-07-22,0.004357682712545774,1.8989398623220296e-05,0.0
2014-07-23,0.002220278854444979,4.929638191495509e-06,0.0
2014-07-24,5.0073659010108074e-05,2.5073713266605773e-09,0.0
2014-07-25,-0.004681511776772451,2.1916552516059155e-05,2.1916552516059155e-05
2014-07-28,0.00040462413560793387,1.6372069111646764e-07,0.0
2014-07-29,-0.004297074194959061,1.846484663698306e-05,1.846484663698306e-05
2014-07-30,0.00015217326831140632,2.3156703588575258e-08,0.0
2014-07-31,-0.01974815650619377,0.0003899896853931233,0.0003899896853931233
2014-08-01,-0.003055789763829142,9.337851080722963e-06,9.337851080722963e-06
2014-08-04,0.007221022601576754,5.214316741248231e-05,0.0
2014-08-05,-0.009696350790704522,9.401921865639621e-05,9.401921865639621e-05
2014-08-06,0.00031256554303116246,9.769721869036547e-08,0.0
2014-08-07,-0.005414846771233273,2.9320565555935397e-05,2.9320565555935397e-05
2014-08-08,0.011569255861875849,0.00013384768119754868,0.0
2014-08-11,0.002897549733673399,8.395794459110786e-06,0.0
2014-08-12,-0.0013931685822574646,1.9409186985892742e-06,1.9409186985892742e-06
2014-08-13,0.006769013466285001,4.5819543306747684e-05,0.0
2014-08-14,0.00472162280462296,2.2293721909135587e-05,0.0
2014-08-15,-0.00020409939497545437,4.165656302934653e-08,4.165656302934653e-08
2014-08-18,0.008379222959604915,7.021137740677015e-05,0.0
2014-08-19,0.005219405268253041,2.72421913542676e-05,0.0
2014-08-20,0.002670792993083815,7.133135211905602e-06,0.0
2014-08-21,0.002915946404826286,8.502743435819344e-06,0.0
2014-08-22,-0.0015537304497492688,2.414078310478065e-06,2.414078310478065e-06
2014-08-25,0.005070551322444938,2.5710490713548114e-05,0.0
2014-08-26,0.0006493341854407753,4.2163488438203513e-07,0.0
2014-08-27,-0.0003995387744508694,1.596312322897027e-07,1.596312322897027e-07
2014-08-28,-0.0005488049164869002,3.0118683636019353e-07,3.0118683636019353e-07
2014-08-29,0.002847445616194433,8.107946537184893e-06,0.0
2014-09-02,-0.000498175865564332,2.481791930307714e-07,2.481791930307714e-07
2014-09-03,-0.0005481921658659905,3.0051465071684564e-07,3.0051465071684564e-07
2014-09-04,-0.0014464835074725624,2.0923145373901264e-06,2.0923145373901264e-06
2014-09-05,0.004495152420024295,2.020639527925028e-05,0.0
2014-09-08,-0.002585677656330221,6.685728942445344e-06,6.685728942445344e-06
2014-09-09,-0.006331586379772158,4.008898608451631e-05,4.008898608451631e-05
2014-09-10,0.00376331250146289,1.4162520983666873e-05,0.0
2014-09-11,0.001149618806924213,1.321623401233851e-06,0.0
2014-09-12,-0.005841463039688799,3.4122690444050304e-05,3.4122690444050304e-05
2014-09-15,-0.0007531929872175436,5.672996759936868e-07,5.672996759936868e-07
2014-09-16,0.007538638794620578,5.6831074875758404e-05,0.0
2014-09-17,0.001346654856092977,1.8134793014387966e-06,0.0
2014-09-18,0.005330013814698331,2.8409047264875057e-05,0.0
2014-09-19,-0.000901086667061235,8.119571815555249e-07,8.119571815555249e-07
2014-09-22,-0.0077227388309552,5.964069505114329e-05,5.964069505114329e-05
2014-09-23,-0.005724462299274258,3.2769468615812324e-05,3.2769468615812324e-05
2014-09-24,0.007827746610837627,6.127361700347996e-05,0.0
2014-09-25,-0.016135465194584198,0.00026035323704563806,0.00026035323704563806
2014-09-26,0.007945414336541612,6.312960897932099e-05,0.0
2014-09-29,-0.0018189014638594347,3.308402535229995e-06,3.308402535229995e-06
2014-09-30,-0.002632288134844174,6.92894082484142e-06,6.92894082484142e-06
2014-10-01,-0.013551984281870433,0.00018365627797606326,0.00018365627797606326
2014-10-02,0.00015425615084452282,2.379496007336818e-08,0.0
2014-10-03,0.011009170805171165,0.00012120184181743311,0.0
2014-10-06,-0.001170233700802381,1.3694469144936367e-06,1.3694469144936367e-06
2014-10-07,-0.015436680398317248,0.00023829110171979197,0.00023829110171979197
2014-10-08,0.01748976325370677,0.0003058918186707116,0.0
2014-10-09,-0.019833182196025034,0.0003933551160207244,0.0003933551160207244
2014-10-10,-0.011414417934169752,0.00013028893677589605,0.00013028893677589605
2014-10-13,-0.016427086106576172,0.0002698491579528679,0.0002698491579528679
2014-10-14,0.0015473530470524466,2.394301452222491e-06,0.0
2014-10-15,-0.0067660884108025066,4.577995238279599e-05,4.577995238279599e-05
2014-10-16,-0.000857948925187535,7.360763582304465e-07,7.360763582304465e-07
2014-10-17,0.011810691877647717,0.00013949244262873375,0.0
2014-10-20,0.009709599986438722,9.427633189665082e-05,0.0
2014-10-21,0.019810884742180956,0.0003924711542679782,0.0
2014-10-22,-0.007110712354729931,5.056223019170888e-05,5.056223019170888e-05
2014-10-23,0.01162473035295064,0.00013513435577881193,0.0
2014-10-24,0.007695006583550157,5.921312632088026e-05,0.0
2014-10-27,-0.0013743615658379227,1.8888697136524667e-06,1.8888697136524667e-06
2014-10-28,0.011470321928064742,0.00013156828513344286,0.0
2014-10-29,-0.0015120265134050959,2.2862241772399705e-06,2.2862241772399705e-06
2014-10-30,0.006410458354663806,4.1093976316878994e-05,0.0
2014-10-31,0.011435533609324589,0.00013077142892999226,0.0
2014-11-03,0.0005456558965331038,2.9774035742134525e-07,0.0
2014-11-04,-0.003469616756898386,1.2038240439750074e-05,1.2038240439750074e-05
2014-11-05,0.006316459080338399,3.989765531358941e-05,0.0
2014-11-06,0.00400320601648585,1.6025658410428503e-05,0.0
2014-11-07,0.0009350018291327533,8.742284204815945e-07,0.0
2014-11-10,0.0031474993886511093,9.906752401559106e-06,0.0
2014-11-11,0.000980461881596284,9.613055012633256e-07,0.0
2014-11-12,-0.0010774789612316704,1.1609609118968795e-06,1.1609609118968795e-06
2014-11-13,0.001127910414133071,1.2721819023098356e-06,0.0
2014-11-14,0.0002447041340534195,5.988011322283391e-08,0.0
2014-11-17,0.0006363479358071356,4.049386954060023e-07,0.0
2014-11-18,0.005774113901190647,3.334039134392308e-05,0.0
2014-11-19,-0.0016058074382951926,2.578617528884169e-06,2.578617528884169e-06
2014-11-20,0.0017543853297434797,3.077867885219138e-06,0.0
2014-11-21,0.005350525949526785,2.8628127936559507e-05,0.0
2014-11-24,0.0028064382625372364,7.876095721433022e-06,0.0
2014-11-25,-0.0007235075517052492,5.234631773745238e-07,5.234631773745238e-07
2014-11-26,0.0025589976169653195,6.548468803634184e-06,0.0
2014-11-28,-0.0021193168877468027,4.491504070688794e-06,4.491504070688794e-06
2014-12-01,-0.006949853746031631,4.83004670912299e-05,4.83004670912299e-05
2014-12-02,0.0064638895855033685,4.178186857357891e-05,0.0
2014-12-03,0.0038632202435575635,1.492447065023296e-05,0.0
2014-12-04,-0.0011064987142670457,1.2243394046746252e-06,1.2243394046746252e-06
2014-12-05,0.001637256750553373,2.68060966723259e-06,0.0
2014-12-08,-0.006682544530352774,4.465640140014778e-05,4.465640140014778e-05
2014-12-09,-0.0006775958858413755,4.5913618450915843e-07,4.5913618450915843e-07
2014-12-10,-0.016031326030451543,0.0002570034142946332,0.0002570034142946332
2014-12-11,0.005070028436337859,2.5705188345274515e-05,0.0
2014-12-12,-0.01616166192131685,0.00026119931605894306,0.00026119931605894306
2014-12-15,-0.006869403480507574,4.718870417800957e-05,4.718870417800957e-05
2014-12-16,-0.00801952534747985,6.431278679887181e-05,6.431278679887181e-05
2014-12-17,0.0196047348920525,0.00038434563018766076,0.0
2014-12-18,0.024728689427510497,0.0006115080808022695,0.0
2014-12-19,0.004255184979277793,1.8106599207871353e-05,0.0
2014-12-22,0.004599688130357382,2.115713089655059e-05,0.0
2014-12-23,0.0013493787871421414,1.8208231111891965e-06,0.0
2014-12-24,9.647661189071677e-05,9.307736641911993e-09,0.0
2014-12-26,0.0032247641974534336,1.0399104129177487e-05,0.0
2014-12-29,0.0013430992438232536,1.8039155787585957e-06,0.0
2014-12-30,-0.005365545012509743,2.8789073281268174e-05,2.8789073281268174e-05
2014-12-31,-0.009922820823917822,9.846237310357716e-05,9.846237310357716e-05
2015-01-02,-0.0005355624137822756,2.8682709905629746e-07,2.8682709905629746e-07
2015-01-05,-0.01805953638371527,0.00032614685439473555,0.00032614685439473555
2015-01-06,-0.00941910440347593,8.871952776357967e-05,8.871952776357967e-05
2015-01-07,0.01246106466199004,0.00015527813251029694,0.0
2015-01-08,0.017745086544961985,0.0003148880964881909,0.0
2015-01-09,-0.008013203537307723,6.4211430930321e-05,6.4211430930321e-05
2015-01-12,-0.007833558896127912,6.136464497910476e-05,6.136464497910476e-05
2015-01-13,-0.002813173245930334,7.91394371161821e-06,7.91394371161821e-06
2015-01-14,-0.0060368507601894494,3.644356710079993e-05,3.644356710079993e-05
2015-01-15,-0.009160718289633829,8.391875958203175e-05,8.391875958203175e-05
2015-01-16,0.013113919336842361,0.00017197488037320799,0.0
2015-01-20,0.0021328540885934277,4.549066563229701e-06,0.0
2015-01-21,0.005047616470376548,2.5478432032016603e-05,0.0
2015-01-22,0.014871499777503683,0.00022116150563229208,0.0
2015-01-23,-0.0054830480742332766,3.0063816184353244e-05,3.0063816184353244e-05
2015-01-26,0.002341975884660119,5.484851044329547e-06,0.0
2015-01-27,-0.013190555978400909,0.00017399076701932794,0.00017399076701932794
2015-01-28,-0.012824095541129066,0.0001644574264480064,0.0001644574264480064
2015-01-29,0.00924360766152077,8.544428260012547e-05,0.0
2015-01-30,-0.012575214144365465,0.00015813601077664926,0.00015813601077664926
2015-02-02,0.01238433878922951,0.00015337184724641465,0.0
2015-02-03,0.014460888715187803,0.00020911730243304596,0.0
2015-02-04,-0.003807381607422222,1.4496154704537024e-05,1.4496154704537024e-05
2015-02-05,0.010094686970647082,0.00010190270503535196,0.0
2015-02-06,-0.002765456042136516,7.647747120989363e-06,7.647747120989363e-06
2015-02-09,-0.004475536340905695,2.0030425538767536e-05,2.0030425538767536e-05
2015-02-10,0.010653262267049657,0.00011349199693054399,0.0
2015-02-11,0.0005799720027068744,3.363675239238228e-07,0.0
2015-02-12,0.009616973465391254,9.248617863403947e-05,0.0
2015-02-13,0.004116153115732102,1.694271647215109e-05,0.0
2015-02-17,0.001573333758360329,2.4753791151962383e-06,0.0
2015-02-18,9.556877399763408e-05,9.13339056341086e-09,0.0
2015-02-19,-0.0007143676602261451,5.10321153976977e-07,5.10321153976977e-07
2015-02-20,0.006000544208399017,3.600653079695098e-05,0.0
2015-02-23,-0.00014175556705420256,2.0094640790858516e-08,2.0094640790858516e-08
2015-02-24,0.0028403236928213893,8.067438680002533e-06,0.0
2015-02-25,-0.0008494656956710145,7.215919681218406e-07,7.215919681218406e-07
2015-02-26,-0.0011815342330253609,1.3960231438108278e-06,1.3960231438108278e-06
2015-02-27,-0.0034059105521353494,1.1600226689146921e-05,1.1600226689146921e-05
2015-03-02,0.006313519497303632,3.986052844283311e-05,0.0
2015-03-03,-0.004104209038514162,1.684453183182134e-05,1.684453183182134e-05
2015-03-04,-0.004215359585239997,1.776925643287472e-05,1.776925643287472e-05
2015-03-05,0.0010942396668689458,1.1973604485494614e-06,0.0
2015-03-06,-0.014064916240365322,0.00019782186884849216,0.00019782186884849216
2015-03-09,0.00414458941679019,1.7177621433769245e-05,0.0
2015-03-10,-0.01622161430276703,0.00026314077058773585,0.00026314077058773585
2015-03-11,-0.0023418608574530264,5.484312275670624e-06,5.484312275670624e-06
2015-03-12,0.012713997917674913,0.000161645743050642,0.0
2015-03-13,-0.006132244694661559,3.760442499520484e-05,3.760442499520484e-05
2015-03-16,0.013360596364293098,0.00017850553520956194,0.0
2015-03-17,-0.0029724072362643517,8.835204778196681e-06,8.835204778196681e-06
2015-03-18,0.01202163191998884,0.00014451963401969456,0.0
2015-03-19,-0.004561940805890785,2.0811303916451465e-05,2.0811303916451465e-05
2015-03-20,0.008826835484469386,7.79130246698879e-05,0.0
2015-03-23,-0.001948153711591627,3.795302883988232e-06,3.795302883988232e-06
2015-03-24,-0.005619329526745376,3.157686433015241e-05,3.157686433015241e-05
2015-03-25,-0.014653664750444606,0.00021472989061842277,0.00021472989061842277
2015-03-26,-0.0023816063410112553,5.67204876354502e-06,5.67204876354502e-06
2015-03-27,0.00228972528224225,5.24284186813935e-06,0.0
2015-03-30,0.012199970716423314,0.0001488392854815864,0.0
2015-03-31,-0.008739503486555278,7.637892119151186e-05,7.637892119151186e-05
2015-04-01,-0.0035363152510923257,1.250552555510818e-05,1.250552555510818e-05
2015-04-02,0.0035975911990575593,1.2942662435536408e-05,0.0
2015-04-06,0.006733140179041364,4.5335176670621165e-05,0.0
2015-04-07,-0.002646271893575025,7.0027549347251495e-06,7.0027549347251495e-06
2015-04-08,0.0033768379966852002,1.1403034855856917e-05,0.0
2015-04-09,0.004423660922282968,1.95687759553334e-05,0.0
2015-04-10,0.005456913143479625,2.977790105548068e-05,0.0
2015-04-13,-0.004522820345135292,2.0455903874369723e-05,2.0455903874369723e-05
2015-04-14,0.0019129558893429266,3.6594002345717873e-06,0.0
2015-04-15,0.004487464517145767,2.0137337792642294e-05,0.0
2015-04-16,-0.00028543506824130205,8.147317818191675e-08,8.147317818191675e-08
2015-04-17,-0.011503450152094863,0.00013232936540173132,0.00013232936540173132
2015-04-20,0.009136817368628813,8.348143162767716e-05,0.0
2015-04-21,-0.001191168735291126,1.4188829559350606e-06,1.4188829559350606e-06
2015-04-22,0.004914078643157627,2.41481689111379e-05,0.0
2015-04-23,0.002515922387876124,6.329865461816297e-06,0.0
2015-04-24,0.002320701913477441,5.385657371217856e-06,0.0
2015-04-27,-0.004157877161757639,1.7287942492265763e-05,1.7287942492265763e-05
2015-04-28,0.0031786983409165526,1.0104123142545643e-05,0.0
2015-04-29,-0.004114604244410902,1.692996808812421e-05,1.692996808812421e-05
2015-04-30,-0.010020445789835408,0.00010040933382703015,0.00010040933382703015
2015-05-01,0.010841497238037956,0.00011753806236238462,0.0
2015-05-04,0.00284763055720183,8.108999790309606e-06,0.0
2015-05-05,-0.011451907324045996,0.00013114618135853833,0.00013114618135853833
2015-05-06,-0.004116916774085322,1.6949003724745094e-05,1.6949003724745094e-05
2015-05-07,0.003989313505339709,1.5914622243885795e-05,0.0
2015-05-08,0.013166275583652798,0.00017335081274469182,0.0
2015-05-11,-0.004772621328241411,2.277791434278481e-05,2.277791434278481e-05
2015-05-12,-0.0029914514241484724,8.948781623039924e-06,8.948781623039924e-06
2015-05-13,0.00019084390667556406,3.64213967151914e-08,0.0
2015-05-14,0.010427598801984628,0.00010873481677515125,0.0
2015-05-15,0.0010835456789943798,1.1740712384673915e-06,0.0
2015-05-18,0.003106703630498364,9.651607447751716e-06,0.0
2015-05-19,-0.00032846138623998655,1.0788688225069363e-07,1.0788688225069363e-07
2015-05-20,-0.0007037564381152661,4.952731241886864e-07,4.952731241886864e-07
2015-05-21,0.0029121237354974294,8.480464650847502e-06,0.0
2015-05-22,-0.002388727473510044,5.706018942701677e-06,5.706018942701677e-06
2015-05-26,-0.010751742085290505,0.00011559995786860703,0.00011559995786860703
2015-05-27,0.009492392286577056,9.010551132226759e-05,0.0
2015-05-28,-0.0011286908120382577,1.2739429491795816e-06,1.2739429491795816e-06
2015-05-29,-0.006212996290518524,3.860132290599694e-05,3.860132290599694e-05
2015-06-01,0.002036795054553009,4.148534094251595e-06,0.0
2015-06-02,-0.0009925100176753077,9.850761351858395e-07,9.850761351858395e-07
2015-06-03,0.0026496709055137124,7.020755907525857e-06,0.0
2015-06-04,-0.008446785615106922,7.134818722757723e-05,7.134818722757723e-05
2015-06-05,-0.0017130430201088842,2.934516388743767e-06,2.934516388743767e-06
2015-06-08,-0.0061496754467029735,3.7818508099781415e-05,3.7818508099781415e-05
2015-06-09,-0.00014369960589788455,2.0649576735207337e-08,2.0649576735207337e-08
2015-06-10,0.011993010025392437,0.0001438322894691635,0.0
2015-06-11,0.0032234992616682057,1.0390947489975467e-05,0.0
2015-06-12,-0.007654794133424625,5.8595873225112055e-05,5.8595873225112055e-05
2015-06-15,-0.004285448320927809,1.836506731134298e-05,1.836506731134298e-05
2015-06-16,0.005451696751346935,2.9720997468646725e-05,0.0
2015-06-17,0.0016171592421638792,2.615204014516052e-06,0.0
2015-06-18,0.010399025192908695,0.00010813972496274972,0.0
2015-06-19,-0.004439168712698116,1.970621885979785e-05,1.970621885979785e-05
2015-06-22,0.005123540208626043,2.6250664269407795e-05,0.0
2015-06-23,0.0007073132685198047,5.002920598241693e-07,0.0
2015-06-24,-0.007262336499248234,5.27415314283131e-05,5.27415314283131e-05
2015-06-25,-0.003040342948667507,9.243685245512232e-06,9.243685245512232e-06
2015-06-26,-0.00019090070773664092,3.644308021435039e-08,3.644308021435039e-08
2015-06-29,-0.02097020324907184,0.00043974942430738314,0.00043974942430738314
2015-06-30,0.0020929978122061765,4.380639841899841e-06,0.0
2015-07-01,0.008015676966715679,6.425107723473627e-05,0.0
2015-07-02,-0.0009154380930028738,8.380269021207382e-07,8.380269021207382e-07
2015-07-06,-0.0028463820614190727,8.10189083956829e-06,8.10189083956829e-06
2015-07-07,0.0062888220753740676,3.954928309571219e-05,0.0
2015-07-08,-0.01677700449747599,0.00028146787990832956,0.00028146787990832956
2015-07-09,0.0018090525645335642,3.2726711812454655e-06,0.0
2015-07-10,0.01259155317050853,0.0001585472112457434,0.0
2015-07-13,0.011037033776553518,0.0001218161145847832,0.0
2015-07-14,0.004338071924991693,1.8818868026401136e-05,0.0
2015-07-15,-0.00033245027405648386,1.1052318472023122e-07,1.1052318472023122e-07
2015-07-16,0.008024474808929538,6.439219595914475e-05,0.0
2015-07-17,0.0008478439505061885,7.188393644099403e-07,0.0
2015-07-20,0.0005174917464458861,2.677977076396133e-07,0.0
2015-07-21,-0.003951065160506917,1.561091590257155e-05,1.561091590257155e-05
2015-07-22,-0.0017948203796728235,3.2213801952888984e-06,3.2213801952888984e-06
2015-07-23,-0.005630003271223982,3.169693683399274e-05,3.169693683399274e-05
2015-07-24,-0.010371753401115846,0.00010757326861355812,0.00010757326861355812
2015-07-27,-0.0058169507405195775,3.383691591763126e-05,3.383691591763126e-05
2015-07-28,0.012282821653089693,0.000150867707761609,0.0
2015-07-29,0.00687898494579442,4.732043388446625e-05,0.0
2015-07-30,0.0002372266228012343,5.62764705656791e-08,0.0
2015-07-31,-0.0015177340403533801,2.3035166172473955e-06,2.3035166172473955e-06
2015-08-03,-0.0033733382729088657,1.137941110347177e-05,1.137941110347177e-05
2015-08-04,-0.0019542236564963344,3.8189900996099035e-06,3.8189900996099035e-06
2015-08-05,0.0032953211771236113,1.0859141660399344e-05,0.0
2015-08-06,-0.00818745996201653,6.703450062962372e-05,6.703450062962372e-05
2015-08-07,-0.0019197683523441977,3.6855105266623556e-06,3.6855105266623556e-06
2015-08-10,0.012598999272244393,0.00015873478266201476,0.0
2015-08-11,-0.009023000768763723,8.141454287311073e-05,8.141454287311073e-05
2015-08-12,0.001197894589310744,1.434951447099956e-06,0.0
2015-08-13,-0.0012444669794449137,1.5486980629287473e-06,1.5486980629287473e-06
2015-08-14,0.0036424482044443707,1.326742892206002e-05,0.0
2015-08-17,0.0055869046429888325,3.1213503489850175e-05,0.0
2015-08-18,-0.002896777322193067,8.391318854372037e-06,8.391318854372037e-06
2015-08-19,-0.007905346419775805,6.249450201666214e-05,6.249450201666214e-05
2015-08-20,-0.02088126489780673,0.0004360272237323754,0.0004360272237323754
2015-08-21,-0.030102649955593863,0.0009061695343490152,0.0009061695343490152
2015-08-24,-0.04210705594846553,0.0017730041606472066,0.0017730041606472066
2015-08-25,-0.011768046377203523,0.00013848691553601294,0.00013848691553601294
2015-08-26,0.03839421068967752,0.0014741154144833476,0.0
2015-08-27,0.02473534715451131,0.0006118373988541908,0.0
2015-08-28,4.9962991567120696e-05,2.4963005263361737e-09,0.0
2015-08-31,-0.008079181507489985,6.527317383096816e-05,6.527317383096816e-05
2015-09-01,-0.02984760521421337,0.0008908795370235371,0.0008908795370235371
2015-09-02,0.018981302141892087,0.0003602898310017971,0.0
2015-09-03,0.0007164833312260921,5.13348363924838e-07,0.0
2015-09-04,-0.015137110661874842,0.000229132119189845,0.000229132119189845
2015-09-08,0.025130895823773036,0.000631561924905333,0.0
2015-09-09,-0.013371659113028511,0.00017880126743503844,0.00017880126743503844
2015-09-10,0.005441936547696313,2.9614673389152868e-05,0.0
2015-09-11,0.004544167517818165,2.0649458429993705e-05,0.0
2015-09-14,-0.0037105744487953007,1.376836274005255e-05,1.376836274005255e-05
2015-09-15,0.012499241358253421,0.00015623103453187283,0.0
2015-09-16,0.00866716784417565,7.511979843911238e-05,0.0
2015-09-17,-0.0022478051078185235,5.052627802735044e-06,5.052627802735044e-06
2015-09-18,-0.016341777087278242,0.00026705367837029213,0.00026705367837029213
2015-09-21,0.005167559800999699,2.6703674296908052e-05,0.0
2015-09-22,-0.012979680782612024,0.0001684721132185079,0.0001684721132185079
2015-09-23,-0.0015989262997226916,2.5565653119448986e-06,2.5565653119448986e-06
2015-09-24,-0.003615642001221997,1.3072867081000607e-05,1.3072867081000607e-05
2015-09-25,-0.00025927820986093586,6.72251901086915e-08,6.72251901086915e-08
2015-09-28,-0.02509731355120115,0.0006298751474873049,0.0006298751474873049
2015-09-29,0.0005854030972423097,3.4269678626088907e-07,0.0
2015-09-30,0.018658255214757835,0.0003481304876590379,0.0
2015-10-01,0.0026089199618624104,6.806463367404161e-06,0.0
2015-10-02,0.014938160648884757,0.00022314864357188908,0.0
2015-10-05,0.017794820403358003,0.00031665563318776627,0.0
2015-10-06,-0.0034261944435983738,1.173880836534437e-05,1.173880836534437e-05
2015-10-07,0.008190547763420764,6.708507266487687e-05,0.0
2015-10-08,0.00902664477669779,8.148031592468549e-05,0.0
2015-10-09,0.0005962239811438952,3.5548303569107587e-07,0.0
2015-10-12,0.0009438582069407619,8.908683148094303e-07,0.0
2015-10-13,-0.006302175178316438,3.971741197818783e-05,3.971741197818783e-05
2015-10-14,-0.004793931674971996,2.298178090429981e-05,2.298178090429981e-05
2015-10-15,0.015354527167683818,0.00023576150454314044,0.0
2015-10-16,0.004546497881153355,2.067064298333195e-05,0.0
2015-10-19,0.0004920121694413915,2.4207597487842453e-07,0.0
2015-10-20,-0.0012787099845825711,1.6350992246711592e-06,1.6350992246711592e-06
2015-10-21,-0.0062034492551164,3.848278266080422e-05,3.848278266080422e-05
2015-10-22,0.01689381506021137,0.0002854009872886245,0.0
2015-10-23,0.01096148401193009,0.00012015413174379896,0.0
2015-10-26,-0.0024577020104530334,6.040299172184882e-06,6.040299172184882e-06
2015-10-27,-0.0019321464504912234,3.7331899061458334e-06,3.7331899061458334e-06
2015-10-28,0.011374646235996932,0.00012938257699407919,0.0
2015-10-29,-0.0005740513622609633,3.2953496651366775e-07,3.2953496651366775e-07
2015-10-30,-0.0043098634258135204,1.8574922749165054e-05,1.8574922749165054e-05
2015-11-02,0.011830420626281146,0.0001399588521947384,0.0
2015-11-03,0.0028995939651128566,8.407645162518897e-06,0.0
2015-11-04,-0.0030332428819707102,9.20056238102598e-06,9.20056238102598e-06
2015-11-05,-0.0009982027503588897,9.96408730824052e-07,9.96408730824052e-07
2015-11-06,-0.0005234689443082141,2.7401973565515617e-07,2.7401973565515617e-07
2015-11-09,-0.009331156993773515,8.707049084244838e-05,8.707049084244838e-05
2015-11-10,0.0023065930358232567,5.320371432908348e-06,0.0
2015-11-11,-0.00393150357859795,1.545672038852849e-05,1.545672038852849e-05
2015-11-12,-0.013960018825806109,0.00019488212561686097,0.00019488212561686097
2015-11-13,-0.011228124254483385,0.00012607077427411806,0.00012607077427411806
2015-11-16,0.015206847373736565,0.00023124820704811867,0.0
2015-11-17,-0.0007296277570233434,5.32356663818915e-07,5.32356663818915e-07
2015-11-18,0.015866104159522276,0.0002517332612008101,0.0
2015-11-19,-0.000862333506218782,7.436190759475782e-07,7.436190759475782e-07
2015-11-20,0.0036439412220119483,1.327830762947793e-05,0.0
2015-11-23,-0.0011464762599822098,1.3144078147027956e-06,1.3144078147027956e-06
2015-11-24,0.0013395553306803087,1.7944084839540313e-06,0.0
2015-11-25,-0.0001435864806762499,2.0617077432991086e-08,2.0617077432991086e-08
2015-11-27,0.0011468562222407552,1.3152791944923365e-06,0.0
2015-11-30,-0.004151755138715796,1.7237070731853017e-05,1.7237070731853017e-05
2015-12-01,0.009535471200819767,9.092521102166317e-05,0.0
2015-12-02,-0.010204694512070844,0.00010413579008468881,0.00010413579008468881
2015-12-03,-0.014002739307650391,0.00019607670811801737,0.00019607670811801737
2015-12-04,0.01950272747027726,0.0003803563787799072,0.0
2015-12-07,-0.006058737836924233,3.670830417657733e-05,3.670830417657733e-05
2015-12-08,-0.006719087709222693,4.5146139644227454e-05,4.5146139644227454e-05
2015-12-09,-0.0077798051815514135,6.052536866289422e-05,6.052536866289422e-05
2015-12-10,0.0025810310664493574,6.661721365976707e-06,0.0
2015-12-11,-0.01938117086872393,0.00037562978424267307,0.00037562978424267307
2015-12-14,0.005052122048186503,2.552393718977218e-05,0.0
2015-12-15,0.010498354635019025,0.00011021545004262544,0.0
2015-12-16,0.014631792875711369,0.00021408936275771798,0.0
2015-12-17,-0.015238326961056092,0.000232206608572049,0.000232206608572049
2015-12-18,-0.017814931719115856,0.0003173717921567602,0.0003173717921567602
2015-12-21,0.008248940819928219,6.804502465067804e-05,0.0
2015-12-22,0.009074527763233808,8.234705412570118e-05,0.0
2015-12-23,0.012383143698008858,0.0001533422478455365,0.0
2015-12-24,-0.0016505691951147483,2.724378667861748e-06,2.724378667861748e-06
2015-12-28,-0.002284944533380684,5.220971520626271e-06,5.220971520626271e-06
2015-12-29,0.010672442178002228,0.00011390102204280094,0.0
2015-12-30,-0.007087884708861791,5.02381096461168e-05,5.02381096461168e-05
2015-12-31,-0.01000345410392367,0.00010006909400930732,0.00010006909400930732
2016-01-04,-0.013979550518365969,0.00019542783269554622,0.00019542783269554622
2016-01-05,0.0016916238508517534,2.8615912527705153e-06,0.0
2016-01-06,-0.012614158965584266,0.0001591170064090299,0.0001591170064090299
2016-01-07,-0.02399212012081997,0.0005756218278918545,0.0005756218278918545
2016-01-08,-0.01097637731234058,0.00012048085890286501,0.00012048085890286501
2016-01-11,0.0009898426078580602,9.797883883312455e-07,0.0
2016-01-12,0.00806862352911697,6.510268565461998e-05,0.0
2016-01-13,-0.02494045707582282,0.0006220263991509606,0.0006220263991509606
2016-01-14,0.016416682282204054,0.0002695074571548325,0.0
2016-01-15,-0.021466184344782202,0.0004607970703241725,0.0004607970703241725
2016-01-19,0.0013315502234010346,1.7730259974393452e-06,0.0
2016-01-20,-0.012815621738589855,0.00016424016054661687,0.00016424016054661687
2016-01-21,0.005602165251542113,3.13842555055859e-05,0.0
2016-01-22,0.020515093583972632,0.00042086906475915505,0.0
2016-01-25,-0.015116438691265888,0.00022850671870680036,0.00022850671870680036
2016-01-26,0.013643369099221703,0.0001861415203775976,0.0
2016-01-27,-0.010883576411799822,0.0001184522355114855,0.0001184522355114855
2016-01-28,0.0052091019833357954,2.7134743472792917e-05,0.0
2016-01-29,0.02437739335715894,0.0005942573068896568,0.0
2016-02-01,-0.0003611084094160555,1.3039928335099356e-07,1.3039928335099356e-07
2016-02-02,-0.018022594392227087,0.00032481390862673524,0.00032481390862673524
2016-02-03,0.005995452513372079,3.594545084009958e-05,0.0
2016-02-04,0.0015681983194211213,2.4592459690352293e-06,0.0
2016-02-05,-0.01905058072295096,0.00036292462588167075,0.00036292462588167075
2016-02-08,-0.013460917520282223,0.0001811963004878409,0.0001811963004878409
2016-02-09,5.358933351651274e-05,2.8718166667440355e-09,0.0
2016-02-10,-0.0008624589743903011,7.4383548250637e-07,7.4383548250637e-07
2016-02-11,-0.013008132146327678,0.0001692115019363235,0.0001692115019363235
2016-02-12,0.02061686997321832,0.00042505532749259123,0.0
2016-02-16,0.016878358954903305,0.0002848790010105646,0.0
2016-02-17,0.01633479627854517,0.0002668255694615732,0.0
2016-02-18,-0.004095621299820662,1.677411383154469e-05,1.677411383154469e-05
2016-02-19,-0.00046866603832373954,2.196478554780689e-07,2.196478554780689e-07
2016-02-22,0.014479276124805152,0.00020964943709835248,0.0
2016-02-23,-0.012629573790447157,0.00015950613412834977,0.00015950613412834977
2016-02-24,0.004575557494022275,2.0935726381103404e-05,0.0
2016-02-25,0.01211193705180258,0.00014669901914682817,0.0
2016-02-26,-0.002301337798957359,5.296155664909903e-06,5.296155664909903e-06
2016-02-29,-0.007842578426480062,6.150603637549049e-05,6.150603637549049e-05
2016-03-01,0.023506966642756755,0.0005525774807436788,0.0
2016-03-02,0.004492262265307634,2.0180420260306874e-05,0.0
2016-03-03,0.003919460337951763,1.5362169340776952e-05,0.0
2016-03-04,0.0032538577048779604,1.0587589963593668e-05,0.0
2016-03-07,0.0007980934614582047,6.369531732223389e-07,0.0
2016-03-08,-0.010917888545321275,0.0001192002902880575,0.0001192002902880575
2016-03-09,0.004939640452706007,2.4400047802009604e-05,0.0
2016-03-10,0.0008025689468544872,6.441169144551207e-07,0.0
2016-03-11,0.01613710356465381,0.00026040611145636267,0.0
2016-03-14,-0.0012821995989511503,1.6440358115504908e-06,1.6440358115504908e-06
2016-03-15,-0.0016296546558625113,2.6557742973743605e-06,2.6557742973743605e-06
2016-03-16,0.005787362913267868,3.349356948986835e-05,0.0
2016-03-17,0.006344110446660167,4.024773735942267e-05,0.0
2016-03-18,0.003929525225045305,1.5441168494267353e-05,0.0
2016-03-21,0.001418719895813103,2.012766142775942e-06,0.0
2016-03-22,-0.0005373697177559755,2.887662135611368e-07,2.887662135611368e-07
2016-03-23,-0.006599522128156399,4.355369232002596e-05,4.355369232002596e-05
2016-03-24,-0.000442873288883594,1.961367500065713e-07,1.961367500065713e-07
2016-03-28,0.000590670700685525,3.48891876648329e-07,0.0
2016-03-29,0.009250061574936241,8.556363914011194e-05,0.0
2016-03-30,0.004387670559697909,1.9251652940439766e-05,0.0
2016-03-31,-0.0024267907348790585,5.889313270894841e-06,5.889313270894841e-06
2016-04-01,0.006812087457842342,4.640453553329294e-05,0.0
2016-04-04,-0.0032382384337966696,1.0486188154117908e-05,1.0486188154117908e-05
2016-04-05,-0.009987671793655784,9.975358785778733e-05,9.975358785778733e-05
2016-04-06,0.010921249190904314,0.00011927368388982813,0.0
2016-04-07,-0.011965981211069954,0.00014318470634367916,0.00014318470634367916
2016-04-08,0.0026967751971904708,7.2725964641817025e-06,0.0
2016-04-11,-0.0023471793168570176,5.509250745481376e-06,5.509250745481376e-06
2016-04-12,0.009312751144511688,8.672733387960376e-05,0.0
2016-04-13,0.010101176156201541,0.00010203375973861454,0.0
2016-04-14,4.778636585722751e-05,2.283536761840799e-09,0.0
2016-04-15,-0.0011057859944854087,1.2227626656000843e-06,1.2227626656000843e-06
2016-04-18,0.007026836372397094,4.937642940444275e-05,0.0
2016-04-19,0.0031538843232095104,9.946986324186712e-06,0.0
2016-04-20,0.0009529959149596756,9.082012139298293e-07,0.0
2016-04-21,-0.005378370576974767,2.8926870063267886e-05,2.8926870063267886e-05
2016-04-22,0.0,0.0,0.0
2016-04-25,-0.001722664611969238,2.967573365331125e-06,2.967573365331125e-06
2016-04-26,0.001486281951630808,2.209034039743483e-06,0.0
2016-04-27,0.002058004030853988,4.2353805910112636e-06,0.0
2016-04-28,-0.009075652253641708,8.236746382903182e-05,8.236746382903182e-05
2016-04-29,-0.005398813370350197,2.9147185807872056e-05,2.9147185807872056e-05
2016-05-02,0.007948394690970195,6.317697816344318e-05,0.0
2016-05-03,-0.008703050041628635,7.574308002709218e-05,7.574308002709218e-05
2016-05-04,-0.005578543038629813,3.112014243384515e-05,3.112014243384515e-05
2016-05-05,-0.00019481165103663045,3.7951579379617876e-08,3.7951579379617876e-08
2016-05-06,0.003659008614320669,1.3388344039672862e-05,0.0
2016-05-09,0.0008262734655317683,6.827278398418782e-07,0.0
2016-05-10,0.012433719842413593,0.0001545973891196295,0.0
2016-05-11,-0.009354636100569746,8.750921657408276e-05,8.750921657408276e-05
2016-05-12,0.0002904577268469932,8.436569108512253e-08,0.0
2016-05-13,-0.00871407827981796,7.593516026679515e-05,7.593516026679515e-05
2016-05-16,0.009865475663049406,9.732761005822011e-05,0.0
2016-05-17,-0.009333523400511967,8.711465906790448e-05,8.711465906790448e-05
2016-05-18,0.00029244556926055765,8.552441098013163e-08,0.0
2016-05-19,-0.003464734846464368,1.2004387556304468e-05,1.2004387556304468e-05
2016-05-20,0.00631725141364381,3.990766542318471e-05,0.0
2016-05-23,-0.0013623360992778277,1.8559596473955273e-06,1.8559596473955273e-06
2016-05-24,0.012961998401610053,0.00016801340256334158,0.0
2016-05-25,0.006783066354856038,4.600998917437997e-05,0.0
2016-05-26,0.0002868575367731552,8.228724640356208e-08,0.0
2016-05-27,0.004299392697019178,1.848477756318184e-05,0.0
2016-05-31,-0.0019030796316350518,3.6217120843442043e-06,3.6217120843442043e-06
2016-06-01,0.002049754273188986,4.201492580456509e-06,0.0
2016-06-02,0.0030434651177706495,9.262679923086714e-06,0.0
2016-06-03,-0.002986932745520199,8.921767226260833e-06,8.921767226260833e-06
2016-06-06,0.005088185655923283,2.588963326914345e-05,0.0
2016-06-07,0.001561412003098006,2.4380074434185277e-06,0.0
2016-06-08,0.0032598432430686053,1.0626577969380043e-05,0.0
2016-06-09,-0.0013657673979756701,1.8653205853732326e-06,1.8653205853732326e-06
2016-06-10,-0.009477505252592278,8.982310581291421e-05,8.982310581291421e-05
2016-06-13,-0.007711825994173971,5.9472260164417356e-05,5.9472260164417356e-05
2016-06-14,-0.001966846512460374,3.868485203577536e-06,3.868485203577536e-06
2016-06-15,-0.001393934200766389,1.943052556066232e-06,1.943052556066232e-06
2016-06-16,0.0029843488963188225,8.906338334959374e-06,0.0
2016-06-17,-0.0037241756083262745,1.3869483961652377e-05,1.3869483961652377e-05
2016-06-20,0.00644035867897097,4.14782199137967e-05,0.0
2016-06-21,0.002838549075329988,8.05736085305673e-06,0.0
2016-06-22,-0.0016316537738289005,2.662294037650093e-06,2.662294037650093e-06
2016-06-23,0.013022743015638882,0.00016959183565137128,0.0
2016-06-24,-0.03590912130650126,0.0012894649930050225,0.0012894649930050225
2016-06-27,-0.01790986867688671,0.0003207633960233277,0.0003207633960233277
2016-06-28,0.01803634803687304,0.00032530985050721394,0.0
2016-06-29,0.017027509788402728,0.0002899360895941507,0.0
2016-06-30,0.013645262527046453,0.00018619318943201816,0.0
2016-07-01,0.002100632122235435,4.412655312967348e-06,0.0
2016-07-05,-0.007193140788062546,5.174127439688907e-05,5.174127439688907e-05
2016-07-06,0.005997660380407277,3.5971930038707165e-05,0.0
2016-07-07,-0.0006200365357618143,3.844453056795116e-07,3.844453056795116e-07
2016-07-08,0.01489045124123578,0.0002217255381676202,0.0
2016-07-11,0.003526895314522882,1.2438990559603458e-05,0.0
2016-07-12,0.0072634511806162205,5.275772305319517e-05,0.0
2016-07-13,-0.00013942292907986875,1.9438753153210112e-08,1.9438753153210112e-08
2016-07-14,0.005583112487068442,3.1171145043259565e-05,0.0
2016-07-15,-0.0013415088704943345,1.7996460496149853e-06,1.7996460496149853e-06
2016-07-18,0.002687036854442937,7.220167057134593e-06,0.0
2016-07-19,-0.0010161441600311516,1.0325489539654146e-06,1.0325489539654146e-06
2016-07-20,0.004162590346406425,1.7327158391995963e-05,0.0
2016-07-21,-0.003777067997125849,1.4266242654912274e-05,1.4266242654912274e-05
2016-07-22,0.0044852420453651565,2.0117396205511413e-05,0.0
2016-07-25,-0.0027161855717112715,7.377664059972487e-06,7.377664059972487e-06
2016-07-26,0.00046195082154398825,2.1339856152516568e-07,0.0
2016-07-27,-0.0010614095201071372,1.1265901693740633e-06,1.1265901693740633e-06
2016-07-28,0.0011546189099873594,1.333144827300398e-06,0.0
2016-07-29,0.0016146518061515014,2.6071004551083055e-06,0.0
2016-08-01,-0.0008290843687606131,6.873808905231843e-07,6.873808905231843e-07
2016-08-02,-0.006407140352243212,4.1051447493343274e-05,4.1051447493343274e-05
2016-08-03,0.0029226398797901343,8.54182386693969e-06,0.0
2016-08-04,0.0010637940856594863,1.1316578566841025e-06,0.0
2016-08-05,0.008179066519779843,6.689712913498356e-05,0.0
2016-08-08,-0.0005958238633984037,3.550060761949996e-07,3.550060761949996e-07
2016-08-09,0.0005961790811217504,3.554294967671747e-07,0.0
2016-08-10,-0.0024747585628436264,6.124429944367851e-06,6.124429944367851e-06
2016-08-11,0.004640387461941176,2.1533195796940864e-05,0.0
2016-08-12,-0.0008689161430380787,7.550152636321709e-07,7.550152636321709e-07
2016-08-15,0.0028839550634029987,8.317196807727794e-06,0.0
2016-08-16,-0.005157729284376966,2.660217137091973e-05,2.660217137091973e-05
2016-08-17,0.0018810775661775025,3.5384528099762765e-06,0.0
2016-08-18,0.0022439821820186,5.035456033216958e-06,0.0
2016-08-19,-0.0014623002606782842,2.138322052379778e-06,2.138322052379778e-06
2016-08-22,-4.590212470312327e-05,2.1070050522610794e-09,2.1070050522610794e-09
2016-08-23,0.0020137202830554646,4.0550693783889804e-06,0.0
2016-08-24,-0.005114825680919255,2.616144174619112e-05,2.616144174619112e-05
2016-08-25,-0.0006887390992813547,4.743615468788917e-07,4.743615468788917e-07
2016-08-26,-0.0018830775469189653,3.545981047710348e-06,3.545981047710348e-06
2016-08-29,0.004924034795116494,2.4246118663517934e-05,0.0
2016-08-30,-0.0016485064343021438,2.7175734639355687e-06,2.7175734639355687e-06
2016-08-31,-0.0028441065276157973,8.088941940426788e-06,8.088941940426788e-06
2016-09-01,4.598225892382679e-05,2.1143681357378485e-09,0.0
2016-09-02,0.004508114218304993,2.0323093805283635e-05,0.0
2016-09-06,0.003022464759512955,9.135293222497704e-06,0.0
2016-09-07,-9.135350149303001e-05,8.345462235037036e-09,8.345462235037036e-09
2016-09-08,-0.002282982894804775,5.21201089797119e-06,5.21201089797119e-06
2016-09-09,-0.023934846769990026,0.000572876889902902,0.000572876889902902
2016-09-12,0.014347271463458267,0.0002058441984461639,0.0
2016-09-13,-0.014375686528954268,0.0002066603631787572,0.0002066603631787572
2016-09-14,-0.0003751015882634823,1.4070120151778698e-07,1.4070120151778698e-07
2016-09-15,0.009992875858151562,9.985756791642831e-05,0.0
2016-09-16,-0.003865240147972515,1.494008140149859e-05,1.494008140149859e-05
2016-09-19,0.00018752981055714102,3.51674298475972e-08,0.0
2016-09-20,4.660223365005045e-05,2.1717681811738946e-09,0.0
2016-09-21,0.011245730728640435,0.00012646645962108774,0.0
2016-09-22,0.006301071972563577,3.970350800342624e-05,0.0
2016-09-23,-0.005479191914185222,3.0021544032472716e-05,3.0021544032472716e-05
2016-09-26,-0.008102289851833921,6.564710084313095e-05,6.564710084313095e-05
2016-09-27,0.006208112833696822,3.854066495591118e-05,0.0
2016-09-28,0.004963595285336853,2.463727815661823e-05,0.0
2016-09-29,-0.009047465317679415,8.185662867461188e-05,8.185662867461188e-05
2016-09-30,0.007546331753830016,5.69471229388632e-05,0.0
2016-10-03,-0.0024042050722571373,5.780202029466947e-06,5.780202029466947e-06
2016-10-04,-0.005097862388442453,2.5988200931496196e-05,2.5988200931496196e-05
2016-10-05,0.00442518322031904,1.958224653339319e-05,0.0
2016-10-06,0.0006957218355814199,4.840288725047802e-07,0.0
2016-10-07,-0.0034293569241283794,1.1760488913067259e-05,1.1760488913067259e-05
2016-10-10,0.005208483128023911,2.712829649490974e-05,0.0
2016-10-11,-0.01262948791248264,0.00015950396493154512,0.00015950396493154512
2016-10-12,0.0013118386317394481,1.7209205957240274e-06,0.0
2016-10-13,-0.0032755084126981915,1.0728955361656626e-05,1.0728955361656626e-05
2016-10-14,0.0005163485264696455,2.6661580078737414e-07,0.0
2016-10-17,-0.0034724100998201335,1.205763190133287e-05,1.205763190133287e-05
2016-10-18,0.006262651184805401,3.922079986254449e-05,0.0
2016-10-19,0.0026671103510653715,7.113477624760049e-06,0.0
2016-10-20,-0.0018667521731154935,3.484763675831417e-06,3.484763675831417e-06
2016-10-21,0.0004672483646306347,2.1832103425000255e-07,0.0
2016-10-24,0.004253247783605696,1.8090116708746764e-05,0.0
2016-10-25,-0.0033507476997045593,1.1227510147075395e-05,1.1227510147075395e-05
2016-10-26,-0.0020078538233817556,4.031476976068734e-06,4.031476976068734e-06
2016-10-27,-0.002666569714645739,7.1105940430658575e-06,7.1105940430658575e-06
2016-10-28,-0.0029555506058088765,8.735279383497216e-06,8.735279383497216e-06
2016-10-31,4.729615670906462e-05,2.2369264394483982e-09,0.0
2016-11-01,-0.007245445297830999,5.2496477563861334e-05,5.2496477563861334e-05
2016-11-02,-0.006018742432860713,3.62252604731181e-05,3.62252604731181e-05
2016-11-03,-0.004577081011665651,2.0949670587350262e-05,2.0949670587350262e-05
2016-11-04,-0.0011014265103851395,1.2131403577791859e-06,1.2131403577791859e-06
2016-11-07,0.022056836519414924,0.00048650403724419586,0.0
2016-11-08,0.004503772654847804,2.0283968126554837e-05,0.0
2016-11-09,0.010602062141959134,0.00011240372166196311,0.0
2016-11-10,0.0024954885823325057,6.227463264551899e-06,0.0
2016-11-11,-0.0023046514371841686,5.311418246915054e-06,5.311418246915054e-06
2016-11-14,0.0007850077681343937,6.16237196031342e-07,0.0
2016-11-15,0.007802939528000374,6.0885865277630705e-05,0.0
2016-11-16,-0.0018780248959145984,3.526977509675038e-06,3.526977509675038e-06
2016-11-17,0.00514041784833319,2.642389565546242e-05,0.0
2016-11-18,-0.0022375332116032487,5.006554873027549e-06,5.006554873027549e-06
2016-11-21,0.007551683614001714,5.702792540598199e-05,0.0
2016-11-22,0.0019529088440410902,3.8138529531339074e-06,0.0
2016-11-23,0.0005439581097308466,2.958904251419557e-07,0.0
2016-11-25,0.0037158338437908167,1.3807421154661235e-05,0.0
2016-11-28,-0.0046950215296100994,2.2043227163502356e-05,2.2043227163502356e-05
2016-11-29,0.0019501478697763197,3.8030767139931175e-06,0.0
2016-11-30,-0.0023989734775223814,5.755073745855828e-06,5.755073745855828e-06
2016-12-01,-0.0036756148575458614,1.3510144581011882e-05,1.3510144581011882e-05
2016-12-02,0.000500921887843564,2.509227377207601e-07,0.0
2016-12-05,0.006008702151976797,3.610450155117059e-05,0.0
2016-12-06,0.003167542735737161,1.0033326982721258e-05,0.0
2016-12-07,0.013080931566270104,0.00017111077064144165,0.0
2016-12-08,0.0024486759675670378,5.996013994140368e-06,0.0
2016-12-09,0.0060403593595845795,3.648594119292103e-05,0.0
2016-12-12,-0.0011478782389809927,1.317624451526105e-06,1.317624451526105e-06
2016-12-13,0.006674057515170251,4.45430437158005e-05,0.0
2016-12-14,-0.008254140960675671,6.813084299870388e-05,6.813084299870388e-05
2016-12-15,0.004116995388737887,1.694965103088903e-05,0.0
2016-12-16,-0.001955680155807049,3.824684871817484e-06,3.824684871817484e-06
2016-12-19,0.002177375903785528,4.740965826385844e-06,0.0
2016-12-20,0.0038576355626844805,1.4881352134488008e-05,0.0
2016-12-21,-0.0027827335904337946,7.743606235328558e-06,7.743606235328558e-06
2016-12-22,-0.0017275413347933588,2.98439906341962e-06,2.98439906341962e-06
2016-12-23,0.0014643316606648416,2.144267212425453e-06,0.0
2016-12-27,0.0024812335468240576,6.156519913885093e-06,0.0
2016-12-28,-0.008264585773454236,6.830337800678215e-05,6.830337800678215e-05
2016-12-29,-0.0002228277648765875,4.9652212799895764e-08,4.9652212799895764e-08
2016-12-30,-0.003654810724779689,1.3357641433964636e-05,1.3357641433964636e-05
2017-01-03,0.007649861375690792,5.8520379067285816e-05,0.0
2017-01-04,0.005949150945044002,3.539239696691794e-05,0.0
2017-01-05,-0.0007944462739187808,6.311448821434344e-07,6.311448821434344e-07
2017-01-06,0.003577889774448062,1.2801295238100005e-05,0.0
2017-01-09,-0.0033010010075583684,1.0896607651901363e-05,1.0896607651901363e-05
2017-01-10,0.0,0.0,0.0
2017-01-11,0.002825890278278731,7.985655864870244e-06,0.0
2017-01-12,-0.0025097395089034302,6.298792402550831e-06,6.298792402550831e-06
2017-01-13,0.002295478009223695,5.269219290829577e-06,0.0
2017-01-17,-0.0035234767342841034,1.241488829704137e-05,1.241488829704137e-05
2017-01-18,0.0022099792793395245,4.884008415110044e-06,0.0
2017-01-19,-0.0037045843997519645,1.3723945574885622e-05,1.3723945574885622e-05
2017-01-20,0.0036739662058169476,1.3498027681484978e-05,0.0
2017-01-23,-0.002602107395969444,6.770962900158881e-06,6.770962900158881e-06
2017-01-24,0.006411453255686483,4.1106732849852806e-05,0.0
2017-01-25,0.008655762780531484,7.492222931283413e-05,0.0
2017-01-26,-0.0010454399368706735,1.0929446616041577e-06,1.0929446616041577e-06
2017-01-27,-0.0015698396697511052,2.4643965887242593e-06,2.4643965887242593e-06
2017-01-30,-0.006201709356733476,3.846119894539554e-05,3.846119894539554e-05
2017-01-31,-8.775711198572012e-05,7.70131070407422e-09,7.70131070407422e-09
2017-02-01,0.00039583722220215556,1.5668710648071867e-07,0.0
2017-02-02,0.0006588708585093528,4.341108081928516e-07,0.0
2017-02-03,0.0068926626278793535,4.7508798101764716e-05,0.0
2017-02-06,-0.001787413042761088,3.1948453854324506e-06,3.1948453854324506e-06
2017-02-07,4.349794027214138e-05,1.8920708079187786e-09,0.0
2017-02-08,0.0013103765008650736,1.7170865740193943e-06,0.0
2017-02-09,0.005932764425055526,3.519769372320442e-05,0.0
2017-02-10,0.0039460901811771976,1.557162771798309e-05,0.0
2017-02-13,0.005442623798988411,2.962215381731504e-05,0.0
2017-02-14,0.003995320346118936,1.5962584668111933e-05,0.0
2017-02-15,0.005220346256507691,2.7252015037833862e-05,0.0
2017-02-16,-0.000851472536861686,7.250054810296752e-07,7.250054810296752e-07
2017-02-17,0.0015765175283399824,2.485407517163207e-06,0.0
2017-02-21,0.00595516831234244,3.546402962832751e-05,0.0
2017-02-22,-0.0008880021188577558,7.885477630958639e-07,7.885477630958639e-07
2017-02-23,0.0006768672698980183,4.581493010591967e-07,0.0
2017-02-24,0.0012690358182998462,1.6104519081279603e-06,0.0
2017-02-27,0.0015629159751913146,2.442706345508218e-06,0.0
2017-02-28,-0.0026992621697895514,7.286016261256996e-06,7.286016261256996e-06
2017-03-01,0.01399755906104172,0.00019593165966735114,0.0
2017-03-02,-0.006297362399871553,3.965677319531601e-05,3.965677319531601e-05
2017-03-03,0.0006294957073822438,3.962648456126715e-07,0.0
2017-03-06,-0.0029777633138935444,8.867074353570264e-06,8.867074353570264e-06
2017-03-07,-0.0029869550299728154,8.921900351079902e-06,8.921900351079902e-06
2017-03-08,-0.0018566647903641709,3.4472041437780304e-06,3.4472041437780304e-06
2017-03-09,0.0012682421221916762,1.6084380805012466e-06,0.0
2017-03-10,0.003504343867809734,1.2280425943855685e-05,0.0
2017-03-13,0.0005045271772270432,2.5454767256068826e-07,0.0
2017-03-14,-0.0038263781741691982,1.4641169931758407e-05,1.4641169931758407e-05
2017-03-15,0.008653283971903347,7.487932349839937e-05,0.0
2017-03-16,-0.001966683541397618,3.867844152004276e-06,3.867844152004276e-06
2017-03-17,-0.0017562062912708232,3.0842605374992194e-06,3.0842605374992194e-06
2017-03-20,-0.0010969456412748269,1.203289739911841e-06,1.203289739911841e-06
2017-03-21,-0.012839371868189176,0.0001648494699696476,0.0001648494699696476
2017-03-22,0.002353032463605409,5.53676177478094e-06,0.0
2017-03-23,-0.0010672753190792417,1.1390766067156972e-06,1.1390766067156972e-06
2017-03-24,-0.0007261728354670538,5.273269869702608e-07,5.273269869702608e-07
2017-03-27,-0.0010265691918800446,1.0538443057172479e-06,1.0538443057172479e-06
2017-03-28,0.0072768897243327135,5.295312406009903e-05,0.0
2017-03-29,0.000935108577703847,8.744280520953117e-07,0.0
2017-03-30,0.003184023765655297,1.0138007340257739e-05,0.0
2017-03-31,-0.0023278384707972055,5.418831946123472e-06,5.418831946123472e-06
2017-04-03,-0.001738988830044641,3.0240821510200295e-06,3.0240821510200295e-06
2017-04-04,0.0006374480606901045,4.0634003007757517e-07,0.0
2017-04-05,-0.0029727377049512116,8.837169462438597e-06,8.837169462438597e-06
2017-04-06,0.0028112519208443043,7.90313736245079e-06,0.0
2017-04-07,-0.0010193803660027978,1.039136330591998e-06,1.039136330591998e-06
2017-04-10,0.0005951953223273243,3.542574717203275e-07,0.0
2017-04-11,-0.0011900573723846453,1.4162365495670462e-06,1.4162365495670462e-06
2017-04-12,-0.0043817020016335695,1.9199312431119628e-05,1.9199312431119628e-05
2017-04-13,-0.006494622076905543,4.218011592182887e-05,4.218011592182887e-05
2017-04-17,0.008859890177637109,7.849765395979051e-05,0.0
2017-04-18,-0.002984344974635289,8.906314927630903e-06,8.906314927630903e-06
2017-04-19,-0.0018385877883613233,3.3804050555113823e-06,3.3804050555113823e-06
2017-04-20,0.00813905867723519,6.624427615147743e-05,0.0
2017-04-21,-0.0031867300094535755,1.0155248153151985e-05,1.0155248153151985e-05
2017-04-24,0.010997818109294233,0.00012095200316512017,0.0
2017-04-25,0.005818756130785863,3.385792290955806e-05,0.0
2017-04-26,-0.0006287695574361818,3.9535115635849194e-07,3.9535115635849194e-07
2017-04-27,0.0008385908683730126,7.032346445186032e-07,0.0
2017-04-28,-0.002179012171782957,4.748094044778279e-06,4.748094044778279e-06
2017-05-01,0.002520043153738216,6.350617496702855e-06,0.0
2017-05-02,0.0003767458310897087,1.4193742124347533e-07,0.0
2017-05-03,-0.0012143389976380092,1.474619201184485e-06,1.474619201184485e-06
2017-05-04,0.0011740182873136717,1.378318938946927e-06,0.0
2017-05-05,0.003937105327967538,1.5500798363510376e-05,0.0
2017-05-08,-0.00016685275373284902,2.7839841428234764e-08,2.7839841428234764e-08
2017-05-09,-0.0009178800966950229,8.425038719088646e-07,8.425038719088646e-07
2017-05-10,0.0017955961696110023,3.2241656043217033e-06,0.0
2017-05-11,-0.00204244279983401,4.1715725905937895e-06,4.1715725905937895e-06
2017-05-12,-0.0016713472939988705,2.7934017771573467e-06,2.7934017771573467e-06
2017-05-15,0.005523690507969192,3.0511156827828952e-05,0.0
2017-05-16,-0.0009153620481555658,8.378876792035523e-07,8.378876792035523e-07
2017-05-17,-0.01774437089168346,0.0003148626983416232,0.0003148626983416232
2017-05-18,0.004028607979411847,1.6229682251780803e-05,0.0
2017-05-19,0.00650410744556007,4.230341366338994e-05,0.0
2017-05-22,0.005077420558422974,2.578019952709626e-05,0.0
2017-05-23,0.0022128472862108506,4.896693112090726e-06,0.0
2017-05-24,0.0023328266455220348,5.442080158057589e-06,0.0
2017-05-25,0.004779515736840656,2.2843770678707478e-05,0.0
2017-05-26,-0.00020673405725035732,4.273897042719402e-08,4.273897042719402e-08
2017-05-30,-0.0008688567198775754,7.549119996764195e-07,7.549119996764195e-07
2017-05-31,-0.00024845021780117715,6.172751072545237e-08,6.172751072545237e-08
2017-06-01,0.007952236600338836,6.323806694776856e-05,0.0
2017-06-02,0.0033284066564363,1.1078290870609472e-05,0.0
2017-06-05,-0.0007371280229240273,5.433577221798854e-07,5.433577221798854e-07
2017-06-06,-0.003196891048220629,1.0220112374193193e-05,1.0220112374193193e-05
2017-06-07,0.0018501665411025936,3.423116229815535e-06,0.0
2017-06-08,0.0004925679654008697,2.4262320053915235e-07,0.0
2017-06-09,-0.0015178647997426964,2.3039135502979357e-06,2.3039135502979357e-06
2017-06-12,-0.0002053326922332177,4.21615144997413e-08,4.21615144997413e-08
2017-06-13,0.004889850059676792,2.3910633606121132e-05,0.0
2017-06-14,-0.0012675897831008198,1.6067838582215835e-06,1.6067838582215835e-06
2017-06-15,-0.001924348077519178,3.703115523451756e-06,3.703115523451756e-06
2017-06-16,0.00021841822936785604,4.7706522920189374e-08,0.0
2017-06-19,0.008325141423500826,6.930797972128936e-05,0.0
2017-06-20,-0.00674416408502998,4.5483749205808264e-05,4.5483749205808264e-05
2017-06-21,-0.0002467919217548076,6.090625264343106e-08,6.090625264343106e-08
2017-06-22,-0.0004527321609075763,2.0496640952004354e-07,2.0496640952004354e-07
2017-06-23,0.0011940480651337904,1.4257507818497484e-06,0.0
2017-06-26,0.0006583405874518444,4.334123290864396e-07,0.0
2017-06-27,-0.008056245350917202,6.490308915417502e-05,6.490308915417502e-05
2017-06-28,0.008950284345943249,8.010758987323677e-05,0.0
2017-06-29,-0.00878868944914546,7.724106223352072e-05,7.724106223352072e-05
2017-06-30,0.0018643970148697342,3.475976229055176e-06,0.0
2017-07-03,0.0016957456859227893,2.8755534313257513e-06,0.0
2017-07-05,0.0023119649331690972,5.3451818522035885e-06,0.0
2017-07-06,-0.009144520523030386,8.362225559612393e-05,8.362225559612393e-05
2017-07-07,0.006485127945452307,4.205688446888646e-05,0.0
2017-07-10,0.0010737936554079397,1.1530328143943451e-06,0.0
2017-07-11,-0.000742475625249428,5.512700540895291e-07,5.512700540895291e-07
2017-07-12,0.0075146519547744095,5.6469994001394857e-05,0.0
2017-07-13,0.0016803873719195561,2.8237017197067128e-06,0.0
2017-07-14,0.004663862842064548,2.1751616609590402e-05,0.0
2017-07-17,-0.00012204306525853692,1.4894509777699501e-08,1.4894509777699501e-08
2017-07-18,0.0005294183641386674,2.802838042872626e-07,0.0
2017-07-19,0.005414233260911505,2.931392180356043e-05,0.0
2017-07-20,0.0004451845785162778,1.981893089487159e-07,0.0
2017-07-21,-0.0008903992551112516,7.928108335026718e-07,7.928108335026718e-07
2017-07-24,-0.0002432077307630287,5.915000030290186e-08,5.915000030290186e-08
2017-07-25,0.0024311040767619474,5.91026703204856e-06,0.0
2017-07-26,4.030423738732303e-05,1.6244315513736873e-09,0.0
2017-07-27,-0.0009294435351522301,8.638652850362748e-07,8.638652850362748e-07
2017-07-28,-0.0011729170158547575,1.3757343260816294e-06,1.3757343260816294e-06
2017-07-31,-0.0005671312056195754,3.216378043875131e-07,3.216378043875131e-07
2017-08-01,0.0022289748373427454,4.968328825507118e-06,0.0
2017-08-02,0.00048498206056213355,2.3520759906709298e-07,0.0
2017-08-03,-0.001939768344589976,3.762701230673336e-06,3.762701230673336e-06
2017-08-04,0.0018222582665960996,3.3206251901778216e-06,0.0
2017-08-07,0.0018590366545572223,3.456017282987309e-06,0.0
2017-08-08,-0.002460965419487149,6.056350795911559e-06,6.056350795911559e-06
2017-08-09,-4.0401320732685875e-05,1.6322667169453536e-09,1.6322667169453536e-09
2017-08-10,-0.014115471071805108,0.00019924652357896684,0.00019924652357896684
2017-08-11,0.0014768438022148,2.1810676161402674e-06,0.0
2017-08-14,0.009913307909100055,9.827367370062571e-05,0.0
2017-08-15,-0.00012170035549474711,1.4810976527547824e-08,1.4810976527547824e-08
2017-08-16,0.0017443229381886027,3.04266251269092e-06,0.0
2017-08-17,-0.015590876095857631,0.0002430754174363849,0.0002430754174363849
2017-08-18,-0.0015631751638014446,2.443516592725673e-06,2.443516592725673e-06
2017-08-21,0.0007828835881833474,6.12906712646833e-07,0.0
2017-08-22,0.01045712159484724,0.00010935139204942049,0.0
2017-08-23,-0.003585470536051627,1.2855598964894342e-05,1.2855598964894342e-05
2017-08-24,-0.0023307402797821952,5.432350251799186e-06,5.432350251799186e-06
2017-08-25,0.002336185321010875,5.457761854106686e-06,0.0
2017-08-28,4.070378349196879e-05,1.6567979905610713e-09,0.0
2017-08-29,0.001144971643467052,1.3109600643436421e-06,0.0
2017-08-30,0.004737414445822985,2.24430956314923e-05,0.0
2017-08-31,0.006016130174095968,3.619382227166799e-05,0.0
2017-09-01,0.0014141510301950433,1.9998231362017022e-06,0.0
2017-09-05,-0.007181903007013268,5.1579730802146224e-05,5.1579730802146224e-05
2017-09-06,0.003413829140298752,1.1654229399152916e-05,0.0
2017-09-07,-0.00012152290024036727,1.4767815282830256e-08,1.4767815282830256e-08
2017-09-08,-0.001174840436471758,1.3802500511691507e-06,1.3802500511691507e-06
2017-09-11,0.010665958275150933,0.00011376266592726067,0.0
2017-09-12,0.003370819683056636,1.136242533568204e-05,0.0
2017-09-13,0.0004798276159259096,2.3023454100514223e-07,0.0
2017-09-14,-0.00031959130489878085,1.021386021669055e-07,1.021386021669055e-07
2017-09-15,0.001346096268171948,1.8119751631864448e-06,0.0
2017-09-18,0.0021268123333662015,4.523330701358586e-06,0.0
2017-09-19,0.0010009509313677611,1.0019027670059884e-06,0.0
2017-09-20,0.0003599903974607077,1.2959308626391832e-07,0.0
2017-09-21,-0.0026792202749419403,7.178221281659966e-06,7.178221281659966e-06
2017-09-22,0.00020069327091221112,4.0277788989442165e-08,0.0
2017-09-25,-0.002044979749454834,4.1819421756803554e-06,4.1819421756803554e-06
2017-09-26,0.000602771443301009,3.6333341285918147e-07,0.0
2017-09-27,0.0038945077740413225,1.5167190802068297e-05,0.0
2017-09-28,0.001199583771678725,1.4390012252749554e-06,0.0
2017-09-29,0.0035150980414595523,1.235591424107278e-05,0.0
2017-10-02,0.00433889784331809,1.8826034494750374e-05,0.0
2017-10-03,0.002139963351708074,4.579443146653655e-06,0.0
2017-10-04,0.0011864603272622176,1.4076881081671685e-06,0.0
2017-10-05,0.0059251335230423585,3.510720726588035e-05,0.0
2017-10-06,-0.0011388346526783888,1.2969443661411064e-06,1.2969443661411064e-06
2017-10-09,-0.0016511703756876273,2.7263636095484202e-06,2.7263636095484202e-06
2017-10-10,0.0026383171400015115,6.960717331225755e-06,0.0
2017-10-11,0.0015708522279855863,2.4675767221672805e-06,0.0
2017-10-12,-0.0014900889765062653,2.2203651579054893e-06,2.2203651579054893e-06
2017-10-13,0.0012174093446817302,1.4820855125183998e-06,0.0
2017-10-16,0.001333718977106546,1.7788063098941315e-06,0.0
2017-10-17,0.000705113847761174,4.971855383045681e-07,0.0
2017-10-18,0.000978627141554611,9.577110821873488e-07,0.0
2017-10-19,0.00027374223742304693,7.49348125493758e-08,0.0
2017-10-20,0.005160271591084786,2.662840289375671e-05,0.0
2017-10-23,-0.0038893363178236218,1.5126936993141808e-05,1.5126936993141808e-05
2017-10-24,0.0017570725598186065,3.0873039804675106e-06,0.0
2017-10-25,-0.004950040988186077,2.4502905784722198e-05,2.4502905784722198e-05
2017-10-26,0.0012926631001757283,1.670977890555925e-06,0.0
2017-10-27,0.008176319884462435,6.68522068530558e-05,0.0
2017-10-30,-0.0037251800970321547,1.3876966755324493e-05,1.3876966755324493e-05
2017-10-31,0.0015580244348145644,2.427440139479243e-06,0.0
2017-11-01,0.001321764721667451,1.7470619794446345e-06,0.0
2017-11-02,0.0003885564527339458,1.5097611696118706e-07,0.0
2017-11-03,0.0033389854578851352,1.1148823887968407e-05,0.0
2017-11-06,0.0015475055614957434,2.394773462860256e-06,0.0
2017-11-07,-0.0006953487626563115,4.835099017276635e-07,4.835099017276635e-07
2017-11-08,0.0017009841881274745,2.893347208259684e-06,0.0
2017-11-09,-0.003627854218081761,1.3161326227653623e-05,1.3161326227653623e-05
2017-11-10,-0.0003098503867207114,9.600726215097442e-08,9.600726215097442e-08
2017-11-13,0.0009297715825495878,8.64475195716765e-07,0.0
2017-11-14,-0.0023226079049007975,5.394507479907672e-06,5.394507479907672e-06
2017-11-15,-0.005005316916416258,2.5053197433762758e-05,2.5053197433762758e-05
2017-11-16,0.008501152218849839,7.226958904805554e-05,0.0
2017-11-17,-0.002938828513486147,8.636713031679195e-06,8.636713031679195e-06
2017-11-20,0.0017065311179571552,2.9122484565560977e-06,0.0
2017-11-21,0.006542608079068701,4.280572047629504e-05,0.0
2017-11-22,-0.0008843404809626421,7.82058086269237e-07,7.82058086269237e-07
2017-11-24,0.00230968673591625,5.334652818067461e-06,0.0
2017-11-27,-0.0004991458694253437,2.4914659896438224e-07,2.4914659896438224e-07
2017-11-28,0.010144387561241253,0.00010290859899266624,0.0
2017-11-29,-0.0006085545477075849,3.703386375355832e-07,3.703386375355832e-07
2017-11-30,0.00875483625653306,7.664715787870581e-05,0.0
2017-12-01,-0.002074935385697252,4.305356854818604e-06,4.305356854818604e-06
2017-12-04,-0.0012101872665707392,1.4645532201699572e-06,1.4645532201699572e-06
2017-12-05,-0.0035968651241055083,1.2937438721006533e-05,1.2937438721006533e-05
2017-12-06,0.00019010385950002373,3.613947739680476e-08,0.0
2017-12-07,0.003153239516593631,9.942919449007637e-06,0.0
2017-12-08,0.0054531584676114075,2.9736937272881995e-05,0.0
2017-12-11,0.0030129114814225755,9.077635594887978e-06,0.0
2017-12-12,0.0017649512626143338,3.115052959403931e-06,0.0
2017-12-13,-0.0001125666559621541,1.2671252034501962e-08,1.2671252034501962e-08
2017-12-14,-0.004086125347619096,1.669642035645528e-05,1.669642035645528e-05
2017-12-15,0.008327436316326375,6.934619560247139e-05,0.0
2017-12-18,0.006341289238088521,4.02119492010973e-05,0.0
2017-12-19,-0.0038404586594174006,1.4749122714694098e-05,1.4749122714694098e-05
2017-12-20,-0.0005243487796334767,2.749416427031163e-07,2.749416427031163e-07
2017-12-21,0.0020598972049654662,4.24317649502454e-06,0.0
2017-12-22,-0.0002615778398684654,6.842296631025252e-08,6.842296631025252e-08
2017-12-26,-0.0011961529745161403,1.4307819384438102e-06,1.4307819384438102e-06
2017-12-27,0.0004864499806735978,2.3663358369734367e-07,0.0
2017-12-28,0.00205733703786648,4.232635687377223e-06,0.0
2017-12-29,-0.0037703778384733377,1.4215749044850878e-05,1.4215749044850878e-05
2018-01-02,0.007157144150463646,5.122471239051598e-05,0.0
2018-01-03,0.006325153597200206,4.0007568028174707e-05,0.0
2018-01-04,0.004214877323607924,1.7765190853064296e-05,0.0
2018-01-05,0.006664279329688938,4.441261898411924e-05,0.0
2018-01-08,0.001828423528059675,3.343132597962189e-06,0.0
2018-01-09,0.0022636707151315605,5.12420510654423e-06,0.0
2018-01-10,-0.001529931734884138,2.340691113405588e-06,2.340691113405588e-06
2018-01-11,0.0072962233321138825,5.323487491208301e-05,0.0
2018-01-12,0.006518602317292954,4.249217617101707e-05,0.0
2018-01-16,-0.003418212128151965,1.1684174153045185e-05,1.1684174153045185e-05
2018-01-17,0.009531680050072433,9.085292457694882e-05,0.0
2018-01-18,-0.0016807802938130223,2.8250223960701894e-06,2.8250223960701894e-06
2018-01-19,0.004549651273102917,2.0699326706846993e-05,0.0
2018-01-22,0.008130996950387992,6.611311140721883e-05,0.0
2018-01-23,0.0021223066678415226,4.504185592364587e-06,0.0
2018-01-24,-0.00038824713107898923,1.5073583479106584e-07,1.5073583479106584e-07
2018-01-25,0.0004238742214319746,1.7966935559456266e-07,0.0
2018-01-26,0.011577796217362879,0.00013404536525078218,0.0
2018-01-29,-0.00662995876987571,4.395635329025184e-05,4.395635329025184e-05
2018-01-30,-0.010256873016461276,0.00010520344407581144,0.00010520344407581144
2018-01-31,0.0004965185407943551,2.4653066135255564e-07,0.0
2018-02-01,-0.0011349704826287832,1.288157996438613e-06,1.288157996438613e-06
2018-02-02,-0.021769862145131658,0.00047392689781803634,0.00047392689781803634
2018-02-05,-0.041822689575287564,0.001749137363310867,0.001749137363310867
2018-02-06,0.019702162010305502,0.00038817518788032533,0.0
2018-02-07,-0.005424815935095695,2.942862792966818e-05,2.942862792966818e-05
2018-02-08,-0.03750896172669815,0.0014069222098149069,0.0014069222098149069
2018-02-09,0.015021824492343239,0.0002256552110787632,0.0
2018-02-12,0.01468425638453219,0.0002156273855666744,0.0
2018-02-13,0.0024872664417114887,6.18649435206413e-06,0.0
2018-02-14,0.013496227945819506,0.0001821481687655194,0.0
2018-02-15,0.012759985444863897,0.00016281722855313852,0.0
2018-02-16,0.0002934699685370745,8.61246224331515e-08,0.0
2018-02-20,-0.006261231797312861,3.9203023619681634e-05,3.9203023619681634e-05
2018-02-21,-0.004974377543177311,2.474443194206674e-05,2.474443194206674e-05
2018-02-22,0.0012959910778969075,1.6795928739883882e-06,0.0
2018-02-23,0.015939611551633703,0.0002540712164169746,0.0
2018-02-26,0.011612022506182651,0.00013483906668409243,0.0
2018-02-27,-0.01248656245864288,0.00015591424203358973,0.00015591424203358973
2018-02-28,-0.010129808818629349,0.00010261302670198092,0.00010261302670198092
2018-03-01,-0.014540729590672763,0.0002114328170290665,0.0002114328170290665
2018-03-02,0.005154609723890813,2.657000140562972e-05,0.0
2018-03-05,0.011558242432999855,0.0001335929681399984,0.0
2018-03-06,0.002534694484833233,6.424676131444009e-06,0.0
2018-03-07,-0.0003664339612498013,1.342738479572209e-07,1.342738479572209e-07
2018-03-08,0.004839236582202089,2.3418210698522955e-05,0.0
2018-03-09,0.017402234181659315,0.00030283775451331183,0.0
2018-03-12,-0.0012548774213372305,1.574717342581977e-06,1.574717342581977e-06
2018-03-13,-0.006462869484346601,4.17686819716985e-05,4.17686819716985e-05
2018-03-14,-0.005131369168458244,2.633094954300385e-05,2.633094954300385e-05
2018-03-15,-0.001089827700273438,1.1877244162832907e-06,1.1877244162832907e-06
2018-03-16,0.0010843171623908798,1.1757437086554097e-06,0.0
2018-03-19,-0.013530318493575555,0.00018306951853759267,0.00018306951853759267
2018-03-20,0.0017006951838767215,2.8923641084614753e-06,0.0
2018-03-21,-0.0019190025659111543,3.682570847973594e-06,3.682570847973594e-06
2018-03-22,-0.024997111320582577,0.0006248555743735976,0.0006248555743735976
2018-03-23,-0.021314783947855243,0.00045432001474374754,0.00045432001474374754
2018-03-26,0.02735909465829489,0.0007485200605215401,0.0
2018-03-27,-0.017011737287706885,0.0002893992055459568,0.0002893992055459568
2018-03-28,-0.0029547951549064866,8.730814407458848e-06,8.730814407458848e-06
2018-03-29,0.012777718887252876,0.00016327009996165888,0.0
2018-04-02,-0.021584722065249418,0.0004659002266340651,0.0004659002266340651
2018-04-03,0.012816710463935399,0.00016426806711635115,0.0
2018-04-04,0.010699240645085206,0.0001144737503814433,0.0
2018-04-05,0.007892158929849735,6.228617257400692e-05,0.0
2018-04-06,-0.022286099790467473,0.0004966702438706744,0.0004966702438706744
2018-04-09,0.004928592662901021,2.429102563680178e-05,0.0
2018-04-10,0.015900267182220595,0.00025281849646600126,0.0
2018-04-11,-0.005241923584275221,2.747776286338078e-05,2.747776286338078e-05
2018-04-12,0.008226942478546162,6.768258254530726e-05,0.0
2018-04-13,-0.0029332645374443578,8.604040846628662e-06,8.604040846628662e-06
2018-04-16,0.008221750858756982,6.759718718347117e-05,0.0
2018-04-17,0.010698246000534484,0.00011445246748795207,0.0
2018-04-18,0.0007402231343787147,5.479302886694487e-07,0.0
2018-04-19,-0.005547342984436376,3.0773014186975486e-05,3.0773014186975486e-05
2018-04-20,-0.008479391258188973,7.190007610945157e-05,7.190007610945157e-05
2018-04-23,-0.0001497338425755501,2.2420223612439625e-08,2.2420223612439625e-08
2018-04-24,-0.013467608291119815,0.00018137647308303918,0.00018137647308303918
2018-04-25,0.0024714674337886766,6.108151276277987e-06,0.0
2018-04-26,0.010166123179805142,0.00010335006050697141,0.0
2018-04-27,0.0009384831662628823,8.807506533588048e-07,0.0
2018-04-30,-0.007690333880144062,5.914123518809163e-05,5.914123518809163e-05
2018-05-01,0.0017765145483543687,3.1560039405147265e-06,0.0
2018-05-02,-0.006717015208113186,4.511829330602383e-05,4.511829330602383e-05
2018-05-03,-0.0022036759899095593,4.856187868503876e-06,4.856187868503876e-06
2018-05-04,0.012945987533571568,0.00016759859321939044,0.0
2018-05-07,0.0033833171423485187,1.1446834885709346e-05,0.0
2018-05-08,0.0,0.0,0.0
2018-05-09,0.009666009147672794,9.343173284289414e-05,0.0
2018-05-10,0.009350701540288497,8.743561929555367e-05,0.0
2018-05-11,0.0030509438897432517,9.308258618361682e-06,0.0
2018-05-14,0.0004767430720300503,2.2728395672864973e-07,0.0
2018-05-15,-0.006886904019019036,4.742944696718054e-05,4.742944696718054e-05
2018-05-16,0.004204845879256736,1.768072886830235e-05,0.0
2018-05-17,-0.0008444045243904963,7.130190008111402e-07,7.130190008111402e-07
2018-05-18,-0.0025000324580355393,6.250162291231221e-06,6.250162291231221e-06
2018-05-21,0.00751832063085045,5.6525145108271514e-05,0.0
2018-05-22,-0.0027801646631075982,7.729315553992185e-06,7.729315553992185e-06
2018-05-23,0.002751083697222212,7.568461509121835e-06,0.0
2018-05-24,-0.002048310982547763,4.195577881225782e-06,4.195577881225782e-06
2018-05-25,-0.0023828822874553124,5.678127995868262e-06,5.678127995868262e-06
2018-05-29,-0.011500776970355675,0.00013226787092186345,0.00013226787092186345
2018-05-30,0.013344507166948683,0.00017807587152874477,0.0
2018-05-31,-0.00612602239286375,3.752815035786811e-05,3.752815035786811e-05
2018-06-01,0.009817657022994641,9.6386389421156e-05,0.0
2018-06-04,0.004751198002332924,2.2573882457372365e-05,0.0
2018-06-05,0.0007278555246457152,5.297736647572893e-07,0.0
2018-06-06,0.00836078950692043,6.990280117903076e-05,0.0
2018-06-07,-0.00010852508542680273,1.1777694166894829e-08,1.1777694166894829e-08
2018-06-08,0.0029567089575555094,8.742127859688988e-06,0.0
2018-06-11,0.001329966391776738,1.7688106032556355e-06,0.0
2018-06-12,0.0012922791201090966,1.669985324269941e-06,0.0
2018-06-13,-0.003190839974192783,1.0181459740906599e-05,1.0181459740906599e-05
2018-06-14,0.002517568905007428,6.3381531914603e-06,0.0
2018-06-15,-0.0012757776523455444,1.6276086182243087e-06,1.6276086182243087e-06
2018-06-18,-0.0020563142547677105,4.228428314360884e-06,4.228428314360884e-06
2018-06-19,-0.0038331390829817735,1.4692955229482352e-05,1.4692955229482352e-05
2018-06-20,0.001706280320162179,2.9113925309727483e-06,0.0
2018-06-21,-0.0062691228323917825,3.930190108761596e-05,3.930190108761596e-05
2018-06-22,0.0018233419569311238,3.32457589190542e-06,0.0
2018-06-25,-0.013612914626322858,0.0001853114446235548,0.0001853114446235548
2018-06-26,0.0022139277570056848,4.901476113240222e-06,0.0
2018-06-27,-0.008284158837718936,6.862728764855675e-05,6.862728764855675e-05
2018-06-28,0.005717456782675878,3.2689312061766407e-05,0.0
2018-06-29,0.0014401177644278729,2.0739391754207345e-06,0.0
2018-07-02,0.002137439690943266,4.568648432419644e-06,0.0
2018-07-03,-0.0035309018893857624,1.2467268152467947e-05,1.2467268152467947e-05
2018-07-05,0.008157904748357314,6.655140988327082e-05,0.0
2018-07-06,0.008458144753692443,7.1540212674415e-05,0.0
2018-07-09,0.009004374567064266,8.107876134399379e-05,0.0
2018-07-10,0.0035982838724857302,1.2947646826990903e-05,0.0
2018-07-11,-0.007314496984507812,5.350186613637388e-05,5.350186613637388e-05
2018-07-12,0.009065918452424437,8.219087738600991e-05,0.0
2018-07-13,0.0007876521703833461,6.203959415095957e-07,0.0
2018-07-16,-0.0008940410352752393,7.993093727560216e-07,7.993093727560216e-07
2018-07-17,0.004045046832010124,1.636240387315514e-05,0.0
2018-07-18,0.0021037199823104036,4.425637763972085e-06,0.0
2018-07-19,-0.0037714005751071644,1.422346229791865e-05,1.422346229791865e-05
2018-07-20,-0.0011429355760778082,1.306301731064311e-06,1.306301731064311e-06
2018-07-23,0.0018592953459815043,3.4569791835884817e-06,0.0
2018-07-24,0.005031933102248143,2.5320350745500618e-05,0.0
2018-07-25,0.008522858537316935,7.263911764711616e-05,0.0
2018-07-26,-0.002359364153150967,5.5665992071737785e-06,5.5665992071737785e-06
2018-07-27,-0.006776411921273207,4.591975852677363e-05,4.591975852677363e-05
2018-07-30,-0.005223480387927193,2.7284747363060017e-05,2.7284747363060017e-05
2018-07-31,0.004929309887997002,2.4298095971905018e-05,0.0
2018-08-01,-0.0016704926455503033,2.7905456788376513e-06,2.7905456788376513e-06
2018-08-02,0.0054474972721398895,2.967522652997154e-05,0.0
2018-08-03,0.00428508637610725,1.8361965250699966e-05,0.0
2018-08-06,0.003667008656663251,1.344695248804322e-05,0.0
2018-08-07,0.0033023754555434603,1.0905683649375878e-05,0.0
2018-08-08,-0.0004200227246777821,1.7641908924574797e-07,1.7641908924574797e-07
2018-08-09,-0.0013660096988741266,1.865982497418182e-06,1.865982497418182e-06
2018-08-10,-0.006700523658078716,4.489701729247258e-05,4.489701729247258e-05
2018-08-13,-0.0037430052976505923,1.40100886582404e-05,1.40100886582404e-05
2018-08-14,0.006380319898781961,4.070848201079305e-05,0.0
2018-08-15,-0.007467165161622713,5.575855555095196e-05,5.575855555095196e-05
2018-08-16,0.008091231553185141,6.546802804725883e-05,0.0
2018-08-17,0.0035203745682423904,1.2393037100727797e-05,0.0
2018-08-20,0.002139917018739723,4.579244847091905e-06,0.0
2018-08-21,0.0023454737147434734,5.501246946552549e-06,0.0
2018-08-22,-0.0005936332994155302,3.524004941749686e-07,3.524004941749686e-07
2018-08-23,-0.0013276906980529413,1.7627625896963064e-06,1.7627625896963064e-06
2018-08-24,0.006018250920762469,3.6219344145258305e-05,0.0
2018-08-27,0.007895447954997747,6.233809841007811e-05,0.0
2018-08-28,0.0004830429445517037,2.3333048628118032e-07,0.0
2018-08-29,0.0053805761640368654,2.895059985700167e-05,0.0
2018-08-30,-0.004048040084962512,1.63866285294633e-05,1.63866285294633e-05
2018-08-31,3.43140502618855e-05,1.1774540453752042e-09,0.0
2018-09-04,-0.0017224112332510089,2.9667004564292613e-06,2.9667004564292613e-06
2018-09-05,-0.0026916070765087285,7.244748654311865e-06,7.244748654311865e-06
2018-09-06,-0.0030100686231963047,9.060513116350898e-06,9.060513116350898e-06
2018-09-07,-0.0019433939706462455,3.77678012514418e-06,3.77678012514418e-06
2018-09-10,0.001738821538376234,3.023500342321093e-06,0.0
2018-09-11,0.003297589556251257,1.0874096881497361e-05,0.0
2018-09-12,0.00024171409277240485,5.842570264478674e-08,0.0
2018-09-13,0.0059147224878970395,3.498394210883494e-05,0.0
2018-09-14,0.00017173170506246116,2.949177852366015e-08,0.0
2018-09-17,-0.0052943294779529415,2.8029924621121467e-05,2.8029924621121467e-05
2018-09-18,0.0054261497316647755,2.9443100910445716e-05,0.0
2018-09-19,0.0010660080173945374,1.1363730931494324e-06,0.0
2018-09-20,0.008103780659626914,6.567126097934321e-05,0.0
2018-09-21,-0.0009137803667895739,8.349945587300881e-07,8.349945587300881e-07
2018-09-24,-0.003321902688275702,1.1035037470373335e-05,1.1035037470373335e-05
2018-09-25,-0.0009278044566920496,8.608211098576293e-07,8.608211098576293e-07
2018-09-26,-0.0029921717780869717,8.95309194958015e-06,8.95309194958015e-06
2018-09-27,0.002794122695189083,7.807121635770705e-06,0.0
2018-09-28,0.0001031670757740688,1.0643445523772454e-08,0.0
2018-10-01,0.003474034852947172,1.2068918159491679e-05,0.0
2018-10-02,-0.000582450982433147,3.392491469373381e-07,3.392491469373381e-07
2018-10-03,0.0005484255655285875,3.0077060092535096e-07,0.0
2018-10-04,-0.007815485612249096,6.108181535527262e-05,6.108181535527262e-05
2018-10-05,-0.005596978210290038,3.1326165086461474e-05,3.1326165086461474e-05
2018-10-08,0.0,0.0,0.0
2018-10-09,-0.0014593968994477402,2.1298393101176774e-06,2.1298393101176774e-06
2018-10-10,-0.031663077462634304,0.0010025504744047803,0.0010025504744047803
2018-10-11,-0.022026707367270748,0.00048517583744337947,0.00048517583744337947
2018-10-12,0.013888499290559908,0.00019289041254388307,0.0
2018-10-15,-0.0056169880049684595,3.1550554247959554e-05,3.1550554247959554e-05
2018-10-16,0.02186602665591586,0.00047812312171722295,0.0
2018-10-17,0.00017823467639166424,3.176759986844127e-08,0.0
2018-10-18,-0.014441165325934091,0.0002085472559709611,0.0002085472559709611
2018-10-19,-0.000542256027151522,2.9404159898215215e-07,2.9404159898215215e-07
2018-10-22,-0.0044889572459118066,2.015073715562411e-05,2.015073715562411e-05
2018-10-23,-0.005090878011760114,2.591703893062261e-05,2.591703893062261e-05
2018-10-24,-0.03029862769598235,0.0009180068402597487,0.0009180068402597487
2018-10-25,0.017940719394091698,0.00032186941237753795,0.0
2018-10-26,-0.017587551851404815,0.0003093219801258529,0.0003093219801258529
2018-10-29,-0.005540361979627262,3.069561086529931e-05,3.069561086529931e-05
2018-10-30,0.014818767152645185,0.00021959585992431586,0.0
2018-10-31,0.010680727124173561,0.00011407793190105684,0.0
2018-11-01,0.010641836517792935,0.00011324868447143127,0.0
2018-11-02,-0.005922899496506817,3.5080738445720705e-05,3.5080738445720705e-05
2018-11-05,0.005516986799263046,3.0437143343242712e-05,0.0
2018-11-06,0.006327882261415008,4.004209391433071e-05,0.0
2018-11-07,0.02140882194949767,0.0004583376572652932,0.0
2018-11-08,-0.0018149876291082556,3.294180093816007e-06,3.294180093816007e-06
2018-11-09,-0.00976779214611967,9.54097634097971e-05,9.54097634097971e-05
2018-11-12,-0.0186854657227854,0.00034914662927738806,0.00034914662927738806
2018-11-13,-0.0018711876628508817,3.5013432696053448e-06,3.5013432696053448e-06
2018-11-14,-0.0068366353654054635,4.673958311951269e-05,4.673958311951269e-05
2018-11-15,0.010436535531944013,0.00010892127390952991,0.0
2018-11-16,0.002600754003120098,6.7639213847452156e-06,0.0
2018-11-19,-0.016914606963688517,0.00028610392873606007,0.00028610392873606007
2018-11-20,-0.018506304662569195,0.00034248331226383033,0.00034248331226383033
2018-11-21,0.003407794418705423,1.1613062800159833e-05,0.0
2018-11-23,-0.006678763812400623,4.4605886061832105e-05,4.4605886061832105e-05
2018-11-26,0.016144223651691325,0.0002606359573158296,0.0
2018-11-27,0.0033644141483053502,1.1319282561317215e-05,0.0
2018-11-28,0.02302543770921539,0.0005301707817009581,0.0
2018-11-29,-0.002185212932201863,4.775155559062264e-06,4.775155559062264e-06
2018-11-30,0.006095463597700634,3.715467647089356e-05,0.0
2018-12-03,0.013241252528979341,0.00017533076853620182,0.0
2018-12-04,-0.03240215824783832,0.0010498998591179569,0.0010498998591179569
2018-12-06,-0.0015172665890089698,2.302097902122914e-06,2.302097902122914e-06
2018-12-07,-0.023235975381913243,0.0005399105519488783,0.0005399105519488783
2018-12-10,0.001897133262073858,3.599114614066997e-06,0.0
2018-12-11,0.00022693904896642358,5.15013319457848e-08,0.0
2018-12-12,0.0050354358355422235,2.535561405386281e-05,0.0
2018-12-13,-0.0003389170411352005,1.1486476077183918e-07,1.1486476077183918e-07
2018-12-14,-0.018464827924801974,0.0003409498702925468,0.0003409498702925468
2018-12-17,-0.01961821406098807,0.00038487432294275007,0.00038487432294275007
2018-12-18,-0.0010966049722792581,1.2025424652275926e-06,1.2025424652275926e-06
2018-12-19,-0.014975721354298699,0.00022427223008159806,0.00022427223008159806
2018-12-20,-0.016277957564358125,0.00026497190246704393,0.00026497190246704393
2018-12-21,-0.02048956360661247,0.00041982221678941826,0.00041982221678941826
2018-12-24,-0.02642294498815545,0.0006981720218470892,0.0006981720218470892
2018-12-26,0.050524969917078,0.002552772585121637,0.0
2018-12-27,0.007677283727754558,5.894068543644492e-05,0.0
2018-12-28,-0.0012899105616172024,1.6638692569716064e-06,1.6638692569716064e-06
2018-12-31,0.008758693012625773,7.671470328941955e-05,0.0
2019-01-02,0.0010403967266678915,1.0824253488612634e-06,0.0
2019-01-03,-0.023862802182289533,0.0005694333279910822,0.0005694333279910822
2019-01-04,0.03349587978719226,0.0011219739627180351,0.0
2019-01-07,0.007884481326006165,6.216504578013993e-05,0.0
2019-01-08,0.009395463101719237,8.827472689576766e-05,0.0
2019-01-09,0.004673402241747837,2.1840688513173708e-05,0.0
2019-01-10,0.003527625828870118,1.2444143988511586e-05,0.0
2019-01-11,0.0003862320337368885,1.49175183884533e-07,0.0
2019-01-14,-0.006100926763653702,3.722130737546604e-05,3.722130737546604e-05
2019-01-15,0.011460816592542278,0.00013135031696789238,0.0
2019-01-16,0.0024198114388060965,5.855487399376831e-06,0.0
2019-01-17,0.007586800475617883,5.7559541456835737e-05,0.0
2019-01-18,0.013310065777785152,0.00017715785100896745,0.0
2019-01-22,-0.013510607837163957,0.00018253652412963614,0.00018253652412963614
2019-01-23,0.002092631638236142,4.37910717334688e-06,0.0
2019-01-24,0.0005311795877844805,2.821517544788906e-07,0.0
2019-01-25,0.008461160049086258,7.159122937625337e-05,0.0
2019-01-28,-0.007599702373121353,5.7755476160026324e-05,5.7755476160026324e-05
2019-01-29,-0.0013269951423700022,1.7609161078735824e-06,1.7609161078735824e-06
2019-01-30,0.015830744671951003,0.00025061247686850507,0.0
2019-01-31,0.008782427648270863,7.713103539711248e-05,0.0
2019-02-01,0.0004812566460303813,2.3160795934841173e-07,0.0
2019-02-04,0.0070353717700386564,4.9496455942656855e-05,0.0
2019-02-05,0.004192046257200488,1.757325182250862e-05,0.0
2019-02-06,-0.0013182120557631016,1.7376830239591825e-06,1.7376830239591825e-06
2019-02-07,-0.009532785385843234,9.087399721254634e-05,9.087399721254634e-05
2019-02-08,0.0012211487815092514,1.4912043465815295e-06,0.0
2019-02-11,0.0005549639443709342,3.0798497955174534e-07,0.0
2019-02-12,0.012859639349978469,0.00016537032421151465,0.0
2019-02-13,0.0032464176553741453,1.0539227593124963e-05,0.0
2019-02-14,-0.002217917238198308,4.919156875497211e-06,4.919156875497211e-06
2019-02-15,0.01089734165313283,0.00011875205510510377,0.0
2019-02-19,0.0017307220568238968,2.99539883797674e-06,0.0
2019-02-20,0.002014970933846394,4.060107864245809e-06,0.0
2019-02-21,-0.0035557297130787147,1.2643213792470839e-05,1.2643213792470839e-05
2019-02-22,0.006200063328691385,3.84407852797837e-05,0.0
2019-02-25,0.0013614874010015043,1.853647943085831e-06,0.0
2019-02-26,-0.0007157297181485944,5.122690294410664e-07,5.122690294410664e-07
2019-02-27,-0.0004295377882724827,1.8450271155401617e-07,1.8450271155401617e-07
2019-02-28,-0.0018627615569902778,3.469880618200844e-06,3.469880618200844e-06
2019-03-01,0.006244071798042761,3.898843261911296e-05,0.0
2019-03-04,-0.0036374786392943115,1.3231250851322396e-05,1.3231250851322396e-05
2019-03-05,-0.0013599762594799225,1.8495354263490015e-06,1.8495354263490015e-06
2019-03-06,-0.006057161944170275,3.6689210817904624e-05,3.6689210817904624e-05
2019-03-07,-0.008365114564964138,6.997514168497516e-05,6.997514168497516e-05
2019-03-08,-0.001999930162153385,3.999720653490864e-06,3.999720653490864e-06
2019-03-11,0.014501065141623082,0.00021028089024159604,0.0
2019-03-12,0.0037712219293228877,1.4222114840205844e-05,0.0
2019-03-13,0.006619180586210582,4.3813551632867066e-05,0.0
2019-03-14,-0.0006404079404036533,4.101223301320492e-07,4.101223301320492e-07
2019-03-15,0.004940786336197878,2.4411369619959647e-05,0.0
2019-03-18,0.0036259467446315696,1.3147489794904277e-05,0.0
2019-03-19,0.00024793810473644484,6.147330378030029e-08,0.0
2019-03-20,-0.003009999435331867,9.060096600698159e-06,9.060096600698159e-06
2019-03-21,0.011295006358876813,0.00012757716864706764,0.0
2019-03-22,-0.019246236247906223,0.00037041760971021943,0.00037041760971021943
2019-03-25,-0.0007520179696172136,5.655310266271964e-07,5.655310266271964e-07
2019-03-26,0.007454086355445089,5.556340339443265e-05,0.0
2019-03-27,-0.005229290478341642,2.7345478906874555e-05,2.7345478906874555e-05
2019-03-28,0.003790419635124165,1.4367281010334807e-05,0.0
2019-03-29,0.006305549929327192,3.975995991123816e-05,0.0
2019-04-01,0.011859297666646063,0.00014064294114611675,0.0
2019-04-02,0.0004898040664906844,2.399080235508108e-07,0.0
2019-04-03,0.001573565524413345,2.476108459622246e-06,0.0
2019-04-04,0.002653391487541512,7.040486386157758e-06,0.0
2019-04-05,0.004840245065938609,2.3427972298343046e-05,0.0
2019-04-08,0.0007622156653679379,5.809727205322884e-07,0.0
2019-04-09,-0.005124807136130727,2.6263648182536422e-05,2.6263648182536422e-05
2019-04-10,0.0034109672989734996,1.1634697914666572e-05,0.0
2019-04-11,-0.0002774492762638303,7.697810089932324e-08,7.697810089932324e-08
2019-04-12,0.006765866695703782,4.577695214403361e-05,0.0
2019-04-15,-0.0006549147990376758,4.289133939985593e-07,4.289133939985593e-07
2019-04-16,0.0006553439935175209,4.294757498394925e-07,0.0
2019-04-17,-0.002446653999908177,5.986115795266682e-06,5.986115795266682e-06
2019-04-18,0.0019689765335075826,3.876868589503537e-06,0.0
2019-04-22,0.0008618131405482288,7.427218892216011e-07,0.0
2019-04-23,0.008991692694398923,8.085053751050696e-05,0.0
2019-04-24,-0.0022192511601579756,4.925075711862521e-06,4.925075711862521e-06
2019-04-25,-0.0006157571057882061,3.79156813328668e-07,3.79156813328668e-07
2019-04-26,0.004656726610305029,2.1685102723122963e-05,0.0
2019-04-29,0.0015673498567969624,2.4565855736014586e-06,0.0
2019-04-30,0.0005107297159168134,2.608448427204689e-07,0.0
2019-05-01,-0.007516566561681093,5.6498772876182324e-05,5.6498772876182324e-05
2019-05-02,-0.0021588337362814514,4.660563100906931e-06,4.660563100906931e-06
2019-05-03,0.009787909383832893,9.580317010612402e-05,0.0
2019-05-06,-0.0041156094790356645,1.6938241383928216e-05,1.6938241383928216e-05
2019-05-07,-0.016699584708398163,0.00027887612943296576,0.00027887612943296576
2019-05-08,-0.0013890989235191276,1.929595819321999e-06,1.929595819321999e-06
2019-05-09,-0.003025634616643069,9.154464833428853e-06,9.154464833428853e-06
2019-05-10,0.0050229572154092406,2.5230099187831753e-05,0.0
2019-05-13,-0.025130204250144006,0.0006315271656539558,0.0006315271656539558
2019-05-14,0.009044201146255038,8.179757437392093e-05,0.0
2019-05-15,0.005857156802040908,3.430628580369408e-05,0.0
2019-05-16,0.00926135758419755,8.577274430237347e-05,0.0
2019-05-17,-0.00646536967332445,4.180100501274351e-05,4.180100501274351e-05
2019-05-20,-0.006611828417203536,4.3716275018540215e-05,4.3716275018540215e-05
2019-05-21,0.009015691203291265,8.12826878731035e-05,0.0
2019-05-22,-0.0030717322746810494,9.435539167317213e-06,9.435539167317213e-06
2019-05-23,-0.012218303608004022,0.0001492869430573641,0.0001492869430573641
2019-05-24,0.002268276873393038,5.1450799743696965e-06,0.0
2019-05-28,-0.009300597695671375,8.65011174967277e-05,8.65011174967277e-05
2019-05-29,-0.006710777178629446,4.5034530341213785e-05,4.5034530341213785e-05
2019-05-30,0.002731410062295714,7.460600928410275e-06,0.0
2019-05-31,-0.013475242439518476,0.00018158215880379985,0.00018158215880379985
2019-06-03,-0.0025429704634164496,6.466698777808472e-06,6.466698777808472e-06
2019-06-04,0.021706414516917905,0.00047116843118026434,0.0
2019-06-05,0.008662263729133812,7.503481291306722e-05,0.0
2019-06-06,0.006503036570885801,4.2289484642278153e-05,0.0
2019-06-07,0.01000675528579209,0.00010013515134972795,0.0
2019-06-10,0.00458886588394769,2.1057690100859018e-05,0.0
2019-06-11,-0.00024247598659110636,5.879460407333039e-08,5.879460407333039e-08
2019-06-12,-0.0017649902492312686,3.1151905798814556e-06,3.1151905798814556e-06
2019-06-13,0.004126141814204454,1.7025046270926422e-05,0.0
2019-06-14,-0.0011052052669839885,1.2214786821691491e-06,1.2214786821691491e-06
2019-06-17,0.00038031631185941883,1.4464049706635072e-07,0.0
2019-06-18,0.01047109603309182,0.00010964385213423125,0.0
2019-06-19,0.0022575091363201683,5.096347500569032e-06,0.0
2019-06-20,0.009554057081426093,9.128000671514807e-05,0.0
2019-06-21,-0.0014539225372113274,2.1138907442110235e-06,2.1138907442110235e-06
2019-06-24,-0.0012238089648576311,1.4977083824659067e-06,1.4977083824659067e-06
2019-06-25,-0.009808338497777513,9.620350408698445e-05,9.620350408698445e-05
2019-06-26,-0.0009972801766763295,9.94567750791571e-07,9.94567750791571e-07
2019-06-27,0.003545688307571737,1.2571905574450929e-05,0.0
2019-06-28,0.005146511208054427,2.648657761462984e-05,0.0
2019-07-01,0.009077858966665575,8.240752341867059e-05,0.0
2019-07-02,0.0026045551764319885,6.783707667078667e-06,0.0
2019-07-03,0.007994960177420074,6.391938823853282e-05,0.0
2019-07-05,-0.001137861560063791,1.294728929870804e-06,1.294728929870804e-06
2019-07-08,-0.005494434559185968,3.01888111251771e-05,3.01888111251771e-05
2019-07-09,0.0012463431018012727,1.5533711274076177e-06,0.0
2019-07-10,0.004778203032628658,2.283122422102171e-05,0.0
2019-07-11,0.002343726389129941,5.493053387104071e-06,0.0
2019-07-12,0.0044770650075576235,2.0044111081896943e-05,0.0
2019-07-15,0.000332771182375291,1.107366598194492e-07,0.0
2019-07-16,-0.003225008515995942,1.0400679928246347e-05,1.0400679928246347e-05
2019-07-17,-0.0068051862245631645,4.631055955098426e-05,4.631055955098426e-05
2019-07-18,0.0036607261649230782,1.3400916054552428e-05,0.0
2019-07-19,-0.005554817215624008,3.085599429899286e-05,3.085599429899286e-05
2019-07-22,0.002456766594889581,6.035702101765347e-06,0.0
2019-07-23,0.007149710153938615,5.111835528533294e-05,0.0
2019-07-24,0.004699515887677919,2.2085449578537175e-05,0.0
2019-07-25,-0.004776879196041861,2.2818574853577538e-05,2.2818574853577538e-05
2019-07-26,0.006699698155867573,4.4885955379735354e-05,0.0
2019-07-29,-0.0018206565958287513,3.314790439934737e-06,3.314790439934737e-06
2019-07-30,-0.002454767759057397,6.025884750907674e-06,6.025884750907674e-06
2019-07-31,-0.010940785489524818,0.00011970078712779682,0.00011970078712779682
2019-08-01,-0.008707989501956614,7.58290811661866e-05,7.58290811661866e-05
2019-08-02,-0.00752942730153372,5.6692275489081355e-05,5.6692275489081355e-05
2019-08-05,-0.030073022850784614,0.0009043867033838135,0.0009043867033838135
2019-08-06,0.014023102338529325,0.00019664739919686663,0.0
2019-08-07,0.0005904995111467581,3.4868967266456035e-07,0.0
2019-08-08,0.01962005682492407,0.0003849466298132496,0.0
2019-08-09,-0.006811317077573209,4.639404033124044e-05,4.639404033124044e-05
2019-08-12,-0.012173610484103592,0.00014819679221867688,0.00014819679221867688
2019-08-13,0.01555191121802424,0.00024186194253330816,0.0
2019-08-14,-0.029567931166790684,0.0008742625534840719,0.0008742625534840719
2019-08-15,0.0026422012144624585,6.981227257706891e-06,0.0
2019-08-16,0.014754627637954654,0.00021769903673469533,0.0
2019-08-19,0.012048017952963841,0.00014515473659493903,0.0
2019-08-20,-0.007662523378836106,5.871426453120989e-05,5.871426453120989e-05
2019-08-21,0.008135552775763388,6.618721896723137e-05,0.0
2019-08-22,-0.00030766030234385955,9.465486163831506e-08,9.465486163831506e-08
2019-08-23,-0.02568759886137595,0.000659852735262963,0.000659852735262963
2019-08-26,0.011058021984333033,0.00012227985020599267,0.0
2019-08-27,-0.003923368618613976,1.5392821317524937e-05,1.5392821317524937e-05
2019-08-28,0.007041807951142065,4.958705922076761e-05,0.0
2019-08-29,0.012772556693371628,0.0001631382044853924,0.0
2019-08-30,-0.00044395703771260564,1.9709785133455194e-07,1.9709785133455194e-07
2019-09-03,-0.005847394942443684,3.4192027612915976e-05,3.4192027612915976e-05
2019-09-04,0.011350407112180827,0.0001288317416122451,0.0
2019-09-05,0.012855540126720744,0.0001652649119497272,0.0
2019-09-06,0.0007719653770918988,5.959305434286376e-07,0.0
2019-09-09,0.0005033976791768424,2.5340922340063116e-07,0.0
2019-09-10,-0.00023474026743164345,5.5102993153879484e-08,5.5102993153879484e-08
2019-09-11,0.007110978288399572,5.056601221809011e-05,0.0
2019-09-12,0.003463966909102778,1.1999066747359054e-05,0.0
2019-09-13,-0.0006640162110150838,4.4091752849082826e-07,4.4091752849082826e-07
2019-09-16,-0.0030887896524705027,9.540621517208848e-06,9.540621517208848e-06
2019-09-17,0.0025324010289955456,6.413054971657698e-06,0.0
2019-09-18,0.0005980010769410793,3.5760528802269063e-07,0.0
2019-09-19,-6.656699951668177e-05,4.4311654246539104e-09,4.4311654246539104e-09
2019-09-20,-0.004724775405616999,2.2323502633523276e-05,2.2323502633523276e-05
2019-09-23,-0.0002347264799217319,5.509652037644721e-08,5.509652037644721e-08
2019-09-24,-0.007847075389710967,6.157659217180753e-05,6.157659217180753e-05
2019-09-25,0.005915053029314166,3.498785233959869e-05,0.0
2019-09-26,-0.002083309546744183,4.340178667555454e-06,4.340178667555454e-06
2019-09-27,-0.005387199589650282,2.902191941872817e-05,2.902191941872817e-05
2019-09-30,0.004638135880080663,2.1512304442091623e-05,0.0
2019-10-01,-0.011895121496914296,0.0001414939154263526,0.0001414939154263526
2019-10-02,-0.017664859419665446,0.00031204725831654304,0.00031204725831654304
2019-10-03,0.008192952218037286,6.712446604704208e-05,0.0
2019-10-04,0.013532409223428354,0.0001831260993903288,0.0
2019-10-07,-0.004314862673066022,1.861803988741846e-05,1.861803988741846e-05
2019-10-08,-0.015524940650298191,0.00024102378219528122,0.00024102378219528122
2019-10-09,0.009496561328504072,9.018467706603902e-05,0.0
2019-10-10,0.00676343914868438,4.574410911795649e-05,0.0
2019-10-11,0.01036687821648763,0.00010747216395548573,0.0
2019-10-14,-0.0011135347847894828,1.2399597169361596e-06,1.2399597169361596e-06
2019-10-15,0.009900430688288386,9.801852781360246e-05,0.0
2019-10-16,-0.0016062411626623918,2.5800106726310324e-06,2.5800106726310324e-06
2019-10-17,0.0029488553876988455,8.695748097560508e-06,0.0
2019-10-18,-0.004376552354610097,1.9154210512643186e-05,1.9154210512643186e-05
2019-10-21,0.006778918857458072,4.595374087600065e-05,0.0
2019-10-22,-0.0032667658390141963,1.0671759046950126e-05,1.0671759046950126e-05
2019-10-23,0.002909420775809579,8.464729250712413e-06,0.0
2019-10-24,0.001634094538287334,2.670264960060495e-06,0.0
2019-10-25,0.004094869058950845,1.676795260995298e-05,0.0
2019-10-28,0.005636793705175114,3.1773443274701784e-05,0.0
2019-10-29,-0.00029684367320303995,8.811616632067317e-08,8.811616632067317e-08
2019-10-30,0.0030670748554455507,9.406948168906346e-06,0.0
2019-10-31,-0.00266299815339055,7.0915591649614795e-06,7.0915591649614795e-06
2019-11-01,0.009263911617662268,8.582005845985794e-05,0.0
2019-11-04,0.004017250195867517,1.61382991361976e-05,0.0
2019-11-05,-0.0011058676441823012,1.2229432464493128e-06,1.2229432464493128e-06
2019-11-06,0.00022781789033410327,5.1900991156281506e-08,0.0
2019-11-07,0.003517171573532263,1.2370495877663415e-05,0.0
2019-11-08,0.0024660768417272827,6.0815349893036095e-06,0.0
2019-11-11,-0.001909941124850545,3.6478751003953646e-06,3.6478751003953646e-06
2019-11-12,0.002107923409024659,4.44334109831414e-06,0.0
2019-11-13,0.00032381476880627424,1.0485600449706083e-07,0.0
2019-11-14,0.0014554974471649995,2.1184728187038306e-06,0.0
2019-11-15,0.007236368809934168,5.236503355338805e-05,0.0
2019-11-18,0.0007377642495220993,5.442960878729064e-07,0.0
2019-11-19,-0.00028854785273924044,8.325986332042638e-08,8.325986332042638e-08
2019-11-20,-0.0037186605746369894,1.3828436469359504e-05,1.3828436469359504e-05
2019-11-21,-0.0016087697220443786,2.588140018566747e-06,2.588140018566747e-06
2019-11-22,0.0022238097282891722,4.945329707633562e-06,0.0
2019-11-25,0.007750159047532401,6.006496526204834e-05,0.0
2019-11-26,0.0022653701877928256,5.131902087740502e-06,0.0
2019-11-27,0.004457834074306,1.987228463404363e-05,0.0
2019-11-29,-0.0037085951745498003,1.3753678168694064e-05,1.3753678168694064e-05
2019-12-02,-0.008494779166676958,7.216127309060887e-05,7.216127309060887e-05
2019-12-03,-0.006706768586201117,4.498074486885413e-05,4.498074486885413e-05
2019-12-04,0.006170461107520175,3.807459027941911e-05,0.0
2019-12-05,0.0017979167110007133,3.2325044996956223e-06,0.0
2019-12-06,0.009134113828677348,8.343203543523477e-05,0.0
2019-12-09,-0.0031444420640183157,9.887515893967765e-06,9.887515893967765e-06
2019-12-10,-0.0011148738057392693,1.242943602723562e-06,1.242943602723562e-06
2019-12-11,0.0028388525434208667,8.059083763287124e-06,0.0
2019-12-12,0.008618607670693557,7.428039818133781e-05,0.0
2019-12-13,0.0005994119397554343,3.592946735213724e-07,0.0
2019-12-16,0.00687002302377504,4.719721634719915e-05,0.0
2019-12-17,0.00021924212987101122,4.806711151037735e-08,0.0
2019-12-18,6.21155154871822e-05,3.858337264238371e-09,0.0
2019-12-19,0.004099474661707347,1.680569250198057e-05,0.0
2019-12-20,0.004384164627185161,1.92208994782616e-05,0.0
2019-12-23,0.0015274882646039156,2.333220398502682e-06,0.0
2019-12-24,3.147665536973321e-05,9.907798332649545e-10,0.0
2019-12-26,0.005323035162903222,2.8334703345504136e-05,0.0
2019-12-27,-0.0002477765681535571,6.139322772595431e-08,6.139322772595431e-08
2019-12-30,-0.0055130987555526145,3.0394257888475786e-05,3.0394257888475786e-05
2019-12-31,0.0024293468604303925,5.9017261682830045e-06,0.0
